status,ticket_id,priority,source,topic,agent_group,agent_name,created_time,expected_sla_to_resolve,expected_sla_to_first_response,first_response_time,sla_for_first_response,resolution_time,sla_for_resolution,close_time,agent_interactions,survey_results,product_group,support_level,country,latitude,longitude,first_response_hours,resolution_hours,frt_data_issue,interactions_outlier,is_open,sla_resolution_clean
Closed,1012,Low,Email,Feature request,1st line support,Kristos Westoll,2023-01-02 00:58:36,2023-01-04 00:58:36,2023-01-02 01:58:36,2023-01-02 01:03:17.432,Within SLA,2023-01-04 00:31:51.694,Within SLA,2023-01-04 04:02:59.013,1,3.0,Custom software development,Tier 1,Republic of Ireland,53.094024,-8.019675,0.07817555555555555,47.554359444444444,False,False,False,Within SLA
In progress,1013,High,Phone,Product setup,2nd line support,Adolpho Messingham,2023-01-02 07:27:25,2023-01-04 07:27:25,2023-01-02 07:29:25,2023-01-02 07:27:43.231,Within SLA,,SLA Violated,,3,,Other,Tier 2,Italy,43.036776,12.678565,0.005064166666666667,,False,False,True,
Resolved,1014,Low,Chat,Purchasing and invoicing,1st line support,Bernard Beckley,2023-01-02 06:59:04,2023-01-03 06:59:04,2023-01-02 07:01:04,2023-01-02 06:59:57.471,Within SLA,2023-01-02 22:45:32.974,Within SLA,,2,,Custom software development,Tier 1,Austria,47.6964719,13.3457347,0.014853055555555555,15.774715,False,False,False,Within SLA
Closed,1015,Medium,Email,Pricing and licensing,1st line support,Connor Danielovitch,2023-01-03 03:09:39,2023-01-05 03:09:39,2023-01-03 04:09:39,2023-01-03 07:09:15.835,SLA Violated,2023-01-04 14:32:34.979,Within SLA,2023-01-08 04:24:54.771,10,4.0,Ready to use Software,Tier 1,Spain,39.67337,-4.767726,3.9935652777777775,35.38221638888889,False,False,False,Within SLA
Closed,1016,Low,Email,Product setup,1st line support,Kristos Westoll,2023-01-03 00:03:58,2023-01-05 00:03:58,2023-01-03 01:03:58,2023-01-03 00:08:01.684,Within SLA,2023-01-04 12:03:05.986,Within SLA,2023-01-06 06:05:08.637,1,2.0,Other,Tier 1,Austria,47.6964719,13.3457347,0.06769,35.985551666666666,False,False,False,Within SLA
Closed,1017,Low,Email,Purchasing and invoicing,1st line support,Sheela Cutten,2023-01-03 14:25:42,2023-01-05 14:25:42,2023-01-03 15:25:42,2023-01-03 14:45:14.430,Within SLA,2023-01-04 01:55:56.533,Within SLA,2023-01-10 16:41:07.865,2,2.0,Ready to use Software,Tier 1,Greece,39.368279,21.863141,0.325675,11.504036944444445,False,False,False,Within SLA
Closed,1018,Low,Phone,Product setup,1st line support,Kristos Westoll,2023-01-03 15:32:02,2023-01-05 15:32:02,2023-01-03 15:34:02,2023-01-03 15:34:00.278,Within SLA,2023-01-05 03:51:37.031,Within SLA,2023-01-07 21:52:35.202,2,3.0,Ready to use Software,Tier 1,Republic of Ireland,53.094024,-8.019675,0.032855,36.3263975,False,False,False,Within SLA
Resolved,1019,Medium,Chat,Pricing and licensing,2nd line support,Michele Whyatt,2023-01-03 00:38:48,2023-01-04 00:38:48,2023-01-03 00:40:48,2023-01-03 00:39:30.256,Within SLA,2023-01-05 12:47:55.793,SLA Violated,,2,,Training and Consulting Services,Tier 2,Poland,52.536273,19.050639,0.011737777777777778,60.152164722222224,False,False,False,SLA Violated
Resolved,1020,Medium,Chat,Product setup,1st line support,Kristos Westoll,2023-01-03 09:37:54,2023-01-04 09:37:54,2023-01-03 09:39:54,2023-01-03 09:41:55.452,SLA Violated,2023-01-03 20:31:37.896,Within SLA,,6,,Other,Tier 1,Germany,51.165691,10.451526,0.06707,10.895526666666667,False,False,False,Within SLA
Closed,1021,Low,Email,Product setup,1st line support,Bernard Beckley,2023-01-03 09:27:35,2023-01-05 09:27:35,2023-01-03 10:27:35,2023-01-03 10:24:48.183,Within SLA,2023-01-04 10:16:32.492,Within SLA,2023-01-07 20:25:29.487,1,4.0,Training and Consulting Services,Tier 1,Czech Republic,49.8037633,15.4749126,0.9536619444444444,24.81597,False,False,False,Within SLA
Closed,1024,Medium,Chat,Other,1st line support,Bernard Beckley,2023-01-03 16:41:11,2023-01-04 16:41:11,2023-01-03 16:43:11,2023-01-03 16:43:40.942,SLA Violated,2023-01-03 23:52:18.292,Within SLA,2023-01-06 00:38:58.704,60,5.0,Custom software development,Tier 1,Czech Republic,49.8037633,15.4749126,0.04165055555555556,7.1853588888888895,False,True,False,Within SLA
Closed,1025,Low,Chat,Bug report,1st line support,Sheela Cutten,2023-01-03 04:50:04,2023-01-04 04:50:04,2023-01-03 04:52:04,2023-01-03 04:50:05.187,Within SLA,2023-01-07 13:17:12.368,SLA Violated,2023-01-09 05:37:59.166,3,3.0,Custom software development,Tier 1,Poland,52.536273,19.050639,0.00032972222222222224,104.45232444444444,False,False,False,SLA Violated
Closed,1026,Low,Chat,Bug report,1st line support,Nicola Wane,2023-01-04 10:49:27,2023-01-05 10:49:27,2023-01-04 10:51:27,2023-01-04 10:50:41.566,Within SLA,2023-01-04 23:37:37.290,Within SLA,2023-01-05 12:53:53.016,2,4.0,Ready to use Software,Tier 1,Bulgaria,42.7249925,25.4833039,0.020712777777777778,12.802858333333333,False,False,False,Within SLA
Resolved,1027,Low,Chat,Training request,1st line support,Bernard Beckley,2023-01-04 07:27:56,2023-01-05 07:27:56,2023-01-04 07:29:56,2023-01-04 07:28:51.784,Within SLA,2023-01-05 04:41:40.506,Within SLA,,3,,Training and Consulting Services,Tier 1,United Kingdom,55.378052,-3.435973,0.015495555555555556,21.229029444444443,False,False,False,Within SLA
Resolved,1028,Low,Chat,Bug report,1st line support,Kristos Westoll,2023-01-04 21:46:12,2023-01-05 21:46:12,2023-01-04 21:48:12,2023-01-04 21:46:51.236,Within SLA,2023-01-05 13:28:20.309,Within SLA,,2,,Ready to use Software,Tier 1,Bulgaria,42.7249925,25.4833039,0.010898888888888889,15.702308055555555,False,False,False,Within SLA
Closed,1029,Medium,Chat,Feature request,1st line support,Bernard Beckley,2023-01-04 09:12:41,2023-01-05 09:12:41,2023-01-04 09:14:41,2023-01-04 09:13:35.162,Within SLA,2023-01-05 07:45:18.346,Within SLA,2023-01-06 23:18:19.761,60,5.0,Custom software development,Tier 1,Germany,51.165691,10.451526,0.015045,22.543707222222224,False,True,False,Within SLA
Closed,1030,Medium,Chat,Feature request,1st line support,Connor Danielovitch,2023-01-04 19:36:58,2023-01-05 19:36:58,2023-01-04 19:38:58,2023-01-04 19:37:55.723,Within SLA,2023-01-05 02:24:20.008,Within SLA,2023-01-11 06:16:49.063,5,4.0,Ready to use Software,Tier 1,Germany,51.165691,10.451526,0.016034166666666665,6.7894466666666675,False,False,False,Within SLA
In progress,1031,Low,Email,Feature request,1st line support,Kristos Westoll,2023-01-04 18:08:24,2023-01-06 18:08:24,2023-01-04 19:08:24,2023-01-04 18:13:04.107,Within SLA,,SLA Violated,,4,,Ready to use Software,Tier 1,United Kingdom,55.378052,-3.435973,0.0778075,,False,False,True,
Resolved,1032,Low,Email,Product setup,2nd line support,Heather Urry,2023-01-04 12:47:17,2023-01-06 12:47:17,2023-01-04 13:47:17,2023-01-04 13:20:44.142,Within SLA,2023-01-05 07:54:03.448,Within SLA,,2,,Other,Tier 2,Germany,51.165691,10.451526,0.5575394444444445,19.112902222222225,False,False,False,Within SLA
In progress,1034,Low,Chat,Other,1st line support,Connor Danielovitch,2023-01-04 19:06:20,2023-01-05 19:06:20,2023-01-04 19:08:20,2023-01-04 19:07:35.320,Within SLA,,SLA Violated,,9,,Training and Consulting Services,Tier 1,Germany,51.165691,10.451526,0.02092222222222222,,False,False,True,
In progress,1035,High,Email,Training request,1st line support,Connor Danielovitch,2023-01-04 05:27:57,2023-01-06 05:27:57,2023-01-04 06:27:57,2023-01-04 06:07:00.171,Within SLA,,SLA Violated,,7,,Training and Consulting Services,Tier 1,Germany,51.165691,10.451526,0.6508808333333332,,False,False,True,
Resolved,1037,Low,Email,Product setup,1st line support,Sheela Cutten,2023-01-05 12:10:27,2023-01-07 12:10:27,2023-01-05 13:10:27,2023-01-05 12:34:20.255,Within SLA,2023-01-07 11:23:15.054,Within SLA,,1,,Custom software development,Tier 1,Poland,52.536273,19.050639,0.3981263888888889,47.213348333333336,False,False,False,Within SLA
Closed,1038,High,Chat,Other,1st line support,Bernard Beckley,2023-01-05 04:18:55,2023-01-06 04:18:55,2023-01-05 04:20:55,2023-01-05 04:19:42.046,Within SLA,2023-01-05 19:22:17.161,Within SLA,2023-01-12 18:08:53.602,3,3.0,Other,Tier 1,Italy,43.036776,12.678565,0.013068333333333333,15.056155833333333,False,False,False,Within SLA
Resolved,1039,Medium,Chat,Purchasing and invoicing,2nd line support,Adolpho Messingham,2023-01-05 05:16:19,2023-01-06 05:16:19,2023-01-05 05:18:19,2023-01-05 05:18:00.531,Within SLA,2023-01-05 07:37:10.835,Within SLA,,3,,Custom software development,Tier 2,Poland,52.536273,19.050639,0.028203055555555558,2.347731944444444,False,False,False,Within SLA
In progress,1040,High,Chat,Bug report,2nd line support,Heather Urry,2023-01-05 14:30:37,2023-01-06 14:30:37,2023-01-05 14:32:37,2023-01-05 14:31:02.365,Within SLA,,SLA Violated,,6,,Ready to use Software,Tier 2,Poland,52.536273,19.050639,0.007045833333333333,,False,False,True,
Closed,1041,Low,Chat,Product setup,1st line support,Bernard Beckley,2023-01-05 02:59:54,2023-01-06 02:59:54,2023-01-05 03:01:54,2023-01-05 03:04:27.475,SLA Violated,2023-01-05 21:50:51.227,Within SLA,2023-01-06 11:37:32.085,8,2.0,Ready to use Software,Tier 1,Germany,51.165691,10.451526,0.07596527777777778,18.849229722222223,False,False,False,Within SLA
Closed,1043,High,Email,Pricing and licensing,1st line support,Connor Danielovitch,2023-01-05 03:31:45,2023-01-07 03:31:45,2023-01-05 04:31:45,2023-01-05 04:02:04.982,Within SLA,2023-01-06 17:14:14.261,Within SLA,2023-01-09 18:40:33.584,3,5.0,Custom software development,Tier 1,Italy,43.036776,12.678565,0.5055505555555555,37.708128055555555,False,False,False,Within SLA
Closed,1044,Low,Chat,Product setup,1st line support,Kristos Westoll,2023-01-06 20:45:42,2023-01-07 20:45:42,2023-01-06 20:47:42,2023-01-06 20:47:41.330,Within SLA,2023-01-07 00:07:32.803,Within SLA,2023-01-13 23:39:58.864,3,2.0,Custom software development,Tier 1,Italy,43.036776,12.678565,0.033147222222222224,3.3641119444444443,False,False,False,Within SLA
Resolved,1045,Medium,Email,Bug report,1st line support,Kristos Westoll,2023-01-06 20:14:59,2023-01-08 20:14:59,2023-01-06 21:14:59,2023-01-06 20:58:29.786,Within SLA,2023-01-08 07:15:33.362,Within SLA,,4,,Ready to use Software,Tier 1,Slovenia,46.1491664,14.9860106,0.7252183333333333,35.009544999999996,False,False,False,Within SLA
Resolved,1046,High,Email,Bug report,1st line support,Sheela Cutten,2023-01-06 15:11:41,2023-01-08 15:11:41,2023-01-06 16:11:41,2023-01-06 15:35:55.110,Within SLA,2023-01-07 06:22:47.483,Within SLA,,1,,Custom software development,Tier 1,Poland,52.536273,19.050639,0.40391944444444444,15.185134166666666,False,False,False,Within SLA
In progress,1047,Low,Email,Pricing and licensing,1st line support,Bernard Beckley,2023-01-06 03:15:21,2023-01-08 03:15:21,2023-01-06 04:15:21,2023-01-06 04:07:57.717,Within SLA,,SLA Violated,,1,,Training and Consulting Services,Tier 1,Greece,39.368279,21.863141,0.8768658333333333,,False,False,True,
In progress,1048,Low,Chat,Pricing and licensing,1st line support,Bernard Beckley,2023-01-06 23:55:57,2023-01-07 23:55:57,2023-01-06 23:57:57,2023-01-06 23:56:15.157,Within SLA,,SLA Violated,,8,,Ready to use Software,Tier 1,Greece,39.368279,21.863141,0.005043611111111111,,False,False,True,
Closed,1049,Medium,Chat,Pricing and licensing,1st line support,Sheela Cutten,2023-01-06 12:05:00,2023-01-07 12:05:00,2023-01-06 12:07:00,2023-01-06 12:06:37.265,Within SLA,2023-01-11 05:34:05.275,SLA Violated,2023-01-11 20:40:58.211,3,4.0,Custom software development,Tier 1,Poland,52.536273,19.050639,0.027018055555555556,113.48479861111112,False,False,False,SLA Violated
Closed,1050,Low,Email,Product setup,1st line support,Nicola Wane,2023-01-07 01:13:52,2023-01-09 01:13:52,2023-01-07 02:13:52,2023-01-07 01:33:11.308,Within SLA,2023-01-12 02:26:01.957,SLA Violated,2023-01-14 00:42:18.528,6,4.0,Training and Consulting Services,Tier 1,Spain,39.67337,-4.767726,0.32203,121.20276583333333,False,False,False,SLA Violated
Closed,1054,High,Email,Purchasing and invoicing,2nd line support,Michele Whyatt,2023-01-07 05:28:54,2023-01-09 05:28:54,2023-01-07 06:28:54,2023-01-07 06:09:50.229,Within SLA,2023-01-08 08:30:22.633,Within SLA,2023-01-14 16:18:51.456,2,5.0,Custom software development,Tier 2,Italy,43.036776,12.678565,0.6822858333333333,27.024620277777778,False,False,False,Within SLA
Closed,1055,High,Email,Bug report,1st line support,Connor Danielovitch,2023-01-07 18:09:17,2023-01-09 18:09:17,2023-01-07 19:09:17,2023-01-07 19:04:58.137,Within SLA,2023-01-09 13:07:23.232,Within SLA,2023-01-12 22:16:01.046,8,4.0,Ready to use Software,Tier 1,Republic of Ireland,53.094024,-8.019675,0.9280936111111111,42.968397777777774,False,False,False,Within SLA
Resolved,1056,Low,Email,Bug report,1st line support,Kristos Westoll,2023-01-07 00:13:20,2023-01-09 00:13:20,2023-01-07 01:13:20,2023-01-07 00:19:13.578,Within SLA,2023-01-08 13:56:19.524,Within SLA,,8,,Custom software development,Tier 1,Germany,51.165691,10.451526,0.0982161111111111,37.71653444444445,False,False,False,Within SLA
Closed,1057,Medium,Email,Feature request,1st line support,Bernard Beckley,2023-01-07 09:55:14,2023-01-09 09:55:14,2023-01-07 10:55:14,2023-01-07 10:35:51.009,Within SLA,2023-01-09 01:35:54.021,Within SLA,2023-01-09 09:28:09.839,7,5.0,Ready to use Software,Tier 1,Germany,51.165691,10.451526,0.6769469444444445,39.67778361111111,False,False,False,Within SLA
In progress,1058,Medium,Email,Pricing and licensing,1st line support,Bernard Beckley,2023-01-08 13:39:52,2023-01-10 13:39:52,2023-01-08 14:39:52,2023-01-08 14:36:27.207,Within SLA,,SLA Violated,,10,,Ready to use Software,Tier 1,France,48.864716,2.349014,0.9431130555555555,,False,False,True,
In progress,1062,Low,Chat,Pricing and licensing,1st line support,Nicola Wane,2023-01-08 19:35:27,2023-01-09 19:35:27,2023-01-08 19:37:27,2023-01-08 19:36:35.285,Within SLA,,SLA Violated,,60,,Custom software development,Tier 1,Republic of Ireland,53.094024,-8.019675,0.018968055555555554,,False,True,True,
Closed,1063,Low,Phone,Feature request,1st line support,Kristos Westoll,2023-01-08 04:56:45,2023-01-10 04:56:45,2023-01-08 04:58:45,2023-01-08 05:01:41.476,SLA Violated,2023-01-08 08:51:45.370,Within SLA,2023-01-12 04:26:34.100,2,1.0,Ready to use Software,Tier 1,United Kingdom,55.378052,-3.435973,0.08235444444444444,3.9167694444444447,False,False,False,Within SLA
Closed,1064,High,Chat,Other,1st line support,Connor Danielovitch,2023-01-08 10:58:22,2023-01-09 10:58:22,2023-01-08 11:00:22,2023-01-08 10:59:35.789,Within SLA,2023-01-08 17:42:49.306,Within SLA,2023-01-10 20:07:57.409,5,5.0,Ready to use Software,Tier 1,United Kingdom,55.378052,-3.435973,0.020496944444444446,6.740918333333333,False,False,False,Within SLA
Closed,1065,Medium,Chat,Product setup,1st line support,Sheela Cutten,2023-01-08 01:00:01,2023-01-09 01:00:01,2023-01-08 01:02:01,2023-01-08 01:01:24.891,Within SLA,2023-01-08 04:07:23.580,Within SLA,2023-01-10 14:51:41.345,3,3.0,Ready to use Software,Tier 1,United Kingdom,55.378052,-3.435973,0.023303055555555556,3.1229388888888887,False,False,False,Within SLA
Resolved,1066,Medium,Chat,Product setup,1st line support,Sheela Cutten,2023-01-09 14:16:59,2023-01-10 14:16:59,2023-01-09 14:18:59,2023-01-09 14:17:22.391,Within SLA,2023-01-10 06:21:28.868,Within SLA,,6,,Ready to use Software,Tier 1,Spain,39.67337,-4.767726,0.0064975,16.074963333333333,False,False,False,Within SLA
Resolved,1067,Low,Email,Product setup,1st line support,Sheela Cutten,2023-01-09 15:09:10,2023-01-11 15:09:10,2023-01-09 16:09:10,2023-01-09 15:37:18.542,Within SLA,2023-01-11 01:02:32.459,Within SLA,,3,,Custom software development,Tier 1,Germany,51.165691,10.451526,0.4690394444444444,33.88957194444445,False,False,False,Within SLA
Closed,1068,Low,Email,Product setup,1st line support,Kristos Westoll,2023-01-09 14:10:12,2023-01-11 14:10:12,2023-01-09 15:10:12,2023-01-09 14:48:04.246,Within SLA,2023-01-10 19:32:16.928,Within SLA,2023-01-10 23:22:09.144,3,1.0,Ready to use Software,Tier 1,Greece,39.368279,21.863141,0.6311794444444445,29.368035555555554,False,False,False,Within SLA
Closed,1069,Medium,Email,Pricing and licensing,2nd line support,Heather Urry,2023-01-09 17:25:30,2023-01-11 17:25:30,2023-01-09 18:25:30,2023-01-09 17:57:41.562,Within SLA,2023-01-10 12:39:05.914,Within SLA,2023-01-15 09:04:12.484,2,5.0,Custom software development,Tier 2,Poland,52.536273,19.050639,0.5365449999999999,19.22664277777778,False,False,False,Within SLA
Resolved,1070,High,Email,Pricing and licensing,2nd line support,Adolpho Messingham,2023-01-09 18:55:21,2023-01-11 18:55:21,2023-01-09 19:55:21,2023-01-09 19:32:12.017,Within SLA,2023-01-15 17:10:06.485,SLA Violated,,1,,Custom software development,Tier 2,Germany,51.165691,10.451526,0.6141713888888889,142.24596805555555,False,False,False,SLA Violated
Closed,1071,Medium,Email,Training request,2nd line support,Michele Whyatt,2023-01-09 11:56:11,2023-01-11 11:56:11,2023-01-09 12:56:11,2023-01-09 12:16:08.154,Within SLA,2023-01-10 16:04:07.277,Within SLA,2023-01-12 10:45:03.468,1,4.0,Training and Consulting Services,Tier 2,Republic of Ireland,53.094024,-8.019675,0.3325427777777778,28.132299166666666,False,False,False,Within SLA
Closed,1072,High,Email,Feature request,1st line support,Sheela Cutten,2023-01-09 20:14:31,2023-01-11 20:14:31,2023-01-09 21:14:31,2023-01-09 20:29:39.010,Within SLA,2023-01-09 20:44:54.124,Within SLA,2023-01-12 00:24:18.715,1,5.0,Custom software development,Tier 1,Germany,51.165691,10.451526,0.252225,0.5064233333333333,False,False,False,Within SLA
Closed,1073,Medium,Email,Pricing and licensing,1st line support,Kristos Westoll,2023-01-09 09:10:39,2023-01-11 09:10:39,2023-01-09 10:10:39,2023-01-09 09:17:01.493,Within SLA,2023-01-09 21:58:19.008,Within SLA,2023-01-11 01:48:08.451,7,3.0,Ready to use Software,Tier 1,Greece,39.368279,21.863141,0.10624805555555555,12.794446666666667,False,False,False,Within SLA
Closed,1074,Low,Chat,Pricing and licensing,1st line support,Nicola Wane,2023-01-09 06:50:00,2023-01-10 06:50:00,2023-01-09 06:52:00,2023-01-09 06:54:53.804,SLA Violated,2023-01-09 22:42:49.505,Within SLA,2023-01-13 01:00:44.792,3,4.0,Ready to use Software,Tier 1,Slovenia,46.1491664,14.9860106,0.08161222222222221,15.880418055555555,False,False,False,Within SLA
Closed,1075,High,Email,Product setup,1st line support,Kristos Westoll,2023-01-09 21:50:02,2023-01-11 21:50:02,2023-01-09 22:50:02,2023-01-10 00:25:12.140,SLA Violated,2023-01-11 09:54:57.984,Within SLA,2023-01-16 14:36:36.530,5,2.0,Ready to use Software,Tier 1,Czech Republic,49.8037633,15.4749126,2.58615,36.08221777777778,False,False,False,Within SLA
Closed,1076,Low,Phone,Product setup,1st line support,Bernard Beckley,2023-01-09 02:55:23,2023-01-11 02:55:23,2023-01-09 02:57:23,2023-01-09 02:55:31.714,Within SLA,2023-01-10 22:20:44.266,Within SLA,2023-01-12 19:40:46.559,3,5.0,Ready to use Software,Tier 1,Germany,51.165691,10.451526,0.0024205555555555556,43.42257388888889,False,False,False,Within SLA
Resolved,1077,Low,Email,Pricing and licensing,1st line support,Sheela Cutten,2023-01-10 02:10:01,2023-01-12 02:10:01,2023-01-10 03:10:01,2023-01-10 02:35:28.295,Within SLA,2023-01-11 21:39:27.481,Within SLA,,2,,Ready to use Software,Tier 1,Bulgaria,42.7249925,25.4833039,0.4242486111111111,43.49068916666667,False,False,False,Within SLA
Closed,1078,Low,Email,Pricing and licensing,1st line support,Sheela Cutten,2023-01-10 13:46:53,2023-01-12 13:46:53,2023-01-10 14:46:53,2023-01-10 13:50:11.579,Within SLA,2023-01-12 06:52:28.486,Within SLA,2023-01-16 01:36:05.298,7,2.0,Ready to use Software,Tier 1,Germany,51.165691,10.451526,0.05516083333333333,41.09319055555556,False,False,False,Within SLA
Resolved,1079,Low,Email,Product setup,1st line support,Kristos Westoll,2023-01-10 09:42:12,2023-01-12 09:42:12,2023-01-10 10:42:12,2023-01-10 10:30:03.208,Within SLA,2023-01-12 01:12:10.641,Within SLA,,2,,Other,Tier 1,Germany,51.165691,10.451526,0.7975577777777778,39.4996225,False,False,False,Within SLA
Closed,1080,Low,Chat,Product setup,1st line support,Kristos Westoll,2023-01-10 03:17:26,2023-01-11 03:17:26,2023-01-10 03:19:26,2023-01-10 03:17:37.264,Within SLA,2023-01-10 13:22:15.933,Within SLA,2023-01-11 12:32:23.705,3,3.0,Training and Consulting Services,Tier 1,Spain,39.67337,-4.767726,0.0031288888888888885,10.080536944444443,False,False,False,Within SLA
In progress,1081,Medium,Chat,Product setup,1st line support,Bernard Beckley,2023-01-10 04:29:04,2023-01-11 04:29:04,2023-01-10 04:31:04,2023-01-10 04:29:36.431,Within SLA,,SLA Violated,,3,,Custom software development,Tier 1,Austria,47.6964719,13.3457347,0.00900861111111111,,False,False,True,
Closed,1082,Low,Phone,Product setup,1st line support,Connor Danielovitch,2023-01-10 20:59:34,2023-01-12 20:59:34,2023-01-10 21:01:34,2023-01-10 21:00:37.516,Within SLA,2023-01-12 17:31:37.329,Within SLA,2023-01-12 14:16:45.427,5,5.0,Custom software development,Tier 1,Poland,52.536273,19.050639,0.017643333333333334,44.534258055555554,False,False,False,Within SLA
Resolved,1083,Low,Phone,Pricing and licensing,1st line support,Sheela Cutten,2023-01-10 23:30:30,2023-01-12 23:30:30,2023-01-10 23:32:30,2023-01-10 23:31:12.529,Within SLA,2023-01-12 00:58:23.880,Within SLA,,1,,Ready to use Software,Tier 1,Poland,52.536273,19.050639,0.011813611111111112,25.46496666666667,False,False,False,Within SLA
Resolved,1084,Medium,Email,Other,1st line support,Connor Danielovitch,2023-01-10 10:14:54,2023-01-12 10:14:54,2023-01-10 11:14:54,2023-01-10 11:06:44.788,Within SLA,2023-01-11 20:40:17.303,Within SLA,,7,,Other,Tier 1,United Kingdom,55.378052,-3.435973,0.8641077777777778,34.423139722222224,False,False,False,Within SLA
Closed,1085,High,Chat,Product setup,1st line support,Bernard Beckley,2023-01-10 07:30:22,2023-01-11 07:30:22,2023-01-10 07:32:22,2023-01-10 07:31:47.767,Within SLA,2023-01-10 10:50:31.437,Within SLA,2023-01-14 06:35:29.874,4,5.0,Ready to use Software,Tier 1,Germany,51.165691,10.451526,0.023824166666666667,3.335954722222222,False,False,False,Within SLA
Resolved,1086,Medium,Email,Purchasing and invoicing,1st line support,Nicola Wane,2023-01-10 17:16:11,2023-01-12 17:16:11,2023-01-10 18:16:11,2023-01-10 17:44:04.661,Within SLA,2023-01-12 07:22:02.841,Within SLA,,10,,Ready to use Software,Tier 1,Germany,51.165691,10.451526,0.46490583333333335,38.09773361111111,False,False,False,Within SLA
Closed,1087,Low,Email,Feature request,2nd line support,Adolpho Messingham,2023-01-11 19:17:35,2023-01-13 19:17:35,2023-01-11 20:17:35,2023-01-11 19:18:54.285,Within SLA,2023-01-11 20:05:34.343,Within SLA,2023-01-15 01:15:04.648,8,5.0,Ready to use Software,Tier 2,Italy,43.036776,12.678565,0.022023611111111112,0.7998175,False,False,False,Within SLA
Closed,1088,Low,Chat,Purchasing and invoicing,1st line support,Nicola Wane,2023-01-11 11:24:14,2023-01-12 11:24:14,2023-01-11 11:26:14,2023-01-11 11:25:37.140,Within SLA,2023-01-11 20:49:43.338,Within SLA,2023-01-13 04:59:59.615,8,4.0,Training and Consulting Services,Tier 1,Spain,39.67337,-4.767726,0.023094444444444445,9.424816111111111,False,False,False,Within SLA
Resolved,1090,Low,Chat,Feature request,1st line support,Bernard Beckley,2023-01-11 00:49:24,2023-01-12 00:49:24,2023-01-11 00:51:24,2023-01-11 00:50:15.651,Within SLA,2023-01-11 14:39:13.211,Within SLA,,4,,Ready to use Software,Tier 1,Italy,43.036776,12.678565,0.014347500000000001,13.83033638888889,False,False,False,Within SLA
Resolved,1092,Medium,Chat,Pricing and licensing,1st line support,Bernard Beckley,2023-01-11 12:31:52,2023-01-12 12:31:52,2023-01-11 12:33:52,2023-01-11 12:31:53.202,Within SLA,2023-01-12 12:24:20.970,Within SLA,,3,,Custom software development,Tier 1,Germany,51.165691,10.451526,0.0003338888888888889,23.874713888888888,False,False,False,Within SLA
Resolved,1093,Low,Email,Product setup,1st line support,Sheela Cutten,2023-01-11 13:45:35,2023-01-13 13:45:35,2023-01-11 14:45:35,2023-01-11 14:12:45.316,Within SLA,2023-01-12 00:00:02.086,Within SLA,,8,,Custom software development,Tier 1,United Kingdom,55.378052,-3.435973,0.4528655555555556,10.240857222222223,False,False,False,Within SLA
Resolved,1094,Low,Chat,Purchasing and invoicing,1st line support,Connor Danielovitch,2023-01-11 04:04:47,2023-01-12 04:04:47,2023-01-11 04:06:47,2023-01-11 04:05:35.487,Within SLA,2023-01-11 19:03:32.390,Within SLA,,6,,Ready to use Software,Tier 1,Czech Republic,49.8037633,15.4749126,0.013468611111111112,14.979275,False,False,False,Within SLA
Closed,1095,Low,Chat,Feature request,1st line support,Kristos Westoll,2023-01-11 13:40:47,2023-01-12 13:40:47,2023-01-11 13:42:47,2023-01-11 13:43:27.490,SLA Violated,2023-01-16 11:43:28.653,SLA Violated,2023-01-18 10:44:41.595,3,1.0,Custom software development,Tier 1,Czech Republic,49.8037633,15.4749126,0.04458055555555556,118.04490361111111,False,False,False,SLA Violated
Closed,1097,Low,Email,Product setup,1st line support,Bernard Beckley,2023-01-11 05:29:41,2023-01-13 05:29:41,2023-01-11 06:29:41,2023-01-11 06:04:13.834,Within SLA,2023-01-11 17:24:42.166,Within SLA,2023-01-16 15:48:07.957,1,1.0,Ready to use Software,Tier 1,Austria,47.6964719,13.3457347,0.5757872222222222,11.916990555555556,False,False,False,Within SLA
In progress,1098,Medium,Chat,Other,1st line support,Bernard Beckley,2023-01-12 12:18:45,2023-01-13 12:18:45,2023-01-12 12:20:45,2023-01-12 12:19:18.598,Within SLA,,SLA Violated,,6,,Ready to use Software,Tier 1,Poland,52.536273,19.050639,0.009332777777777777,,False,False,True,
Resolved,1100,Medium,Email,Feature request,2nd line support,Heather Urry,2023-01-12 22:40:11,2023-01-14 22:40:11,2023-01-12 23:40:11,2023-01-12 22:47:08.587,Within SLA,2023-01-13 13:58:22.732,Within SLA,,7,,Custom software development,Tier 2,Italy,43.036776,12.678565,0.11599638888888888,15.30325888888889,False,False,False,Within SLA
Resolved,1101,High,Chat,Bug report,1st line support,Sheela Cutten,2023-01-13 15:00:14,2023-01-14 15:00:14,2023-01-13 15:02:14,2023-01-13 15:00:36.375,Within SLA,2023-01-14 02:58:00.277,Within SLA,,60,,Ready to use Software,Tier 1,Austria,47.6964719,13.3457347,0.006215277777777778,11.962854722222223,False,True,False,Within SLA
Resolved,1102,Low,Chat,Other,2nd line support,Michele Whyatt,2023-01-13 15:16:58,2023-01-14 15:16:58,2023-01-13 15:18:58,2023-01-13 15:17:30.575,Within SLA,2023-01-13 21:16:38.693,Within SLA,,5,,Ready to use Software,Tier 2,Germany,51.165691,10.451526,0.009048611111111111,5.994636944444444,False,False,False,Within SLA
Resolved,1103,Medium,Chat,Pricing and licensing,1st line support,Sheela Cutten,2023-01-13 12:58:56,2023-01-14 12:58:56,2023-01-13 13:00:56,2023-01-13 12:59:39.585,Within SLA,2023-01-13 13:19:55.416,Within SLA,,9,,Ready to use Software,Tier 1,Bulgaria,42.7249925,25.4833039,0.012106944444444444,0.34983777777777775,False,False,False,Within SLA
Closed,1104,Low,Email,Feature request,1st line support,Connor Danielovitch,2023-01-13 13:30:46,2023-01-15 13:30:46,2023-01-13 14:30:46,2023-01-13 13:37:07.145,Within SLA,2023-01-15 09:50:56.668,Within SLA,2023-01-18 02:50:09.567,3,5.0,Other,Tier 1,Italy,43.036776,12.678565,0.10587361111111111,44.33629666666667,False,False,False,Within SLA
Closed,1105,Low,Chat,Feature request,1st line support,Kristos Westoll,2023-01-13 06:47:37,2023-01-14 06:47:37,2023-01-13 06:49:37,2023-01-13 06:49:35.630,Within SLA,2023-01-13 09:11:25.357,Within SLA,2023-01-15 14:41:08.910,7,3.0,Other,Tier 1,Italy,43.036776,12.678565,0.032952777777777775,2.3967658333333333,False,False,False,Within SLA
In progress,1106,Low,Chat,Other,1st line support,Connor Danielovitch,2023-01-13 23:18:45,2023-01-14 23:18:45,2023-01-13 23:20:45,2023-01-13 23:20:43.777,Within SLA,,SLA Violated,,3,,Custom software development,Tier 1,Germany,51.165691,10.451526,0.03299361111111111,,False,False,True,
Closed,1107,Low,Email,Bug report,2nd line support,Michele Whyatt,2023-01-13 11:19:44,2023-01-15 11:19:44,2023-01-13 12:19:44,2023-01-13 11:34:07.762,Within SLA,2023-01-15 08:05:24.543,Within SLA,2023-01-15 11:12:25.378,1,5.0,Ready to use Software,Tier 2,Republic of Ireland,53.094024,-8.019675,0.23993388888888886,44.76126194444445,False,False,False,Within SLA
Closed,1108,Low,Email,Purchasing and invoicing,1st line support,Bernard Beckley,2023-01-13 02:10:18,2023-01-15 02:10:18,2023-01-13 03:10:18,2023-01-13 03:28:05.346,SLA Violated,2023-01-14 05:07:24.366,Within SLA,2023-01-16 18:08:35.263,4,4.0,Ready to use Software,Tier 1,Czech Republic,49.8037633,15.4749126,1.2964849999999999,26.95176833333333,False,False,False,Within SLA
Closed,1109,High,Chat,Product setup,1st line support,Nicola Wane,2023-01-13 13:38:30,2023-01-14 13:38:30,2023-01-13 13:40:30,2023-01-13 13:38:53.827,Within SLA,2023-01-13 15:29:46.710,Within SLA,2023-01-17 06:36:45.502,3,3.0,Training and Consulting Services,Tier 1,France,48.864716,2.349014,0.006618611111111112,1.8546416666666667,False,False,False,Within SLA
Closed,1110,High,Email,Product setup,2nd line support,Adolpho Messingham,2023-01-13 21:32:08,2023-01-15 21:32:08,2023-01-13 22:32:08,2023-01-13 22:27:03.346,Within SLA,2023-01-15 14:06:02.184,Within SLA,2023-01-19 05:07:27.605,8,2.0,Ready to use Software,Tier 2,United Kingdom,55.378052,-3.435973,0.9153738888888889,40.56505111111111,False,False,False,Within SLA
In progress,1111,Low,Chat,Product setup,1st line support,Sheela Cutten,2023-01-13 02:49:26,2023-01-14 02:49:26,2023-01-13 02:51:26,2023-01-13 02:52:27.993,SLA Violated,,SLA Violated,,9,,Ready to use Software,Tier 1,Spain,39.67337,-4.767726,0.05055361111111111,,False,False,True,
In progress,1112,Low,Phone,Pricing and licensing,1st line support,Bernard Beckley,2023-01-13 02:22:58,2023-01-15 02:22:58,2023-01-13 02:24:58,2023-01-13 02:23:44.111,Within SLA,,SLA Violated,,2,,Ready to use Software,Tier 1,Republic of Ireland,53.094024,-8.019675,0.012808611111111111,,False,False,True,
Resolved,1113,Low,Chat,Product setup,1st line support,Bernard Beckley,2023-01-13 01:46:37,2023-01-14 01:46:37,2023-01-13 01:48:37,2023-01-13 01:46:51.422,Within SLA,2023-01-17 07:29:51.862,SLA Violated,,6,,Custom software development,Tier 1,Germany,51.165691,10.451526,0.004006111111111111,101.72079500000001,False,False,False,SLA Violated
Closed,1114,Medium,Email,Product setup,1st line support,Connor Danielovitch,2023-01-13 07:20:20,2023-01-15 07:20:20,2023-01-13 08:20:20,2023-01-13 08:01:51.843,Within SLA,2023-01-15 06:43:44.003,Within SLA,2023-01-21 00:17:21.652,10,5.0,Other,Tier 1,Poland,52.536273,19.050639,0.6921786111111111,47.39000083333333,False,False,False,Within SLA
Resolved,1115,Low,Chat,Pricing and licensing,1st line support,Sheela Cutten,2023-01-13 23:22:08,2023-01-14 23:22:08,2023-01-13 23:24:08,2023-01-13 23:22:16.070,Within SLA,2023-01-14 05:14:59.328,Within SLA,,3,,Ready to use Software,Tier 1,Germany,51.165691,10.451526,0.0022416666666666665,5.880924444444445,False,False,False,Within SLA
Resolved,1116,Medium,Phone,Pricing and licensing,1st line support,Nicola Wane,2023-01-14 22:53:23,2023-01-16 22:53:23,2023-01-14 22:55:23,2023-01-14 22:54:39.449,Within SLA,2023-01-16 03:46:00.748,Within SLA,,7,,Training and Consulting Services,Tier 1,United Kingdom,55.378052,-3.435973,0.021235833333333332,28.877152222222225,False,False,False,Within SLA
Closed,1126,Medium,Phone,Pricing and licensing,1st line support,Kristos Westoll,2023-01-15 13:10:36,2023-01-17 13:10:36,2023-01-15 13:12:36,2023-01-15 13:11:21.853,Within SLA,2023-01-19 09:22:43.893,SLA Violated,2023-01-20 04:15:17.640,3,1.0,Custom software development,Tier 1,United Kingdom,55.378052,-3.435973,0.012736944444444445,92.2021925,False,False,False,SLA Violated
Resolved,1127,High,Email,Product setup,1st line support,Bernard Beckley,2023-01-15 06:08:54,2023-01-17 06:08:54,2023-01-15 07:08:54,2023-01-15 06:47:30.075,Within SLA,2023-01-15 07:23:23.466,Within SLA,,2,,Other,Tier 1,Czech Republic,49.8037633,15.4749126,0.6433541666666667,1.2415183333333335,False,False,False,Within SLA
Closed,1128,Low,Email,Other,1st line support,Bernard Beckley,2023-01-15 10:11:34,2023-01-17 10:11:34,2023-01-15 11:11:34,2023-01-15 11:03:47.800,Within SLA,2023-01-17 07:11:51.202,Within SLA,2023-01-18 23:31:09.366,4,3.0,Ready to use Software,Tier 1,Germany,51.165691,10.451526,0.8705,45.00477833333333,False,False,False,Within SLA
Closed,1129,High,Phone,Pricing and licensing,1st line support,Kristos Westoll,2023-01-15 02:01:36,2023-01-17 02:01:36,2023-01-15 02:03:36,2023-01-15 02:02:21.163,Within SLA,2023-01-16 14:49:44.737,Within SLA,2023-01-18 16:30:05.795,2,5.0,Custom software development,Tier 1,Slovenia,46.1491664,14.9860106,0.012545277777777777,36.80242694444444,False,False,False,Within SLA
In progress,1130,Medium,Chat,Product setup,1st line support,Connor Danielovitch,2023-01-16 05:12:59,2023-01-17 05:12:59,2023-01-16 05:14:59,2023-01-16 05:14:35.188,Within SLA,,SLA Violated,,6,,Ready to use Software,Tier 1,Spain,39.67337,-4.767726,0.02671888888888889,,False,False,True,
Closed,1131,Low,Email,Product setup,1st line support,Sheela Cutten,2023-01-16 20:38:34,2023-01-18 20:38:34,2023-01-16 21:38:34,2023-01-16 21:35:38.891,Within SLA,2023-01-16 22:40:38.689,Within SLA,2023-01-20 05:35:10.396,1,5.0,Ready to use Software,Tier 1,Czech Republic,49.8037633,15.4749126,0.9513586111111111,2.034635833333333,False,False,False,Within SLA
Closed,1132,Low,Email,Pricing and licensing,1st line support,Sheela Cutten,2023-01-16 15:44:20,2023-01-18 15:44:20,2023-01-16 16:44:20,2023-01-16 16:39:29.422,Within SLA,2023-01-17 12:05:13.440,Within SLA,2023-01-22 20:45:33.952,9,3.0,Training and Consulting Services,Tier 1,Austria,47.6964719,13.3457347,0.9192838888888889,20.348177777777778,False,False,False,Within SLA
Resolved,1133,High,Chat,Product setup,1st line support,Bernard Beckley,2023-01-16 19:19:41,2023-01-17 19:19:41,2023-01-16 19:21:41,2023-01-16 19:19:48.613,Within SLA,2023-01-17 12:08:15.116,Within SLA,,3,,Ready to use Software,Tier 1,Bulgaria,42.7249925,25.4833039,0.0021147222222222223,16.80947666666667,False,False,False,Within SLA
Closed,1134,Low,Chat,Product setup,1st line support,Sheela Cutten,2023-01-16 12:50:35,2023-01-17 12:50:35,2023-01-16 12:52:35,2023-01-16 12:51:00.245,Within SLA,2023-01-16 17:37:43.459,Within SLA,2023-01-20 18:38:43.224,60,5.0,Custom software development,Tier 1,Spain,39.67337,-4.767726,0.0070125000000000005,4.785683055555555,False,True,False,Within SLA
Resolved,1135,Low,Phone,Bug report,2nd line support,Adolpho Messingham,2023-01-16 14:37:40,2023-01-18 14:37:40,2023-01-16 14:39:40,2023-01-16 14:40:46.740,SLA Violated,2023-01-16 19:04:13.525,Within SLA,,1,,Training and Consulting Services,Tier 2,Poland,52.536273,19.050639,0.05187222222222222,4.442645833333334,False,False,False,Within SLA
Resolved,1136,Low,Email,Bug report,1st line support,Sheela Cutten,2023-01-16 15:35:28,2023-01-18 15:35:28,2023-01-16 16:35:28,2023-01-16 16:08:01.741,Within SLA,2023-01-17 11:41:21.821,Within SLA,,10,,Ready to use Software,Tier 1,Germany,51.165691,10.451526,0.5427058333333333,20.09828361111111,False,False,False,Within SLA
Resolved,1137,Low,Email,Feature request,1st line support,Kristos Westoll,2023-01-16 07:57:01,2023-01-18 07:57:01,2023-01-16 08:57:01,2023-01-16 08:11:48.199,Within SLA,2023-01-18 02:08:31.725,Within SLA,,1,,Ready to use Software,Tier 1,Italy,43.036776,12.678565,0.24644416666666666,42.19186805555556,False,False,False,Within SLA
Resolved,1138,Low,Email,Product setup,2nd line support,Heather Urry,2023-01-17 01:30:29,2023-01-19 01:30:29,2023-01-17 02:30:29,2023-01-17 08:53:20.063,SLA Violated,2023-01-18 08:04:50.081,Within SLA,,1,,Ready to use Software,Tier 2,Spain,39.67337,-4.767726,7.380850833333333,30.5725225,False,False,False,Within SLA
Closed,1139,Low,Chat,Feature request,1st line support,Nicola Wane,2023-01-17 11:23:12,2023-01-18 11:23:12,2023-01-17 11:25:12,2023-01-17 11:27:11.195,SLA Violated,2023-01-17 23:26:57.206,Within SLA,2023-01-18 21:05:43.681,6,1.0,Custom software development,Tier 1,Italy,43.036776,12.678565,0.06644305555555555,12.062557222222221,False,False,False,Within SLA
Resolved,1140,Low,Chat,Purchasing and invoicing,1st line support,Connor Danielovitch,2023-01-17 14:03:25,2023-01-18 14:03:25,2023-01-17 14:05:25,2023-01-17 14:03:47.237,Within SLA,2023-01-23 08:16:16.959,SLA Violated,,6,,Training and Consulting Services,Tier 1,Greece,39.368279,21.863141,0.006176944444444444,138.21443305555556,False,False,False,SLA Violated
Resolved,1141,Low,Chat,Other,1st line support,Nicola Wane,2023-01-17 00:04:06,2023-01-18 00:04:06,2023-01-17 00:06:06,2023-01-17 00:04:29.168,Within SLA,2023-01-18 05:24:11.228,SLA Violated,,3,,Ready to use Software,Tier 1,Germany,51.165691,10.451526,0.0064355555555555555,29.334785555555555,False,False,False,SLA Violated
Closed,1142,Low,Email,Pricing and licensing,1st line support,Nicola Wane,2023-01-17 16:42:23,2023-01-19 16:42:23,2023-01-17 17:42:23,2023-01-17 17:00:19.226,Within SLA,2023-01-18 19:31:50.145,Within SLA,2023-01-22 16:25:53.103,5,1.0,Ready to use Software,Tier 1,Greece,39.368279,21.863141,0.29895166666666667,26.824206944444445,False,False,False,Within SLA
Resolved,1143,Low,Email,Other,2nd line support,Adolpho Messingham,2023-01-17 23:31:47,2023-01-19 23:31:47,2023-01-18 00:31:47,2023-01-18 00:19:54.993,Within SLA,2023-01-18 01:20:43.055,Within SLA,,2,,Training and Consulting Services,Tier 2,Republic of Ireland,53.094024,-8.019675,0.8022202777777777,1.8155708333333334,False,False,False,Within SLA
Closed,1144,Low,Email,Pricing and licensing,1st line support,Nicola Wane,2023-01-17 23:24:52,2023-01-19 23:24:52,2023-01-18 00:24:52,2023-01-18 00:24:44.867,Within SLA,2023-01-18 18:49:55.204,Within SLA,2023-01-24 11:50:18.528,9,4.0,Ready to use Software,Tier 1,Republic of Ireland,53.094024,-8.019675,0.9980186111111111,19.417556666666666,False,False,False,Within SLA
Resolved,1145,Medium,Email,Product setup,1st line support,Nicola Wane,2023-01-17 15:52:09,2023-01-19 15:52:09,2023-01-17 16:52:09,2023-01-17 16:29:17.433,Within SLA,2023-01-18 11:55:59.080,Within SLA,,1,,Ready to use Software,Tier 1,France,48.864716,2.349014,0.6190091666666666,20.06391111111111,False,False,False,Within SLA
Closed,1146,Low,Email,Pricing and licensing,2nd line support,Adolpho Messingham,2023-01-18 02:02:20,2023-01-20 02:02:20,2023-01-18 03:02:20,2023-01-18 02:41:38.030,Within SLA,2023-01-19 07:13:39.355,Within SLA,2023-01-20 03:16:40.933,8,3.0,Ready to use Software,Tier 2,Italy,43.036776,12.678565,0.6550083333333334,29.18870972222222,False,False,False,Within SLA
Closed,1147,Low,Email,Product setup,1st line support,Sheela Cutten,2023-01-18 10:59:28,2023-01-20 10:59:28,2023-01-18 11:59:28,2023-01-18 17:43:11.429,SLA Violated,2023-01-19 23:48:34.087,Within SLA,2023-01-21 05:10:24.451,1,3.0,Custom software development,Tier 1,Germany,51.165691,10.451526,6.728730277777778,36.8183575,False,False,False,Within SLA
Closed,1148,Low,Email,Pricing and licensing,1st line support,Sheela Cutten,2023-01-18 08:59:26,2023-01-20 08:59:26,2023-01-18 09:59:26,2023-01-18 09:18:42.754,Within SLA,2023-01-19 04:42:49.548,Within SLA,2023-01-24 09:37:03.539,4,3.0,Ready to use Software,Tier 1,Italy,43.036776,12.678565,0.32132055555555555,19.723207777777777,False,False,False,Within SLA
In progress,1149,Low,Phone,Feature request,1st line support,Sheela Cutten,2023-01-18 02:50:49,2023-01-20 02:50:49,2023-01-18 02:52:49,2023-01-18 02:52:09.033,Within SLA,,SLA Violated,,1,,Custom software development,Tier 1,Italy,43.036776,12.678565,0.02223138888888889,,False,False,True,
Closed,1150,Low,Email,Purchasing and invoicing,1st line support,Kristos Westoll,2023-01-18 03:19:26,2023-01-20 03:19:26,2023-01-18 04:19:26,2023-01-18 03:37:53.083,Within SLA,2023-01-19 20:11:34.763,Within SLA,2023-01-24 03:52:10.396,3,1.0,Other,Tier 1,Slovenia,46.1491664,14.9860106,0.3075230555555556,40.869100833333334,False,False,False,Within SLA
Closed,1151,High,Chat,Product setup,1st line support,Nicola Wane,2023-01-18 06:48:43,2023-01-19 06:48:43,2023-01-18 06:50:43,2023-01-18 06:50:21.601,Within SLA,2023-01-18 08:03:40.906,Within SLA,2023-01-23 04:03:47.562,7,2.0,Ready to use Software,Tier 1,United Kingdom,55.378052,-3.435973,0.027389166666666666,1.2494183333333333,False,False,False,Within SLA
Closed,1152,Medium,Phone,Pricing and licensing,2nd line support,Adolpho Messingham,2023-01-18 01:34:28,2023-01-20 01:34:28,2023-01-18 01:36:28,2023-01-18 02:56:45.330,SLA Violated,2023-01-18 13:22:04.671,Within SLA,2023-01-21 02:40:20.689,4,3.0,Ready to use Software,Tier 2,Bulgaria,42.7249925,25.4833039,1.3714805555555556,11.793519722222223,False,False,False,Within SLA
Closed,1153,Medium,Chat,Purchasing and invoicing,2nd line support,Michele Whyatt,2023-01-18 02:18:40,2023-01-19 02:18:40,2023-01-18 02:20:40,2023-01-18 02:20:37.824,Within SLA,2023-01-19 00:48:35.401,Within SLA,2023-01-24 19:17:08.378,6,4.0,Ready to use Software,Tier 2,Germany,51.165691,10.451526,0.03272888888888889,22.4987225,False,False,False,Within SLA
Resolved,1154,Low,Email,Pricing and licensing,1st line support,Kristos Westoll,2023-01-18 07:25:42,2023-01-20 07:25:42,2023-01-18 08:25:42,2023-01-18 08:25:00.131,Within SLA,2023-01-19 15:14:33.229,Within SLA,,2,,Other,Tier 1,Italy,43.036776,12.678565,0.9883697222222222,31.814230277777778,False,False,False,Within SLA
Closed,1155,Medium,Chat,Feature request,2nd line support,Michele Whyatt,2023-01-18 15:27:11,2023-01-19 15:27:11,2023-01-18 15:29:11,2023-01-18 15:27:12.395,Within SLA,2023-01-19 10:11:08.722,Within SLA,2023-01-21 00:33:39.765,6,3.0,Custom software development,Tier 2,United Kingdom,55.378052,-3.435973,0.0003875,18.732700555555553,False,False,False,Within SLA
Resolved,1156,Medium,Email,Other,2nd line support,Heather Urry,2023-01-18 04:20:21,2023-01-20 04:20:21,2023-01-18 05:20:21,2023-01-18 05:08:17.702,Within SLA,2023-01-18 08:09:36.698,Within SLA,,1,,Training and Consulting Services,Tier 2,France,48.864716,2.349014,0.7990838888888889,3.8210272222222224,False,False,False,Within SLA
Resolved,1157,Medium,Chat,Product setup,1st line support,Bernard Beckley,2023-01-18 22:25:35,2023-01-19 22:25:35,2023-01-18 22:27:35,2023-01-18 22:26:19.753,Within SLA,2023-01-19 03:42:58.960,Within SLA,,5,,Ready to use Software,Tier 1,Greece,39.368279,21.863141,0.01243138888888889,5.289988888888889,False,False,False,Within SLA
Closed,1158,Medium,Chat,Product setup,1st line support,Kristos Westoll,2023-01-18 18:08:37,2023-01-19 18:08:37,2023-01-18 18:10:37,2023-01-18 18:09:33.175,Within SLA,2023-01-18 21:55:18.637,Within SLA,2023-01-20 21:41:51.832,3,3.0,Custom software development,Tier 1,Republic of Ireland,53.094024,-8.019675,0.015604166666666665,3.7782325,False,False,False,Within SLA
Closed,1159,Low,Chat,Product setup,2nd line support,Heather Urry,2023-01-19 19:54:37,2023-01-20 19:54:37,2023-01-19 19:56:37,2023-01-19 19:57:47.885,SLA Violated,2023-01-20 08:53:34.548,Within SLA,2023-01-25 14:55:40.103,6,5.0,Training and Consulting Services,Tier 2,United Kingdom,55.378052,-3.435973,0.05302361111111111,12.982652222222223,False,False,False,Within SLA
Resolved,1160,Low,Chat,Pricing and licensing,2nd line support,Michele Whyatt,2023-01-19 09:56:57,2023-01-20 09:56:57,2023-01-19 09:58:57,2023-01-19 09:58:31.828,Within SLA,2023-01-19 21:24:38.855,Within SLA,,60,,Ready to use Software,Tier 2,Italy,43.036776,12.678565,0.02634111111111111,11.46162638888889,False,True,False,Within SLA
In progress,1161,Low,Email,Purchasing and invoicing,2nd line support,Michele Whyatt,2023-01-19 11:56:06,2023-01-21 11:56:06,2023-01-19 12:56:06,2023-01-19 12:55:03.068,Within SLA,,SLA Violated,,2,,Other,Tier 2,Slovenia,46.1491664,14.9860106,0.9825188888888889,,False,False,True,
Closed,1162,Medium,Email,Product setup,1st line support,Bernard Beckley,2023-01-19 01:28:08,2023-01-21 01:28:08,2023-01-19 02:28:08,2023-01-19 01:41:57.250,Within SLA,2023-01-20 16:50:02.509,Within SLA,2023-01-21 09:04:00.687,8,5.0,Training and Consulting Services,Tier 1,France,48.864716,2.349014,0.23034722222222223,39.36514138888889,False,False,False,Within SLA
Closed,1163,Low,Email,Product setup,1st line support,Kristos Westoll,2023-01-19 02:31:19,2023-01-21 02:31:19,2023-01-19 03:31:19,2023-01-19 02:37:16.105,Within SLA,2023-01-19 23:08:29.754,Within SLA,2023-01-22 03:44:53.170,4,1.0,Ready to use Software,Tier 1,Germany,51.165691,10.451526,0.09919583333333334,20.619653888888887,False,False,False,Within SLA
Closed,1164,Low,Chat,Product setup,1st line support,Sheela Cutten,2023-01-19 08:14:44,2023-01-20 08:14:44,2023-01-19 08:16:44,2023-01-19 10:00:36.696,SLA Violated,2023-01-19 15:09:18.779,Within SLA,2023-01-20 15:57:25.455,5,5.0,Training and Consulting Services,Tier 1,Italy,43.036776,12.678565,1.7646377777777777,6.909660833333333,False,False,False,Within SLA
Resolved,1165,High,Chat,Product setup,1st line support,Connor Danielovitch,2023-01-19 02:00:02,2023-01-20 02:00:02,2023-01-19 02:02:02,2023-01-19 02:01:24.155,Within SLA,2023-01-21 04:02:43.991,SLA Violated,,4,,Ready to use Software,Tier 1,United Kingdom,55.378052,-3.435973,0.022820833333333335,50.0449975,False,False,False,SLA Violated
Closed,1166,Low,Email,Pricing and licensing,1st line support,Bernard Beckley,2023-01-19 16:07:40,2023-01-21 16:07:40,2023-01-19 17:07:40,2023-01-19 16:27:09.226,Within SLA,2023-01-20 08:34:33.879,Within SLA,2023-01-23 14:00:07.411,10,4.0,Ready to use Software,Tier 1,Poland,52.536273,19.050639,0.32478500000000005,16.448299722222224,False,False,False,Within SLA
Closed,1167,Low,Chat,Pricing and licensing,1st line support,Kristos Westoll,2023-01-19 04:01:55,2023-01-20 04:01:55,2023-01-19 04:03:55,2023-01-19 04:02:30.252,Within SLA,2023-01-19 04:21:53.133,Within SLA,2023-01-21 11:09:55.484,3,3.0,Ready to use Software,Tier 1,Italy,43.036776,12.678565,0.009792222222222223,0.33281472222222225,False,False,False,Within SLA
Resolved,1168,High,Email,Other,2nd line support,Michele Whyatt,2023-01-19 18:33:13,2023-01-21 18:33:13,2023-01-19 19:33:13,2023-01-19 18:59:45.491,Within SLA,2023-01-20 14:33:25.698,Within SLA,,5,,Other,Tier 2,Czech Republic,49.8037633,15.4749126,0.44235861111111113,20.003527222222225,False,False,False,Within SLA
Closed,1169,Medium,Chat,Product setup,1st line support,Nicola Wane,2023-01-19 17:03:57,2023-01-20 17:03:57,2023-01-19 17:05:57,2023-01-19 17:05:38.874,Within SLA,2023-01-19 21:18:49.040,Within SLA,2023-01-27 05:20:49.742,6,4.0,Custom software development,Tier 1,Poland,52.536273,19.050639,0.02829833333333333,4.2477888888888895,False,False,False,Within SLA
In progress,1170,Medium,Chat,Product setup,1st line support,Bernard Beckley,2023-01-19 02:59:41,2023-01-20 02:59:41,2023-01-19 03:01:41,2023-01-19 03:01:25.458,Within SLA,,SLA Violated,,60,,Ready to use Software,Tier 1,Austria,47.6964719,13.3457347,0.02901611111111111,,False,True,True,
In progress,1171,High,Email,Feature request,2nd line support,Michele Whyatt,2023-01-20 08:12:18,2023-01-22 08:12:18,2023-01-20 09:12:18,2023-01-20 11:23:09.594,SLA Violated,,SLA Violated,,2,,Other,Tier 2,Germany,51.165691,10.451526,3.180998333333333,,False,False,True,
In progress,1172,Low,Email,Purchasing and invoicing,1st line support,Kristos Westoll,2023-01-20 16:02:00,2023-01-22 16:02:00,2023-01-20 17:02:00,2023-01-20 16:31:24.768,Within SLA,,SLA Violated,,6,,Ready to use Software,Tier 1,Germany,51.165691,10.451526,0.49021333333333333,,False,False,True,
In progress,1173,Low,Email,Product setup,1st line support,Nicola Wane,2023-01-20 18:26:33,2023-01-22 18:26:33,2023-01-20 19:26:33,2023-01-20 18:51:24.340,Within SLA,,SLA Violated,,3,,Ready to use Software,Tier 1,United Kingdom,55.378052,-3.435973,0.4142611111111111,,False,False,True,
Closed,1174,Low,Email,Product setup,1st line support,Bernard Beckley,2023-01-20 16:12:23,2023-01-22 16:12:23,2023-01-20 17:12:23,2023-01-20 16:41:51.920,Within SLA,2023-01-21 20:59:34.703,Within SLA,2023-01-26 19:39:01.757,2,3.0,Ready to use Software,Tier 1,Republic of Ireland,53.094024,-8.019675,0.4913666666666667,28.786584166666664,False,False,False,Within SLA
Closed,1175,Medium,Email,Pricing and licensing,1st line support,Sheela Cutten,2023-01-20 18:26:56,2023-01-22 18:26:56,2023-01-20 19:26:56,2023-01-20 18:47:31.128,Within SLA,2023-01-23 09:12:24.840,SLA Violated,2023-01-23 23:35:19.894,4,5.0,Other,Tier 1,Greece,39.368279,21.863141,0.34309111111111107,62.75801111111111,False,False,False,SLA Violated
In progress,1176,High,Chat,Bug report,2nd line support,Michele Whyatt,2023-01-20 12:41:24,2023-01-21 12:41:24,2023-01-20 12:43:24,2023-01-20 12:42:08.016,Within SLA,,SLA Violated,,6,,Ready to use Software,Tier 2,Germany,51.165691,10.451526,0.012226666666666667,,False,False,True,
In progress,1177,Low,Email,Pricing and licensing,1st line support,Kristos Westoll,2023-01-20 07:41:43,2023-01-22 07:41:43,2023-01-20 08:41:43,2023-01-20 08:16:18.202,Within SLA,,SLA Violated,,10,,Ready to use Software,Tier 1,Republic of Ireland,53.094024,-8.019675,0.5764450000000001,,False,False,True,
Resolved,1178,High,Email,Other,1st line support,Nicola Wane,2023-01-20 09:35:25,2023-01-22 09:35:25,2023-01-20 10:35:25,2023-01-20 09:49:59.568,Within SLA,2023-01-21 08:18:23.092,Within SLA,,1,,Ready to use Software,Tier 1,Bulgaria,42.7249925,25.4833039,0.24293555555555554,22.716136666666667,False,False,False,Within SLA
Closed,1179,Low,Email,Product setup,2nd line support,Adolpho Messingham,2023-01-20 15:19:25,2023-01-22 15:19:25,2023-01-20 16:19:25,2023-01-20 15:54:48.009,Within SLA,2023-01-21 11:31:25.643,Within SLA,2023-01-23 07:11:32.336,1,5.0,Custom software development,Tier 2,Slovenia,46.1491664,14.9860106,0.5897247222222223,20.20017861111111,False,False,False,Within SLA
Resolved,1180,Low,Chat,Purchasing and invoicing,1st line support,Nicola Wane,2023-01-20 08:49:49,2023-01-21 08:49:49,2023-01-20 08:51:49,2023-01-20 08:51:33.742,Within SLA,2023-01-21 08:32:34.323,Within SLA,,2,,Training and Consulting Services,Tier 1,United Kingdom,55.378052,-3.435973,0.029095000000000003,23.712589722222223,False,False,False,Within SLA
Closed,1181,Low,Email,Training request,1st line support,Bernard Beckley,2023-01-20 11:54:54,2023-01-22 11:54:54,2023-01-20 12:54:54,2023-01-20 12:07:46.996,Within SLA,2023-01-22 06:37:40.184,Within SLA,2023-01-24 04:21:17.645,9,2.0,Training and Consulting Services,Tier 1,Bulgaria,42.7249925,25.4833039,0.2147211111111111,42.71282888888889,False,False,False,Within SLA
Closed,1182,High,Chat,Feature request,1st line support,Kristos Westoll,2023-01-21 08:18:41,2023-01-22 08:18:41,2023-01-21 08:20:41,2023-01-21 08:20:16.100,Within SLA,2023-01-21 20:06:33.548,Within SLA,2023-01-23 06:11:19.611,6,4.0,Ready to use Software,Tier 1,Spain,39.67337,-4.767726,0.026416666666666665,11.797930000000001,False,False,False,Within SLA
Closed,1183,Low,Email,Purchasing and invoicing,1st line support,Nicola Wane,2023-01-21 07:43:47,2023-01-23 07:43:47,2023-01-21 08:43:47,2023-01-21 07:49:29.069,Within SLA,2023-01-21 18:04:08.243,Within SLA,2023-01-25 03:32:44.663,4,5.0,Other,Tier 1,United Kingdom,55.378052,-3.435973,0.09501916666666667,10.339234166666667,False,False,False,Within SLA
Resolved,1184,High,Chat,Pricing and licensing,1st line support,Connor Danielovitch,2023-01-21 17:21:38,2023-01-22 17:21:38,2023-01-21 17:23:38,2023-01-21 17:22:51.387,Within SLA,2023-01-25 20:28:05.198,SLA Violated,,2,,Ready to use Software,Tier 1,Austria,47.6964719,13.3457347,0.020385277777777776,99.10755499999999,False,False,False,SLA Violated
Resolved,1185,Low,Chat,Feature request,1st line support,Sheela Cutten,2023-01-21 11:45:13,2023-01-22 11:45:13,2023-01-21 11:47:13,2023-01-21 11:49:42.727,SLA Violated,2023-01-21 15:21:29.211,Within SLA,,6,,Custom software development,Tier 1,Bulgaria,42.7249925,25.4833039,0.07492416666666667,3.6045030555555555,False,False,False,Within SLA
Closed,1186,Medium,Email,Product setup,1st line support,Connor Danielovitch,2023-01-21 07:09:47,2023-01-23 07:09:47,2023-01-21 08:09:47,2023-01-21 07:45:59.273,Within SLA,2023-01-22 12:53:46.227,Within SLA,2023-01-27 17:58:00.263,1,3.0,Training and Consulting Services,Tier 1,Greece,39.368279,21.863141,0.6034091666666667,29.73311861111111,False,False,False,Within SLA
In progress,1198,Medium,Email,Other,1st line support,Sheela Cutten,2023-01-22 08:50:11,2023-01-24 08:50:11,2023-01-22 09:50:11,2023-01-22 09:34:55.068,Within SLA,,SLA Violated,,7,,Ready to use Software,Tier 1,Republic of Ireland,53.094024,-8.019675,0.7455744444444445,,False,False,True,
Resolved,1199,Low,Chat,Bug report,1st line support,Nicola Wane,2023-01-22 01:57:26,2023-01-23 01:57:26,2023-01-22 01:59:26,2023-01-22 01:57:50.539,Within SLA,2023-01-22 04:33:20.320,Within SLA,,3,,Training and Consulting Services,Tier 1,Czech Republic,49.8037633,15.4749126,0.006816388888888889,2.598422222222222,False,False,False,Within SLA
Closed,1200,Medium,Email,Feature request,1st line support,Kristos Westoll,2023-01-22 06:50:05,2023-01-24 06:50:05,2023-01-22 07:50:05,2023-01-22 07:08:42.844,Within SLA,2023-01-22 17:52:38.007,Within SLA,2023-01-25 09:12:17.667,1,1.0,Custom software development,Tier 1,Greece,39.368279,21.863141,0.31051222222222225,11.042501944444444,False,False,False,Within SLA
Resolved,1201,High,Email,Training request,1st line support,Kristos Westoll,2023-01-22 23:42:43,2023-01-24 23:42:43,2023-01-23 00:42:43,2023-01-23 00:06:47.874,Within SLA,2023-01-23 22:24:55.625,Within SLA,,3,,Training and Consulting Services,Tier 1,Poland,52.536273,19.050639,0.4013538888888889,22.703506944444445,False,False,False,Within SLA
Resolved,1202,Low,Email,Feature request,1st line support,Kristos Westoll,2023-01-22 13:18:02,2023-01-24 13:18:02,2023-01-22 14:18:02,2023-01-22 13:34:22.201,Within SLA,2023-01-24 12:21:26.368,Within SLA,,1,,Other,Tier 1,United Kingdom,55.378052,-3.435973,0.27227805555555556,47.05676888888888,False,False,False,Within SLA
Resolved,1203,Medium,Email,Bug report,1st line support,Bernard Beckley,2023-01-22 14:32:27,2023-01-24 14:32:27,2023-01-22 15:32:27,2023-01-22 15:02:55.613,Within SLA,2023-01-24 03:16:58.929,Within SLA,,5,,Custom software development,Tier 1,Poland,52.536273,19.050639,0.5079480555555556,36.7422025,False,False,False,Within SLA
In progress,1204,Low,Email,Purchasing and invoicing,1st line support,Bernard Beckley,2023-01-23 02:36:31,2023-01-25 02:36:31,2023-01-23 03:36:31,2023-01-23 03:15:09.797,Within SLA,,SLA Violated,,9,,Other,Tier 1,Italy,43.036776,12.678565,0.6441102777777777,,False,False,True,
Resolved,1205,Low,Chat,Product setup,2nd line support,Heather Urry,2023-01-23 04:12:42,2023-01-24 04:12:42,2023-01-23 04:14:42,2023-01-23 04:14:33.554,Within SLA,2023-01-23 17:43:55.593,Within SLA,,6,,Custom software development,Tier 2,Spain,39.67337,-4.767726,0.03098722222222222,13.5204425,False,False,False,Within SLA
Closed,1206,Low,Chat,Product setup,1st line support,Kristos Westoll,2023-01-23 02:29:57,2023-01-24 02:29:57,2023-01-23 02:31:57,2023-01-23 02:30:56.553,Within SLA,2023-01-23 12:11:12.545,Within SLA,2023-01-28 22:46:11.941,6,3.0,Custom software development,Tier 1,Germany,51.165691,10.451526,0.016542499999999998,9.687651388888888,False,False,False,Within SLA
In progress,1207,Low,Email,Feature request,1st line support,Kristos Westoll,2023-01-23 20:37:56,2023-01-25 20:37:56,2023-01-23 21:37:56,2023-01-23 21:15:21.591,Within SLA,,SLA Violated,,5,,Ready to use Software,Tier 1,Greece,39.368279,21.863141,0.6237752777777777,,False,False,True,
Resolved,1208,Low,Email,Product setup,1st line support,Sheela Cutten,2023-01-23 16:44:16,2023-01-25 16:44:16,2023-01-23 17:44:16,2023-01-23 20:36:58.536,SLA Violated,2023-01-23 20:47:18.308,Within SLA,,2,,Ready to use Software,Tier 1,Germany,51.165691,10.451526,3.8784822222222224,4.050641111111111,False,False,False,Within SLA
Closed,1209,Medium,Chat,Feature request,1st line support,Sheela Cutten,2023-01-23 13:00:51,2023-01-24 13:00:51,2023-01-23 13:02:51,2023-01-23 13:01:49.363,Within SLA,2023-01-23 18:35:26.757,Within SLA,2023-01-26 16:36:50.944,6,5.0,Ready to use Software,Tier 1,United Kingdom,55.378052,-3.435973,0.016211944444444445,5.576599166666667,False,False,False,Within SLA
In progress,1210,Low,Email,Other,2nd line support,Michele Whyatt,2023-01-23 06:36:19,2023-01-25 06:36:19,2023-01-23 07:36:19,2023-01-23 06:44:59.855,Within SLA,,SLA Violated,,10,,Custom software development,Tier 2,Germany,51.165691,10.451526,0.14468194444444446,,False,False,True,
Closed,1211,Low,Email,Purchasing and invoicing,1st line support,Bernard Beckley,2023-01-24 15:26:28,2023-01-26 15:26:28,2023-01-24 16:26:28,2023-01-24 16:20:28.154,Within SLA,2023-01-25 12:08:25.787,Within SLA,2023-01-28 19:09:31.647,7,4.0,Training and Consulting Services,Tier 1,United Kingdom,55.378052,-3.435973,0.9000427777777777,20.699385277777775,False,False,False,Within SLA
Closed,1213,High,Email,Other,1st line support,Sheela Cutten,2023-01-24 11:08:04,2023-01-26 11:08:04,2023-01-24 12:08:04,2023-01-24 12:02:51.532,Within SLA,2023-01-25 17:16:23.452,Within SLA,2023-01-26 11:58:30.248,3,5.0,Other,Tier 1,Poland,52.536273,19.050639,0.9132033333333334,30.138736666666667,False,False,False,Within SLA
Closed,1214,Low,Chat,Other,1st line support,Sheela Cutten,2023-01-24 07:06:15,2023-01-25 07:06:15,2023-01-24 07:08:15,2023-01-24 07:07:53.387,Within SLA,2023-01-24 14:26:31.591,Within SLA,2023-01-29 04:04:00.979,60,5.0,Ready to use Software,Tier 1,United Kingdom,55.378052,-3.435973,0.027329722222222224,7.337941944444444,False,True,False,Within SLA
Resolved,1216,Medium,Email,Product setup,1st line support,Nicola Wane,2023-01-24 21:48:35,2023-01-26 21:48:35,2023-01-24 22:48:35,2023-01-24 22:20:35.937,Within SLA,2023-01-30 05:47:44.222,SLA Violated,,1,,Ready to use Software,Tier 1,Austria,47.6964719,13.3457347,0.533593611111111,127.985895,False,False,False,SLA Violated
In progress,1217,High,Email,Other,2nd line support,Heather Urry,2023-01-24 16:15:21,2023-01-26 16:15:21,2023-01-24 17:15:21,2023-01-24 16:41:24.347,Within SLA,,SLA Violated,,10,,Other,Tier 2,Republic of Ireland,53.094024,-8.019675,0.43426305555555555,,False,False,True,
Resolved,1218,Low,Chat,Purchasing and invoicing,1st line support,Kristos Westoll,2023-01-24 12:06:06,2023-01-25 12:06:06,2023-01-24 12:08:06,2023-01-24 12:06:38.190,Within SLA,2023-01-24 13:21:29.758,Within SLA,,6,,Ready to use Software,Tier 1,Czech Republic,49.8037633,15.4749126,0.008941666666666665,1.2565994444444444,False,False,False,Within SLA
Resolved,1219,Low,Email,Purchasing and invoicing,1st line support,Connor Danielovitch,2023-01-24 17:44:33,2023-01-26 17:44:33,2023-01-24 18:44:33,2023-01-24 18:24:02.404,Within SLA,2023-01-26 06:26:42.873,Within SLA,,8,,Ready to use Software,Tier 1,Germany,51.165691,10.451526,0.6581677777777778,36.7027425,False,False,False,Within SLA
Closed,1220,Low,Chat,Feature request,2nd line support,Heather Urry,2023-01-25 15:47:08,2023-01-26 15:47:08,2023-01-25 15:49:08,2023-01-25 15:50:33.252,SLA Violated,2023-01-26 00:23:13.000,Within SLA,2023-02-01 12:08:36.136,4,3.0,Ready to use Software,Tier 2,Slovenia,46.1491664,14.9860106,0.057014444444444444,8.60138888888889,False,False,False,Within SLA
Resolved,1221,Medium,Email,Bug report,2nd line support,Heather Urry,2023-01-25 15:29:35,2023-01-27 15:29:35,2023-01-25 16:29:35,2023-01-25 23:19:34.934,SLA Violated,2023-01-25 16:52:45.663,Within SLA,,1,,Custom software development,Tier 2,Greece,39.368279,21.863141,7.833315000000001,1.3862952777777777,False,False,False,Within SLA
Closed,1222,Medium,Email,Product setup,1st line support,Nicola Wane,2023-01-25 09:37:54,2023-01-27 09:37:54,2023-01-25 10:37:54,2023-01-25 09:50:47.054,Within SLA,2023-01-27 00:23:30.646,Within SLA,2023-01-27 08:13:57.892,1,3.0,Training and Consulting Services,Tier 1,Czech Republic,49.8037633,15.4749126,0.21473722222222222,38.76017944444445,False,False,False,Within SLA
Resolved,1223,Medium,Email,Feature request,1st line support,Kristos Westoll,2023-01-25 22:34:37,2023-01-27 22:34:37,2023-01-25 23:34:37,2023-01-25 22:43:08.227,Within SLA,2023-01-26 08:09:09.325,Within SLA,,1,,Other,Tier 1,United Kingdom,55.378052,-3.435973,0.14200749999999998,9.575645833333333,False,False,False,Within SLA
Closed,1224,Medium,Email,Pricing and licensing,1st line support,Bernard Beckley,2023-01-25 08:08:00,2023-01-27 08:08:00,2023-01-25 09:08:00,2023-01-25 08:57:55.007,Within SLA,2023-01-25 15:08:32.758,Within SLA,2023-01-29 11:24:02.834,1,4.0,Ready to use Software,Tier 1,Republic of Ireland,53.094024,-8.019675,0.8319463888888889,7.009099444444445,False,False,False,Within SLA
Resolved,1225,High,Email,Pricing and licensing,1st line support,Connor Danielovitch,2023-01-25 06:10:06,2023-01-27 06:10:06,2023-01-25 07:10:06,2023-01-25 06:44:02.935,Within SLA,2023-01-26 11:27:22.684,Within SLA,,5,,Ready to use Software,Tier 1,Italy,43.036776,12.678565,0.5658152777777777,29.287967777777776,False,False,False,Within SLA
In progress,1226,Low,Phone,Feature request,1st line support,Sheela Cutten,2023-01-25 11:33:23,2023-01-27 11:33:23,2023-01-25 11:35:23,2023-01-25 11:36:04.214,SLA Violated,,SLA Violated,,1,,Ready to use Software,Tier 1,Greece,39.368279,21.863141,0.044781666666666664,,False,False,True,
Resolved,1227,Low,Chat,Product setup,1st line support,Sheela Cutten,2023-01-26 08:15:02,2023-01-27 08:15:02,2023-01-26 08:17:02,2023-01-26 08:16:59.625,Within SLA,2023-01-26 22:11:02.087,Within SLA,,7,,Custom software development,Tier 1,Poland,52.536273,19.050639,0.03267361111111111,13.9333575,False,False,False,Within SLA
Closed,1228,Medium,Email,Product setup,1st line support,Kristos Westoll,2023-01-26 22:03:36,2023-01-28 22:03:36,2023-01-26 23:03:36,2023-01-26 22:43:43.812,Within SLA,2023-01-27 07:01:51.402,Within SLA,2023-01-27 10:58:13.135,1,5.0,Training and Consulting Services,Tier 1,Republic of Ireland,53.094024,-8.019675,0.6688366666666666,8.970945,False,False,False,Within SLA
Resolved,1229,Low,Email,Pricing and licensing,1st line support,Bernard Beckley,2023-01-26 20:20:10,2023-01-28 20:20:10,2023-01-26 21:20:10,2023-01-26 21:19:17.543,Within SLA,2023-01-27 08:25:16.450,Within SLA,,1,,Ready to use Software,Tier 1,Bulgaria,42.7249925,25.4833039,0.9854286111111111,12.085125,False,False,False,Within SLA
Resolved,1230,Medium,Email,Purchasing and invoicing,1st line support,Sheela Cutten,2023-01-26 14:36:49,2023-01-28 14:36:49,2023-01-26 15:36:49,2023-01-26 15:25:18.973,Within SLA,2023-01-28 12:46:00.382,Within SLA,,10,,Training and Consulting Services,Tier 1,France,48.864716,2.349014,0.8083258333333333,46.15316166666667,False,False,False,Within SLA
Closed,1231,Low,Email,Feature request,2nd line support,Heather Urry,2023-01-26 22:13:13,2023-01-28 22:13:13,2023-01-26 23:13:13,2023-01-26 22:19:20.974,Within SLA,2023-01-28 07:28:47.231,Within SLA,2023-01-30 22:38:00.684,6,1.0,Ready to use Software,Tier 2,Italy,43.036776,12.678565,0.102215,33.25950861111111,False,False,False,Within SLA
Resolved,1232,Low,Chat,Product setup,1st line support,Nicola Wane,2023-01-26 16:23:13,2023-01-27 16:23:13,2023-01-26 16:25:13,2023-01-26 16:24:36.986,Within SLA,2023-01-26 23:11:54.014,Within SLA,,2,,Ready to use Software,Tier 1,Italy,43.036776,12.678565,0.023329444444444444,6.811392777777778,False,False,False,Within SLA
In progress,1233,High,Email,Purchasing and invoicing,2nd line support,Adolpho Messingham,2023-01-26 03:27:40,2023-01-28 03:27:40,2023-01-26 04:27:40,2023-01-26 03:43:57.346,Within SLA,,SLA Violated,,1,,Ready to use Software,Tier 2,Italy,43.036776,12.678565,0.271485,,False,False,True,
Closed,1234,High,Email,Product setup,1st line support,Connor Danielovitch,2023-01-26 23:23:34,2023-01-28 23:23:34,2023-01-27 00:23:34,2023-01-26 23:47:55.650,Within SLA,2023-01-27 08:30:36.129,Within SLA,2023-01-30 21:48:24.622,8,3.0,Custom software development,Tier 1,Germany,51.165691,10.451526,0.4060138888888889,9.117258055555556,False,False,False,Within SLA
In progress,1235,Medium,Phone,Bug report,1st line support,Nicola Wane,2023-01-27 16:27:39,2023-01-29 16:27:39,2023-01-27 16:29:39,2023-01-27 16:28:57.383,Within SLA,,SLA Violated,,2,,Custom software development,Tier 1,Republic of Ireland,53.094024,-8.019675,0.021773055555555556,,False,False,True,
Resolved,1236,Medium,Phone,Pricing and licensing,1st line support,Nicola Wane,2023-01-27 02:57:53,2023-01-29 02:57:53,2023-01-27 02:59:53,2023-01-27 16:31:18.157,SLA Violated,2023-01-28 18:10:24.291,Within SLA,,4,,Ready to use Software,Tier 1,France,48.864716,2.349014,13.556988055555555,39.208691944444446,False,False,False,Within SLA
Closed,1237,Low,Email,Purchasing and invoicing,1st line support,Nicola Wane,2023-01-27 22:18:17,2023-01-29 22:18:17,2023-01-27 23:18:17,2023-01-27 22:32:55.016,Within SLA,2023-01-28 23:14:18.756,Within SLA,2023-01-31 01:04:29.269,1,4.0,Other,Tier 1,United Kingdom,55.378052,-3.435973,0.24389333333333332,24.933821111111108,False,False,False,Within SLA
Closed,1238,Low,Chat,Feature request,1st line support,Nicola Wane,2023-01-27 15:35:12,2023-01-28 15:35:12,2023-01-27 15:37:12,2023-01-27 15:36:34.037,Within SLA,2023-01-27 23:35:09.068,Within SLA,2023-01-30 12:57:07.332,7,4.0,Ready to use Software,Tier 1,Greece,39.368279,21.863141,0.022788055555555558,7.999185555555555,False,False,False,Within SLA
Resolved,1239,Medium,Email,Pricing and licensing,1st line support,Kristos Westoll,2023-01-27 21:11:53,2023-01-29 21:11:53,2023-01-27 22:11:53,2023-01-27 21:22:48.985,Within SLA,2023-01-31 23:41:59.114,SLA Violated,,10,,Ready to use Software,Tier 1,United Kingdom,55.378052,-3.435973,0.18221805555555556,98.50169833333334,False,False,False,SLA Violated
In progress,1240,Low,Chat,Pricing and licensing,1st line support,Connor Danielovitch,2023-01-27 06:05:21,2023-01-28 06:05:21,2023-01-27 06:07:21,2023-01-27 06:06:23.449,Within SLA,,SLA Violated,,6,,Custom software development,Tier 1,France,48.864716,2.349014,0.017346944444444443,,False,False,True,
Resolved,1241,Medium,Chat,Purchasing and invoicing,1st line support,Sheela Cutten,2023-01-27 01:00:46,2023-01-28 01:00:46,2023-01-27 01:02:46,2023-01-27 01:02:04.655,Within SLA,2023-01-27 01:38:39.585,Within SLA,,9,,Ready to use Software,Tier 1,Italy,43.036776,12.678565,0.02184861111111111,0.631551388888889,False,False,False,Within SLA
Closed,1242,Medium,Phone,Pricing and licensing,2nd line support,Heather Urry,2023-01-27 10:22:29,2023-01-29 10:22:29,2023-01-27 10:24:29,2023-01-27 10:22:54.796,Within SLA,2023-01-27 16:43:17.616,Within SLA,2023-02-02 12:22:05.785,1,2.0,Ready to use Software,Tier 2,Slovenia,46.1491664,14.9860106,0.007165555555555555,6.346837777777778,False,False,False,Within SLA
Resolved,1243,Medium,Phone,Pricing and licensing,1st line support,Sheela Cutten,2023-01-27 20:50:46,2023-01-29 20:50:46,2023-01-27 20:52:46,2023-01-27 20:50:56.865,Within SLA,2023-01-28 05:02:39.835,Within SLA,,3,,Training and Consulting Services,Tier 1,Slovenia,46.1491664,14.9860106,0.0030180555555555555,8.1982875,False,False,False,Within SLA
Resolved,1244,Low,Email,Product setup,1st line support,Nicola Wane,2023-01-27 08:33:52,2023-01-29 08:33:52,2023-01-27 09:33:52,2023-01-27 08:47:05.108,Within SLA,2023-01-28 10:02:59.859,Within SLA,,4,,Ready to use Software,Tier 1,France,48.864716,2.349014,0.22030777777777777,25.48551638888889,False,False,False,Within SLA
In progress,1245,Low,Email,Bug report,1st line support,Connor Danielovitch,2023-01-27 21:50:03,2023-01-29 21:50:03,2023-01-27 22:50:03,2023-01-27 21:58:32.973,Within SLA,,SLA Violated,,2,,Ready to use Software,Tier 1,Greece,39.368279,21.863141,0.14165916666666667,,False,False,True,
Closed,1246,Medium,Email,Pricing and licensing,1st line support,Nicola Wane,2023-01-27 17:51:27,2023-01-29 17:51:27,2023-01-27 18:51:27,2023-01-27 18:37:33.471,Within SLA,2023-01-28 21:33:46.609,Within SLA,2023-02-03 00:01:09.050,6,5.0,Custom software development,Tier 1,Czech Republic,49.8037633,15.4749126,0.7684641666666666,27.705446944444443,False,False,False,Within SLA
Closed,1247,High,Chat,Other,1st line support,Connor Danielovitch,2023-01-28 13:39:05,2023-01-29 13:39:05,2023-01-28 13:41:05,2023-01-28 13:40:13.702,Within SLA,2023-01-29 07:08:27.666,Within SLA,2023-02-01 19:45:06.421,3,4.0,Custom software development,Tier 1,Poland,52.536273,19.050639,0.01908388888888889,17.489629444444443,False,False,False,Within SLA
Resolved,1248,Low,Email,Product setup,2nd line support,Heather Urry,2023-01-28 20:03:25,2023-01-30 20:03:25,2023-01-28 21:03:25,2023-01-28 20:33:08.286,Within SLA,2023-01-29 01:44:15.717,Within SLA,,3,,Ready to use Software,Tier 2,Republic of Ireland,53.094024,-8.019675,0.4953572222222222,5.680754722222223,False,False,False,Within SLA
Closed,1254,Low,Chat,Pricing and licensing,1st line support,Sheela Cutten,2023-01-28 12:06:28,2023-01-29 12:06:28,2023-01-28 12:08:28,2023-01-28 12:10:09.197,SLA Violated,2023-01-28 14:28:16.396,Within SLA,2023-02-01 05:42:00.780,4,3.0,Custom software development,Tier 1,Italy,43.036776,12.678565,0.06144361111111111,2.3634433333333336,False,False,False,Within SLA
Closed,1255,Medium,Phone,Other,2nd line support,Heather Urry,2023-01-28 21:26:52,2023-01-30 21:26:52,2023-01-28 21:28:52,2023-01-28 21:28:27.126,Within SLA,2023-01-28 21:42:41.015,Within SLA,2023-01-31 10:52:43.354,2,3.0,Ready to use Software,Tier 2,France,48.864716,2.349014,0.02642388888888889,0.26361527777777777,False,False,False,Within SLA
Closed,1256,High,Chat,Pricing and licensing,1st line support,Nicola Wane,2023-01-29 00:51:51,2023-01-30 00:51:51,2023-01-29 00:53:51,2023-01-29 00:54:35.746,SLA Violated,2023-01-29 01:38:24.993,Within SLA,2023-02-03 10:02:01.406,7,3.0,Custom software development,Tier 1,United Kingdom,55.378052,-3.435973,0.04576277777777778,0.7761091666666666,False,False,False,Within SLA
In progress,1257,Medium,Email,Purchasing and invoicing,1st line support,Nicola Wane,2023-01-29 11:27:02,2023-01-31 11:27:02,2023-01-29 12:27:02,2023-01-29 12:08:48.471,Within SLA,,SLA Violated,,6,,Other,Tier 1,Poland,52.536273,19.050639,0.6962419444444444,,False,False,True,
Closed,1258,Low,Chat,Product setup,2nd line support,Adolpho Messingham,2023-01-29 07:22:44,2023-01-30 07:22:44,2023-01-29 07:24:44,2023-01-29 07:24:23.341,Within SLA,2023-01-29 10:31:48.558,Within SLA,2023-02-02 12:28:35.165,6,4.0,Ready to use Software,Tier 2,Austria,47.6964719,13.3457347,0.027594722222222222,3.1512661111111115,False,False,False,Within SLA
Closed,1259,High,Email,Bug report,1st line support,Sheela Cutten,2023-01-29 02:59:46,2023-01-31 02:59:46,2023-01-29 03:59:46,2023-01-29 06:22:30.845,SLA Violated,2023-01-31 00:27:29.249,Within SLA,2023-01-31 16:26:32.465,1,3.0,Training and Consulting Services,Tier 1,Spain,39.67337,-4.767726,3.379123611111111,45.46201361111111,False,False,False,Within SLA
Closed,1260,Low,Phone,Purchasing and invoicing,1st line support,Connor Danielovitch,2023-01-29 20:28:55,2023-01-31 20:28:55,2023-01-29 20:30:55,2023-01-29 20:29:31.321,Within SLA,2023-01-31 14:01:17.595,Within SLA,2023-02-04 20:17:23.757,1,4.0,Custom software development,Tier 1,Germany,51.165691,10.451526,0.010089166666666666,41.539609722222224,False,False,False,Within SLA
Resolved,1266,Medium,Email,Pricing and licensing,2nd line support,Michele Whyatt,2023-01-29 22:11:14,2023-01-31 22:11:14,2023-01-29 23:11:14,2023-01-29 22:43:29.786,Within SLA,2023-02-03 14:45:47.645,SLA Violated,,3,,Training and Consulting Services,Tier 2,Austria,47.6964719,13.3457347,0.5377183333333333,112.5760125,False,False,False,SLA Violated
Resolved,1267,High,Email,Bug report,1st line support,Kristos Westoll,2023-01-29 05:19:55,2023-01-31 05:19:55,2023-01-29 06:19:55,2023-01-29 05:49:37.878,Within SLA,2023-01-30 14:04:21.513,Within SLA,,7,,Training and Consulting Services,Tier 1,Republic of Ireland,53.094024,-8.019675,0.4952438888888889,32.740698055555555,False,False,False,Within SLA
Closed,1268,Medium,Email,Product setup,1st line support,Bernard Beckley,2023-01-30 04:04:14,2023-02-01 04:04:14,2023-01-30 05:04:14,2023-01-30 04:35:01.801,Within SLA,2023-01-30 15:12:53.741,Within SLA,2023-02-02 07:23:36.969,10,4.0,Other,Tier 1,Poland,52.536273,19.050639,0.5132780555555555,11.144372500000001,False,False,False,Within SLA
Closed,1269,Medium,Chat,Product setup,1st line support,Nicola Wane,2023-01-30 12:20:07,2023-01-31 12:20:07,2023-01-30 12:22:07,2023-01-30 12:21:52.716,Within SLA,2023-01-30 19:18:17.786,Within SLA,2023-02-04 07:17:15.460,7,2.0,Custom software development,Tier 1,Bulgaria,42.7249925,25.4833039,0.029365555555555554,6.969662777777778,False,False,False,Within SLA
Resolved,1270,Medium,Email,Feature request,1st line support,Sheela Cutten,2023-01-30 02:02:01,2023-02-01 02:02:01,2023-01-30 03:02:01,2023-01-30 02:52:02.561,Within SLA,2023-01-31 12:39:24.653,Within SLA,,1,,Custom software development,Tier 1,Czech Republic,49.8037633,15.4749126,0.8337669444444444,34.62323694444444,False,False,False,Within SLA
In progress,1271,Medium,Email,Pricing and licensing,1st line support,Kristos Westoll,2023-01-30 14:51:28,2023-02-01 14:51:28,2023-01-30 15:51:28,2023-01-30 14:54:01.630,Within SLA,,SLA Violated,,10,,Custom software development,Tier 1,Slovenia,46.1491664,14.9860106,0.042675,,False,False,True,
Resolved,1272,Low,Chat,Product setup,1st line support,Kristos Westoll,2023-01-30 20:29:50,2023-01-31 20:29:50,2023-01-30 20:31:50,2023-01-30 20:31:02.301,Within SLA,2023-01-30 22:10:57.276,Within SLA,,7,,Other,Tier 1,Germany,51.165691,10.451526,0.02008361111111111,1.6853544444444444,False,False,False,Within SLA
Closed,1273,Low,Chat,Feature request,1st line support,Sheela Cutten,2023-01-30 16:27:43,2023-01-31 16:27:43,2023-01-30 16:29:43,2023-01-30 16:29:32.810,Within SLA,2023-01-30 23:17:00.676,Within SLA,2023-02-02 05:10:43.425,2,4.0,Custom software development,Tier 1,Italy,43.036776,12.678565,0.030502777777777778,6.821576666666666,False,False,False,Within SLA
Closed,1274,Low,Email,Pricing and licensing,1st line support,Sheela Cutten,2023-01-30 19:13:05,2023-02-01 19:13:05,2023-01-30 20:13:05,2023-01-30 19:49:40.757,Within SLA,2023-01-31 06:09:58.372,Within SLA,2023-02-04 22:13:53.251,3,5.0,Custom software development,Tier 1,Poland,52.536273,19.050639,0.6099325,10.948158888888889,False,False,False,Within SLA
Closed,1275,High,Chat,Product setup,1st line support,Nicola Wane,2023-01-30 03:48:00,2023-01-31 03:48:00,2023-01-30 03:50:00,2023-01-30 03:48:30.861,Within SLA,2023-01-30 04:47:38.811,Within SLA,2023-02-04 09:59:40.150,8,3.0,Other,Tier 1,United Kingdom,55.378052,-3.435973,0.0085725,0.9941141666666667,False,False,False,Within SLA
In progress,1276,Low,Chat,Product setup,1st line support,Nicola Wane,2023-01-30 16:43:16,2023-01-31 16:43:16,2023-01-30 16:45:16,2023-01-30 16:44:18.437,Within SLA,,SLA Violated,,4,,Training and Consulting Services,Tier 1,Germany,51.165691,10.451526,0.01734361111111111,,False,False,True,
In progress,1277,Low,Email,Feature request,1st line support,Nicola Wane,2023-01-31 09:59:04,2023-02-02 09:59:04,2023-01-31 10:59:04,2023-01-31 11:08:28.163,SLA Violated,,SLA Violated,,1,,Custom software development,Tier 1,France,48.864716,2.349014,1.1567119444444443,,False,False,True,
Closed,1278,High,Email,Pricing and licensing,1st line support,Connor Danielovitch,2023-01-31 08:43:50,2023-02-02 08:43:50,2023-01-31 09:43:50,2023-01-31 08:59:04.339,Within SLA,2023-01-31 15:38:55.270,Within SLA,2023-02-05 16:21:59.350,2,3.0,Custom software development,Tier 1,Slovenia,46.1491664,14.9860106,0.25398305555555556,6.918130555555556,False,False,False,Within SLA
Closed,1279,High,Chat,Pricing and licensing,1st line support,Connor Danielovitch,2023-01-31 23:25:32,2023-02-01 23:25:32,2023-01-31 23:27:32,2023-01-31 23:29:33.668,SLA Violated,2023-02-01 11:02:17.395,Within SLA,2023-02-03 13:08:21.858,2,4.0,Custom software development,Tier 1,Italy,43.036776,12.678565,0.06713,11.61260972222222,False,False,False,Within SLA
Resolved,1280,Low,Chat,Feature request,1st line support,Sheela Cutten,2023-01-31 12:27:46,2023-02-01 12:27:46,2023-01-31 12:29:46,2023-01-31 12:29:38.584,Within SLA,2023-01-31 15:58:39.767,Within SLA,,6,,Custom software development,Tier 1,Germany,51.165691,10.451526,0.031273333333333334,3.5149352777777776,False,False,False,Within SLA
Resolved,1281,High,Email,Product setup,2nd line support,Heather Urry,2023-01-31 12:56:35,2023-02-02 12:56:35,2023-01-31 13:56:35,2023-01-31 13:16:06.277,Within SLA,2023-02-02 01:02:20.218,Within SLA,,1,,Training and Consulting Services,Tier 2,Republic of Ireland,53.094024,-8.019675,0.3253547222222222,36.09589388888889,False,False,False,Within SLA
Resolved,1282,Medium,Email,Feature request,1st line support,Nicola Wane,2023-01-31 21:52:19,2023-02-02 21:52:19,2023-01-31 22:52:19,2023-01-31 22:18:47.702,Within SLA,2023-02-01 19:15:35.839,Within SLA,,4,,Custom software development,Tier 1,Bulgaria,42.7249925,25.4833039,0.4413061111111111,21.388010833333336,False,False,False,Within SLA
Closed,1283,Low,Email,Purchasing and invoicing,1st line support,Connor Danielovitch,2023-02-01 11:03:29,2023-02-03 11:03:29,2023-02-01 12:03:29,2023-02-01 11:18:26.726,Within SLA,2023-02-02 06:17:37.669,Within SLA,2023-02-05 18:12:05.390,8,4.0,Custom software development,Tier 1,Republic of Ireland,53.094024,-8.019675,0.24936833333333333,19.235741388888886,False,False,False,Within SLA
Closed,1284,Medium,Email,Product setup,2nd line support,Heather Urry,2023-02-01 10:07:38,2023-02-03 10:07:38,2023-02-01 11:07:38,2023-02-01 11:02:01.966,Within SLA,2023-02-02 09:11:15.299,Within SLA,2023-02-04 21:16:59.145,8,1.0,Other,Tier 2,Austria,47.6964719,13.3457347,0.9066572222222222,23.060360833333334,False,False,False,Within SLA
In progress,1285,Low,Phone,Pricing and licensing,2nd line support,Michele Whyatt,2023-02-01 01:05:14,2023-02-03 01:05:14,2023-02-01 01:07:14,2023-02-01 01:06:10.389,Within SLA,,SLA Violated,,2,,Custom software development,Tier 2,United Kingdom,55.378052,-3.435973,0.01566361111111111,,False,False,True,
Closed,1286,Medium,Email,Feature request,1st line support,Nicola Wane,2023-02-01 12:49:26,2023-02-03 12:49:26,2023-02-01 13:49:26,2023-02-01 13:40:08.311,Within SLA,2023-02-06 01:12:16.060,SLA Violated,2023-02-07 04:04:47.856,10,4.0,Custom software development,Tier 1,Poland,52.536273,19.050639,0.845086388888889,108.38057222222223,False,False,False,SLA Violated
Resolved,1287,Low,Chat,Product setup,2nd line support,Adolpho Messingham,2023-02-01 20:49:32,2023-02-02 20:49:32,2023-02-01 20:51:32,2023-02-01 20:50:00.467,Within SLA,2023-02-04 22:34:56.072,SLA Violated,,4,,Custom software development,Tier 2,Germany,51.165691,10.451526,0.0079075,73.75668666666667,False,False,False,SLA Violated
Closed,1288,Medium,Phone,Other,2nd line support,Adolpho Messingham,2023-02-01 19:56:22,2023-02-03 19:56:22,2023-02-01 19:58:22,2023-02-01 01:10:53.759,Within SLA,2023-02-03 02:35:00.869,Within SLA,2023-02-06 23:55:03.251,2,5.0,Training and Consulting Services,Tier 2,Bulgaria,42.7249925,25.4833039,,30.64413027777778,True,False,False,Within SLA
Closed,1289,Low,Email,Other,1st line support,Connor Danielovitch,2023-02-01 09:34:09,2023-02-03 09:34:09,2023-02-01 10:34:09,2023-02-01 10:03:29.325,Within SLA,2023-02-02 16:28:18.986,Within SLA,2023-02-06 09:35:55.173,3,3.0,Ready to use Software,Tier 1,Austria,47.6964719,13.3457347,0.4889791666666667,30.90277388888889,False,False,False,Within SLA
Closed,1291,Medium,Email,Pricing and licensing,1st line support,Connor Danielovitch,2023-02-01 01:23:17,2023-02-03 01:23:17,2023-02-01 02:23:17,2023-02-01 06:04:23.142,SLA Violated,2023-02-01 21:26:37.943,Within SLA,2023-02-05 14:02:34.847,2,4.0,Other,Tier 1,France,48.864716,2.349014,4.6850394444444445,20.0558175,False,False,False,Within SLA
Closed,1292,Low,Chat,Product setup,1st line support,Kristos Westoll,2023-02-01 08:00:59,2023-02-02 08:00:59,2023-02-01 08:02:59,2023-02-01 08:02:38.068,Within SLA,2023-02-01 17:27:48.486,Within SLA,2023-02-08 06:53:34.631,8,2.0,Ready to use Software,Tier 1,Republic of Ireland,53.094024,-8.019675,0.027518888888888888,9.447079444444444,False,False,False,Within SLA
In progress,1294,Low,Email,Feature request,1st line support,Bernard Beckley,2023-02-02 15:20:34,2023-02-04 15:20:34,2023-02-02 16:20:34,2023-02-02 15:44:22.618,Within SLA,,SLA Violated,,4,,Other,Tier 1,Republic of Ireland,53.094024,-8.019675,0.3968383333333333,,False,False,True,
Resolved,1295,Low,Email,Feature request,1st line support,Connor Danielovitch,2023-02-02 00:08:59,2023-02-04 00:08:59,2023-02-02 01:08:59,2023-02-02 00:44:07.017,Within SLA,2023-02-02 04:25:12.153,Within SLA,,1,,Ready to use Software,Tier 1,Bulgaria,42.7249925,25.4833039,0.5855602777777777,4.270320277777778,False,False,False,Within SLA
Closed,1296,Medium,Chat,Pricing and licensing,1st line support,Nicola Wane,2023-02-02 02:14:08,2023-02-03 02:14:08,2023-02-02 02:16:08,2023-02-02 02:14:49.778,Within SLA,2023-02-02 14:39:24.072,Within SLA,2023-02-07 16:43:42.788,4,1.0,Custom software development,Tier 1,Italy,43.036776,12.678565,0.011604999999999999,12.42113111111111,False,False,False,Within SLA
Closed,1297,Low,Chat,Product setup,1st line support,Sheela Cutten,2023-02-02 23:36:10,2023-02-03 23:36:10,2023-02-02 23:38:10,2023-02-02 23:37:50.697,Within SLA,2023-02-03 22:56:52.625,Within SLA,2023-02-06 17:51:51.562,60,3.0,Ready to use Software,Tier 1,Czech Republic,49.8037633,15.4749126,0.02797138888888889,23.34517361111111,False,True,False,Within SLA
Closed,1298,Low,Email,Feature request,1st line support,Connor Danielovitch,2023-02-02 16:29:15,2023-02-04 16:29:15,2023-02-02 17:29:15,2023-02-02 17:16:37.402,Within SLA,2023-02-04 08:41:12.232,Within SLA,2023-02-05 15:55:45.477,8,5.0,Ready to use Software,Tier 1,Spain,39.67337,-4.767726,0.7895561111111111,40.19923111111111,False,False,False,Within SLA
Closed,1299,Low,Phone,Feature request,1st line support,Bernard Beckley,2023-02-02 07:41:17,2023-02-04 07:41:17,2023-02-02 07:43:17,2023-02-02 07:43:03.638,Within SLA,2023-02-03 00:33:00.829,Within SLA,2023-02-05 11:51:03.429,2,1.0,Custom software development,Tier 1,Slovenia,46.1491664,14.9860106,0.029621666666666668,16.86217472222222,False,False,False,Within SLA
Resolved,1300,Medium,Chat,Pricing and licensing,1st line support,Bernard Beckley,2023-02-03 14:41:04,2023-02-04 14:41:04,2023-02-03 14:43:04,2023-02-03 14:42:44.902,Within SLA,2023-02-06 03:29:03.842,SLA Violated,,6,,Custom software development,Tier 1,Czech Republic,49.8037633,15.4749126,0.028028333333333332,60.799956111111115,False,False,False,SLA Violated
Closed,1301,Low,Phone,Product setup,1st line support,Connor Danielovitch,2023-02-03 23:09:18,2023-02-05 23:09:18,2023-02-03 23:11:18,2023-02-03 23:09:34.828,Within SLA,2023-02-05 17:59:00.518,Within SLA,2023-02-06 16:06:04.120,1,3.0,Ready to use Software,Tier 1,Greece,39.368279,21.863141,0.004674444444444445,42.828477222222226,False,False,False,Within SLA
Resolved,1302,High,Email,Pricing and licensing,1st line support,Sheela Cutten,2023-02-03 20:17:28,2023-02-05 20:17:28,2023-02-03 21:17:28,2023-02-03 21:10:14.239,Within SLA,2023-02-05 13:15:08.386,Within SLA,,3,,Custom software development,Tier 1,Italy,43.036776,12.678565,0.8795108333333334,40.961218333333335,False,False,False,Within SLA
Resolved,1303,Low,Phone,Product setup,1st line support,Nicola Wane,2023-02-03 18:46:35,2023-02-05 18:46:35,2023-02-03 18:48:35,2023-02-03 18:49:43.043,SLA Violated,2023-02-04 05:03:44.272,Within SLA,,3,,Ready to use Software,Tier 1,Slovenia,46.1491664,14.9860106,0.05223416666666667,10.285908888888889,False,False,False,Within SLA
Resolved,1304,Medium,Phone,Purchasing and invoicing,1st line support,Sheela Cutten,2023-02-03 19:19:03,2023-02-05 19:19:03,2023-02-03 19:21:03,2023-02-03 19:24:43.044,SLA Violated,2023-02-05 12:43:11.262,Within SLA,,5,,Other,Tier 1,Germany,51.165691,10.451526,0.09445666666666666,41.402294999999995,False,False,False,Within SLA
Resolved,1305,Low,Email,Purchasing and invoicing,1st line support,Bernard Beckley,2023-02-03 01:50:32,2023-02-05 01:50:32,2023-02-03 02:50:32,2023-02-03 02:11:52.022,Within SLA,2023-02-03 05:17:29.517,Within SLA,,1,,Ready to use Software,Tier 1,Czech Republic,49.8037633,15.4749126,0.35556166666666666,3.4493102777777778,False,False,False,Within SLA
Closed,1306,High,Chat,Bug report,1st line support,Connor Danielovitch,2023-02-04 13:06:47,2023-02-05 13:06:47,2023-02-04 13:08:47,2023-02-04 13:08:10.148,Within SLA,2023-02-04 15:20:57.218,Within SLA,2023-02-08 02:49:11.716,7,5.0,Training and Consulting Services,Tier 1,United Kingdom,55.378052,-3.435973,0.023096666666666665,2.2361716666666664,False,False,False,Within SLA
Closed,1307,Low,Email,Product setup,1st line support,Kristos Westoll,2023-02-04 22:36:42,2023-02-06 22:36:42,2023-02-04 23:36:42,2023-02-04 23:15:13.726,Within SLA,2023-02-05 11:17:59.745,Within SLA,2023-02-09 00:46:27.264,10,5.0,Ready to use Software,Tier 1,Republic of Ireland,53.094024,-8.019675,0.6421461111111112,12.6882625,False,False,False,Within SLA
Resolved,1317,High,Email,Feature request,2nd line support,Heather Urry,2023-02-05 00:18:33,2023-02-07 00:18:33,2023-02-05 01:18:33,2023-02-05 00:52:10.231,Within SLA,2023-02-06 21:46:04.521,Within SLA,,3,,Other,Tier 2,Austria,47.6964719,13.3457347,0.5603419444444444,45.458755833333335,False,False,False,Within SLA
Closed,1318,Low,Email,Pricing and licensing,1st line support,Nicola Wane,2023-02-05 02:31:11,2023-02-07 02:31:11,2023-02-05 03:31:11,2023-02-05 03:30:22.062,Within SLA,2023-02-06 16:16:34.263,Within SLA,2023-02-10 19:21:20.988,2,4.0,Other,Tier 1,France,48.864716,2.349014,0.9864061111111111,37.756461944444446,False,False,False,Within SLA
Resolved,1319,Medium,Chat,Bug report,2nd line support,Heather Urry,2023-02-05 05:01:30,2023-02-06 05:01:30,2023-02-05 05:03:30,2023-02-05 05:03:03.466,Within SLA,2023-02-05 17:35:47.899,Within SLA,,4,,Custom software development,Tier 2,Bulgaria,42.7249925,25.4833039,0.025962777777777776,12.57163861111111,False,False,False,Within SLA
In progress,1321,Low,Email,Pricing and licensing,1st line support,Kristos Westoll,2023-02-05 05:51:11,2023-02-07 05:51:11,2023-02-05 06:51:11,2023-02-05 06:46:03.125,Within SLA,,SLA Violated,,1,,Custom software development,Tier 1,Republic of Ireland,53.094024,-8.019675,0.9144791666666666,,False,False,True,
Resolved,1323,Low,Email,Pricing and licensing,1st line support,Nicola Wane,2023-02-06 20:45:42,2023-02-08 20:45:42,2023-02-06 21:45:42,2023-02-06 21:14:22.711,Within SLA,2023-02-06 23:33:15.816,Within SLA,,3,,Ready to use Software,Tier 1,Austria,47.6964719,13.3457347,0.47797527777777776,2.792726666666667,False,False,False,Within SLA
Resolved,1324,Medium,Email,Pricing and licensing,2nd line support,Michele Whyatt,2023-02-06 08:09:22,2023-02-08 08:09:22,2023-02-06 09:09:22,2023-02-06 08:19:29.838,Within SLA,2023-02-10 04:43:22.870,SLA Violated,,1,,Custom software development,Tier 2,Germany,51.165691,10.451526,0.16884388888888888,92.56690833333333,False,False,False,SLA Violated
Closed,1325,Medium,Email,Purchasing and invoicing,1st line support,Sheela Cutten,2023-02-06 02:27:39,2023-02-08 02:27:39,2023-02-06 03:27:39,2023-02-06 02:56:04.586,Within SLA,2023-02-06 09:55:48.523,Within SLA,2023-02-08 16:27:01.449,5,5.0,Custom software development,Tier 1,United Kingdom,55.378052,-3.435973,0.4737738888888889,7.469311944444445,False,False,False,Within SLA
Closed,1326,Medium,Chat,Product setup,1st line support,Kristos Westoll,2023-02-06 08:26:15,2023-02-07 08:26:15,2023-02-06 08:28:15,2023-02-06 08:30:58.074,SLA Violated,2023-02-06 15:57:04.970,Within SLA,2023-02-12 09:14:08.481,4,4.0,Other,Tier 1,France,48.864716,2.349014,0.07863166666666667,7.513880555555556,False,False,False,Within SLA
Resolved,1327,High,Chat,Bug report,1st line support,Bernard Beckley,2023-02-06 03:34:48,2023-02-07 03:34:48,2023-02-06 03:36:48,2023-02-06 03:35:39.182,Within SLA,2023-02-06 10:45:49.469,Within SLA,,6,,Ready to use Software,Tier 1,Republic of Ireland,53.094024,-8.019675,0.014217222222222223,7.1837413888888895,False,False,False,Within SLA
In progress,1328,Low,Email,Feature request,1st line support,Connor Danielovitch,2023-02-06 10:53:21,2023-02-08 10:53:21,2023-02-06 11:53:21,2023-02-06 11:49:03.885,Within SLA,,SLA Violated,,1,,Custom software development,Tier 1,Bulgaria,42.7249925,25.4833039,0.9285791666666667,,False,False,True,
In progress,1329,Medium,Chat,Bug report,1st line support,Bernard Beckley,2023-02-06 12:00:35,2023-02-07 12:00:35,2023-02-06 12:02:35,2023-02-06 12:00:59.681,Within SLA,,SLA Violated,,6,,Ready to use Software,Tier 1,Republic of Ireland,53.094024,-8.019675,0.006855833333333334,,False,False,True,
Resolved,1330,Low,Email,Purchasing and invoicing,1st line support,Bernard Beckley,2023-02-06 11:37:20,2023-02-08 11:37:20,2023-02-06 12:37:20,2023-02-06 11:58:14.085,Within SLA,2023-02-07 06:23:52.748,Within SLA,,3,,Custom software development,Tier 1,Republic of Ireland,53.094024,-8.019675,0.3483569444444444,18.775763333333334,False,False,False,Within SLA
Resolved,1331,Medium,Email,Purchasing and invoicing,1st line support,Nicola Wane,2023-02-07 18:37:55,2023-02-09 18:37:55,2023-02-07 19:37:55,2023-02-08 02:30:10.069,SLA Violated,2023-02-07 23:03:12.985,Within SLA,,9,,Other,Tier 1,Slovenia,46.1491664,14.9860106,7.8708525,4.4216625,False,False,False,Within SLA
Resolved,1332,High,Email,Product setup,1st line support,Sheela Cutten,2023-02-07 11:38:34,2023-02-09 11:38:34,2023-02-07 12:38:34,2023-02-07 11:58:33.934,Within SLA,2023-02-08 23:29:06.037,Within SLA,,4,,Training and Consulting Services,Tier 1,Austria,47.6964719,13.3457347,0.333315,35.8422325,False,False,False,Within SLA
Closed,1333,Medium,Chat,Feature request,1st line support,Sheela Cutten,2023-02-07 11:08:59,2023-02-08 11:08:59,2023-02-07 11:10:59,2023-02-07 11:09:27.786,Within SLA,2023-02-10 19:19:59.716,SLA Violated,2023-02-10 23:38:23.282,6,3.0,Ready to use Software,Tier 1,Slovenia,46.1491664,14.9860106,0.007996111111111112,80.18353222222223,False,False,False,SLA Violated
Closed,1334,Low,Phone,Product setup,1st line support,Nicola Wane,2023-02-07 01:47:29,2023-02-09 01:47:29,2023-02-07 01:49:29,2023-02-07 01:49:22.252,Within SLA,2023-02-08 23:23:22.573,Within SLA,2023-02-12 13:38:25.539,5,2.0,Training and Consulting Services,Tier 1,Spain,39.67337,-4.767726,0.03145888888888889,45.598214722222224,False,False,False,Within SLA
In progress,1335,High,Email,Bug report,1st line support,Sheela Cutten,2023-02-07 04:06:57,2023-02-09 04:06:57,2023-02-07 05:06:57,2023-02-07 04:24:21.922,Within SLA,,SLA Violated,,1,,Custom software development,Tier 1,France,48.864716,2.349014,0.2902561111111111,,False,False,True,
Closed,1336,Low,Email,Other,1st line support,Connor Danielovitch,2023-02-07 19:03:37,2023-02-09 19:03:37,2023-02-07 20:03:37,2023-02-07 19:33:54.551,Within SLA,2023-02-08 08:23:06.081,Within SLA,2023-02-14 00:58:07.670,2,4.0,Custom software development,Tier 1,Germany,51.165691,10.451526,0.5048752777777777,13.324744722222222,False,False,False,Within SLA
Closed,1337,High,Chat,Pricing and licensing,1st line support,Nicola Wane,2023-02-08 04:57:52,2023-02-09 04:57:52,2023-02-08 04:59:52,2023-02-08 04:58:51.619,Within SLA,2023-02-08 16:56:09.968,Within SLA,2023-02-12 05:52:56.476,2,4.0,Ready to use Software,Tier 1,United Kingdom,55.378052,-3.435973,0.016560833333333334,11.971657777777779,False,False,False,Within SLA
Closed,1338,Low,Email,Product setup,1st line support,Sheela Cutten,2023-02-08 16:09:53,2023-02-10 16:09:53,2023-02-08 17:09:53,2023-02-08 16:23:15.622,Within SLA,2023-02-10 04:36:43.140,Within SLA,2023-02-10 19:50:04.383,2,3.0,Training and Consulting Services,Tier 1,United Kingdom,55.378052,-3.435973,0.22295055555555554,36.44726111111112,False,False,False,Within SLA
Resolved,1339,Low,Email,Pricing and licensing,1st line support,Kristos Westoll,2023-02-08 16:05:21,2023-02-10 16:05:21,2023-02-08 17:05:21,2023-02-08 16:37:25.221,Within SLA,2023-02-09 16:52:49.503,Within SLA,,1,,Training and Consulting Services,Tier 1,Austria,47.6964719,13.3457347,0.5345058333333333,24.791250833333333,False,False,False,Within SLA
Closed,1340,Low,Phone,Other,2nd line support,Michele Whyatt,2023-02-08 04:38:57,2023-02-10 04:38:57,2023-02-08 04:40:57,2023-02-08 04:39:46.636,Within SLA,2023-02-09 03:39:36.342,Within SLA,2023-02-08 14:20:06.012,3,5.0,Ready to use Software,Tier 2,Poland,52.536273,19.050639,0.013787777777777779,23.010928333333336,False,False,False,Within SLA
In progress,1341,Medium,Phone,Pricing and licensing,1st line support,Kristos Westoll,2023-02-08 13:44:37,2023-02-10 13:44:37,2023-02-08 13:46:37,2023-02-08 13:46:21.956,Within SLA,,SLA Violated,,1,,Custom software development,Tier 1,Poland,52.536273,19.050639,0.029154444444444445,,False,False,True,
Resolved,1342,Low,Email,Pricing and licensing,2nd line support,Michele Whyatt,2023-02-09 08:50:38,2023-02-11 08:50:38,2023-02-09 09:50:38,2023-02-09 09:22:37.044,Within SLA,2023-02-10 13:49:25.577,Within SLA,,1,,Training and Consulting Services,Tier 2,Slovenia,46.1491664,14.9860106,0.5330677777777778,28.979882500000002,False,False,False,Within SLA
Resolved,1343,Low,Chat,Pricing and licensing,1st line support,Kristos Westoll,2023-02-09 06:38:37,2023-02-10 06:38:37,2023-02-09 06:40:37,2023-02-09 06:39:32.698,Within SLA,2023-02-10 02:18:45.945,Within SLA,,60,,Ready to use Software,Tier 1,Germany,51.165691,10.451526,0.015471666666666667,19.669151388888892,False,True,False,Within SLA
In progress,1344,High,Chat,Product setup,1st line support,Sheela Cutten,2023-02-09 07:54:38,2023-02-10 07:54:38,2023-02-09 07:56:38,2023-02-09 07:59:35.680,SLA Violated,,SLA Violated,,4,,Other,Tier 1,Italy,43.036776,12.678565,0.0826888888888889,,False,False,True,
Resolved,1345,Medium,Email,Product setup,2nd line support,Adolpho Messingham,2023-02-09 19:20:58,2023-02-11 19:20:58,2023-02-09 20:20:58,2023-02-09 19:27:02.102,Within SLA,2023-02-10 06:49:48.964,Within SLA,,2,,Custom software development,Tier 2,Slovenia,46.1491664,14.9860106,0.10113944444444443,11.480823333333333,False,False,False,Within SLA
In progress,1346,Medium,Chat,Bug report,1st line support,Sheela Cutten,2023-02-09 03:51:03,2023-02-10 03:51:03,2023-02-09 03:53:03,2023-02-09 03:51:46.711,Within SLA,,SLA Violated,,6,,Custom software development,Tier 1,Austria,47.6964719,13.3457347,0.012141944444444445,,False,False,True,
In progress,1347,Low,Email,Product setup,1st line support,Nicola Wane,2023-02-09 20:42:00,2023-02-11 20:42:00,2023-02-09 21:42:00,2023-02-09 21:34:23.309,Within SLA,,SLA Violated,,9,,Ready to use Software,Tier 1,Italy,43.036776,12.678565,0.8731413888888889,,False,False,True,
Resolved,1348,High,Email,Bug report,2nd line support,Michele Whyatt,2023-02-09 20:34:25,2023-02-11 20:34:25,2023-02-09 21:34:25,2023-02-09 21:19:12.420,Within SLA,2023-02-10 10:21:06.691,Within SLA,,6,,Training and Consulting Services,Tier 2,Germany,51.165691,10.451526,0.7465055555555555,13.778247499999999,False,False,False,Within SLA
Resolved,1349,Low,Email,Bug report,1st line support,Sheela Cutten,2023-02-09 03:04:22,2023-02-11 03:04:22,2023-02-09 04:04:22,2023-02-09 03:32:28.503,Within SLA,2023-02-10 09:37:06.903,Within SLA,,5,,Ready to use Software,Tier 1,Greece,39.368279,21.863141,0.4684730555555555,30.54580638888889,False,False,False,Within SLA
Closed,1350,Low,Email,Feature request,1st line support,Kristos Westoll,2023-02-09 10:01:05,2023-02-11 10:01:05,2023-02-09 11:01:05,2023-02-09 10:55:54.223,Within SLA,2023-02-09 14:23:58.274,Within SLA,2023-02-11 20:32:34.057,10,5.0,Other,Tier 1,Spain,39.67337,-4.767726,0.9136730555555556,4.3814649999999995,False,False,False,Within SLA
In progress,1351,Medium,Email,Purchasing and invoicing,1st line support,Sheela Cutten,2023-02-09 11:28:08,2023-02-11 11:28:08,2023-02-09 12:28:08,2023-02-09 11:52:03.360,Within SLA,,SLA Violated,,3,,Custom software development,Tier 1,Greece,39.368279,21.863141,0.39871111111111107,,False,False,True,
In progress,1352,Medium,Email,Product setup,1st line support,Connor Danielovitch,2023-02-10 23:16:13,2023-02-12 23:16:13,2023-02-11 00:16:13,2023-02-10 23:39:28.906,Within SLA,,SLA Violated,,2,,Other,Tier 1,Republic of Ireland,53.094024,-8.019675,0.38775166666666666,,False,False,True,
Resolved,1353,Low,Phone,Other,1st line support,Connor Danielovitch,2023-02-10 21:21:01,2023-02-12 21:21:01,2023-02-10 21:23:01,2023-02-10 21:22:07.429,Within SLA,2023-02-11 05:27:01.006,Within SLA,,3,,Custom software development,Tier 1,Germany,51.165691,10.451526,0.0184525,8.100001666666667,False,False,False,Within SLA
Closed,1354,Medium,Email,Other,1st line support,Nicola Wane,2023-02-10 03:56:25,2023-02-12 03:56:25,2023-02-10 04:56:25,2023-02-10 04:01:52.427,Within SLA,2023-02-13 07:35:54.775,SLA Violated,2023-02-13 13:26:39.536,10,5.0,Ready to use Software,Tier 1,Poland,52.536273,19.050639,0.09095194444444445,75.65827083333333,False,False,False,SLA Violated
Closed,1355,High,Phone,Pricing and licensing,1st line support,Connor Danielovitch,2023-02-10 10:39:29,2023-02-12 10:39:29,2023-02-10 10:41:29,2023-02-10 10:43:14.351,SLA Violated,2023-02-13 09:15:15.645,SLA Violated,2023-02-14 08:33:59.460,2,3.0,Ready to use Software,Tier 1,United Kingdom,55.378052,-3.435973,0.0625975,70.59629027777777,False,False,False,SLA Violated
Resolved,1356,High,Chat,Pricing and licensing,1st line support,Nicola Wane,2023-02-10 07:48:37,2023-02-11 07:48:37,2023-02-10 07:50:37,2023-02-10 07:49:01.667,Within SLA,2023-02-11 00:46:50.124,Within SLA,,6,,Custom software development,Tier 1,Italy,43.036776,12.678565,0.006851944444444445,16.970312222222223,False,False,False,Within SLA
Resolved,1357,Low,Email,Product setup,1st line support,Kristos Westoll,2023-02-11 23:15:36,2023-02-13 23:15:36,2023-02-12 00:15:36,2023-02-12 00:10:07.129,Within SLA,2023-02-13 08:12:21.783,Within SLA,,6,,Training and Consulting Services,Tier 1,Spain,39.67337,-4.767726,0.9086469444444444,32.94605083333333,False,False,False,Within SLA
In progress,1358,Medium,Email,Bug report,1st line support,Nicola Wane,2023-02-11 17:13:31,2023-02-13 17:13:31,2023-02-11 18:13:31,2023-02-11 22:22:15.161,SLA Violated,,SLA Violated,,4,,Custom software development,Tier 1,Italy,43.036776,12.678565,5.145600277777778,,False,False,True,
Closed,1359,Medium,Chat,Product setup,1st line support,Bernard Beckley,2023-02-11 23:00:44,2023-02-12 23:00:44,2023-02-11 23:02:44,2023-02-11 23:02:37.030,Within SLA,2023-02-12 22:01:18.193,Within SLA,2023-02-16 07:06:26.694,2,3.0,Ready to use Software,Tier 1,United Kingdom,55.378052,-3.435973,0.03139722222222222,23.009498055555554,False,False,False,Within SLA
Resolved,1368,High,Chat,Other,1st line support,Kristos Westoll,2023-02-12 17:55:38,2023-02-13 17:55:38,2023-02-12 17:57:38,2023-02-12 18:00:18.969,SLA Violated,2023-02-13 17:09:38.808,Within SLA,,6,,Other,Tier 1,Spain,39.67337,-4.767726,0.07804694444444445,23.23355777777778,False,False,False,Within SLA
Closed,1372,Low,Email,Other,1st line support,Nicola Wane,2023-02-12 20:50:05,2023-02-14 20:50:05,2023-02-12 21:50:05,2023-02-12 21:02:24.836,Within SLA,2023-02-13 14:36:09.894,Within SLA,2023-02-14 10:17:43.580,5,3.0,Training and Consulting Services,Tier 1,United Kingdom,55.378052,-3.435973,0.20551,17.768026111111112,False,False,False,Within SLA
Resolved,1373,High,Chat,Product setup,1st line support,Bernard Beckley,2023-02-12 13:46:33,2023-02-13 13:46:33,2023-02-12 13:48:33,2023-02-12 13:47:10.867,Within SLA,2023-02-13 08:21:52.556,Within SLA,,6,,Ready to use Software,Tier 1,Bulgaria,42.7249925,25.4833039,0.01051861111111111,18.588765555555554,False,False,False,Within SLA
Closed,1374,High,Email,Product setup,1st line support,Sheela Cutten,2023-02-13 16:58:46,2023-02-15 16:58:46,2023-02-13 17:58:46,2023-02-13 17:26:52.406,Within SLA,2023-02-15 02:51:51.914,Within SLA,2023-02-19 15:33:51.059,7,4.0,Ready to use Software,Tier 1,Greece,39.368279,21.863141,0.4684461111111111,33.884976111111115,False,False,False,Within SLA
Closed,1375,High,Chat,Feature request,1st line support,Kristos Westoll,2023-02-13 05:54:09,2023-02-14 05:54:09,2023-02-13 05:56:09,2023-02-13 05:54:13.005,Within SLA,2023-02-13 09:43:22.326,Within SLA,2023-02-15 09:20:38.769,8,4.0,Custom software development,Tier 1,United Kingdom,55.378052,-3.435973,0.0011125,3.820368333333333,False,False,False,Within SLA
Closed,1376,Medium,Email,Feature request,2nd line support,Heather Urry,2023-02-13 22:00:47,2023-02-15 22:00:47,2023-02-13 23:00:47,2023-02-13 22:38:58.734,Within SLA,2023-02-14 18:30:47.769,Within SLA,2023-02-17 00:45:53.503,1,5.0,Custom software development,Tier 2,France,48.864716,2.349014,0.6365927777777778,20.50021361111111,False,False,False,Within SLA
Closed,1377,Medium,Chat,Product setup,1st line support,Kristos Westoll,2023-02-13 15:35:36,2023-02-14 15:35:36,2023-02-13 15:37:36,2023-02-13 15:36:45.135,Within SLA,2023-02-13 21:59:35.128,Within SLA,2023-02-18 12:49:55.035,2,5.0,Ready to use Software,Tier 1,Austria,47.6964719,13.3457347,0.019204166666666668,6.399757777777778,False,False,False,Within SLA
In progress,1378,High,Chat,Pricing and licensing,1st line support,Nicola Wane,2023-02-13 11:51:48,2023-02-14 11:51:48,2023-02-13 11:53:48,2023-02-13 11:53:42.305,Within SLA,,SLA Violated,,6,,Other,Tier 1,Germany,51.165691,10.451526,0.03175138888888889,,False,False,True,
Closed,1379,Low,Email,Product setup,1st line support,Sheela Cutten,2023-02-14 15:59:53,2023-02-16 15:59:53,2023-02-14 16:59:53,2023-02-14 16:11:38.158,Within SLA,2023-02-16 12:20:03.502,Within SLA,2023-02-15 19:54:53.134,3,4.0,Ready to use Software,Tier 1,Poland,52.536273,19.050639,0.19587722222222223,44.33625055555556,False,False,False,Within SLA
In progress,1380,Low,Email,Bug report,2nd line support,Adolpho Messingham,2023-02-14 14:37:36,2023-02-16 14:37:36,2023-02-14 15:37:36,2023-02-14 15:28:41.427,Within SLA,,SLA Violated,,2,,Ready to use Software,Tier 2,United Kingdom,55.378052,-3.435973,0.8515075000000001,,False,False,True,
Closed,1381,Medium,Email,Pricing and licensing,2nd line support,Heather Urry,2023-02-14 13:50:42,2023-02-16 13:50:42,2023-02-14 14:50:42,2023-02-14 14:34:00.184,Within SLA,2023-02-15 09:50:35.669,Within SLA,2023-02-20 00:57:43.688,1,1.0,Custom software development,Tier 2,Germany,51.165691,10.451526,0.7217177777777778,19.998241388888886,False,False,False,Within SLA
Resolved,1382,High,Email,Pricing and licensing,1st line support,Connor Danielovitch,2023-02-14 22:46:19,2023-02-16 22:46:19,2023-02-14 23:46:19,2023-02-14 23:57:05.706,SLA Violated,2023-02-15 07:22:07.519,Within SLA,,3,,Other,Tier 1,Greece,39.368279,21.863141,1.1796405555555556,8.596810833333333,False,False,False,Within SLA
Resolved,1383,Low,Chat,Product setup,1st line support,Kristos Westoll,2023-02-14 05:47:05,2023-02-15 05:47:05,2023-02-14 05:49:05,2023-02-14 05:48:39.332,Within SLA,2023-02-14 09:08:57.210,Within SLA,,7,,Ready to use Software,Tier 1,Bulgaria,42.7249925,25.4833039,0.026203333333333332,3.3645027777777776,False,False,False,Within SLA
Resolved,1384,Low,Phone,Pricing and licensing,1st line support,Kristos Westoll,2023-02-14 15:54:07,2023-02-16 15:54:07,2023-02-14 15:56:07,2023-02-14 15:56:41.735,SLA Violated,2023-02-14 20:39:00.995,Within SLA,,6,,Ready to use Software,Tier 1,Germany,51.165691,10.451526,0.04298194444444445,4.748331944444444,False,False,False,Within SLA
Closed,1385,Low,Email,Product setup,2nd line support,Michele Whyatt,2023-02-14 10:28:47,2023-02-16 10:28:47,2023-02-14 11:28:47,2023-02-14 10:59:14.153,Within SLA,2023-02-15 08:28:39.873,Within SLA,2023-02-20 05:47:09.458,1,1.0,Ready to use Software,Tier 2,Austria,47.6964719,13.3457347,0.5075425,21.99802027777778,False,False,False,Within SLA
Closed,1386,High,Phone,Feature request,2nd line support,Michele Whyatt,2023-02-14 08:24:35,2023-02-16 08:24:35,2023-02-14 08:26:35,2023-02-14 08:27:31.344,SLA Violated,2023-02-14 17:14:24.069,Within SLA,2023-02-16 03:22:15.616,2,1.0,Other,Tier 2,Italy,43.036776,12.678565,0.04898444444444444,8.830296944444445,False,False,False,Within SLA
In progress,1387,Medium,Phone,Other,1st line support,Kristos Westoll,2023-02-15 18:19:14,2023-02-17 18:19:14,2023-02-15 18:21:14,2023-02-15 18:19:27.718,Within SLA,,SLA Violated,,2,,Ready to use Software,Tier 1,Poland,52.536273,19.050639,0.0038105555555555557,,False,False,True,
Closed,1388,Low,Email,Pricing and licensing,1st line support,Sheela Cutten,2023-02-15 17:28:46,2023-02-17 17:28:46,2023-02-15 18:28:46,2023-02-15 18:02:57.267,Within SLA,2023-02-17 12:53:44.402,Within SLA,2023-02-21 07:14:46.247,7,5.0,Ready to use Software,Tier 1,Italy,43.036776,12.678565,0.5697963888888888,43.416222777777776,False,False,False,Within SLA
Closed,1389,Low,Email,Pricing and licensing,2nd line support,Michele Whyatt,2023-02-15 17:13:03,2023-02-17 17:13:03,2023-02-15 18:13:03,2023-02-15 17:23:53.264,Within SLA,2023-02-16 14:43:11.874,Within SLA,2023-02-17 13:39:07.485,6,1.0,Custom software development,Tier 2,Greece,39.368279,21.863141,0.1806288888888889,21.502464999999997,False,False,False,Within SLA
Resolved,1390,High,Email,Product setup,1st line support,Nicola Wane,2023-02-15 02:01:20,2023-02-17 02:01:20,2023-02-15 03:01:20,2023-02-15 02:27:28.292,Within SLA,2023-02-17 00:02:38.232,Within SLA,,10,,Ready to use Software,Tier 1,Poland,52.536273,19.050639,0.4356366666666666,46.02173111111111,False,False,False,Within SLA
Resolved,1391,Low,Email,Bug report,1st line support,Sheela Cutten,2023-02-15 00:06:37,2023-02-17 00:06:37,2023-02-15 01:06:37,2023-02-15 00:23:29.787,Within SLA,2023-02-15 11:07:33.382,Within SLA,,8,,Ready to use Software,Tier 1,United Kingdom,55.378052,-3.435973,0.28132972222222224,11.015661666666666,False,False,False,Within SLA
Closed,1392,Low,Email,Pricing and licensing,1st line support,Bernard Beckley,2023-02-15 12:18:14,2023-02-17 12:18:14,2023-02-15 13:18:14,2023-02-15 12:20:52.846,Within SLA,2023-02-18 15:38:03.421,SLA Violated,2023-02-20 05:56:49.302,5,5.0,Custom software development,Tier 1,Spain,39.67337,-4.767726,0.04412388888888889,75.33039472222221,False,False,False,SLA Violated
Resolved,1393,High,Phone,Pricing and licensing,1st line support,Kristos Westoll,2023-02-15 00:29:04,2023-02-17 00:29:04,2023-02-15 00:31:04,2023-02-15 00:29:50.508,Within SLA,2023-02-15 17:52:42.837,Within SLA,,1,,Custom software development,Tier 1,Italy,43.036776,12.678565,0.01291888888888889,17.394121388888887,False,False,False,Within SLA
Resolved,1394,High,Email,Pricing and licensing,2nd line support,Heather Urry,2023-02-15 16:04:53,2023-02-17 16:04:53,2023-02-15 17:04:53,2023-02-15 16:15:05.647,Within SLA,2023-02-17 07:27:18.775,Within SLA,,1,,Ready to use Software,Tier 2,United Kingdom,55.378052,-3.435973,0.17017972222222225,39.37382638888889,False,False,False,Within SLA
Closed,1395,Medium,Chat,Product setup,1st line support,Bernard Beckley,2023-02-15 10:04:09,2023-02-16 10:04:09,2023-02-15 10:06:09,2023-02-15 10:05:31.247,Within SLA,2023-02-15 17:21:20.561,Within SLA,2023-02-21 04:09:24.718,6,4.0,Other,Tier 1,Poland,52.536273,19.050639,0.02284638888888889,7.286544722222223,False,False,False,Within SLA
Resolved,1396,Low,Email,Purchasing and invoicing,1st line support,Kristos Westoll,2023-02-15 04:35:29,2023-02-17 04:35:29,2023-02-15 05:35:29,2023-02-15 06:58:32.677,SLA Violated,2023-02-16 12:44:22.168,Within SLA,,1,,Ready to use Software,Tier 1,Italy,43.036776,12.678565,2.384354722222222,32.14810222222222,False,False,False,Within SLA
Resolved,1397,Low,Email,Product setup,1st line support,Sheela Cutten,2023-02-16 00:26:24,2023-02-18 00:26:24,2023-02-16 01:26:24,2023-02-16 00:55:24.461,Within SLA,2023-02-16 06:30:33.807,Within SLA,,1,,Other,Tier 1,Bulgaria,42.7249925,25.4833039,0.4834613888888889,6.069390833333333,False,False,False,Within SLA
Closed,1398,High,Email,Feature request,1st line support,Sheela Cutten,2023-02-16 07:38:48,2023-02-18 07:38:48,2023-02-16 08:38:48,2023-02-16 08:18:49.111,Within SLA,2023-02-17 18:32:12.699,Within SLA,2023-02-19 09:43:17.503,9,4.0,Ready to use Software,Tier 1,Germany,51.165691,10.451526,0.6669752777777778,34.89019416666667,False,False,False,Within SLA
In progress,1399,Medium,Chat,Pricing and licensing,2nd line support,Michele Whyatt,2023-02-16 12:00:03,2023-02-17 12:00:03,2023-02-16 12:02:03,2023-02-16 12:01:19.878,Within SLA,,SLA Violated,,60,,Custom software development,Tier 2,Poland,52.536273,19.050639,0.021355,,False,True,True,
Closed,1400,Medium,Chat,Product setup,1st line support,Nicola Wane,2023-02-16 18:57:00,2023-02-17 18:57:00,2023-02-16 18:59:00,2023-02-16 18:57:38.533,Within SLA,2023-02-16 23:33:58.239,Within SLA,2023-02-22 23:05:47.401,6,4.0,Training and Consulting Services,Tier 1,Slovenia,46.1491664,14.9860106,0.010703611111111112,4.6161775,False,False,False,Within SLA
Resolved,1401,Low,Email,Product setup,2nd line support,Heather Urry,2023-02-16 06:49:55,2023-02-18 06:49:55,2023-02-16 07:49:55,2023-02-16 07:09:32.567,Within SLA,2023-02-16 21:16:34.234,Within SLA,,1,,Custom software development,Tier 2,Poland,52.536273,19.050639,0.32710194444444446,14.444231666666665,False,False,False,Within SLA
Resolved,1402,Low,Chat,Product setup,1st line support,Bernard Beckley,2023-02-17 21:06:58,2023-02-18 21:06:58,2023-02-17 21:08:58,2023-02-17 21:11:15.824,SLA Violated,2023-02-18 15:04:40.845,Within SLA,,6,,Training and Consulting Services,Tier 1,Germany,51.165691,10.451526,0.07161777777777778,17.96190138888889,False,False,False,Within SLA
In progress,1403,Low,Email,Product setup,1st line support,Bernard Beckley,2023-02-17 07:44:46,2023-02-19 07:44:46,2023-02-17 08:44:46,2023-02-17 08:16:24.899,Within SLA,,SLA Violated,,5,,Other,Tier 1,Italy,43.036776,12.678565,0.5274719444444445,,False,False,True,
Resolved,1404,Low,Email,Product setup,2nd line support,Heather Urry,2023-02-17 15:53:25,2023-02-19 15:53:25,2023-02-17 16:53:25,2023-02-17 15:59:55.928,Within SLA,2023-02-19 07:10:46.626,Within SLA,,4,,Other,Tier 2,Poland,52.536273,19.050639,0.10859111111111111,39.289340555555555,False,False,False,Within SLA
Resolved,1405,Low,Email,Pricing and licensing,1st line support,Sheela Cutten,2023-02-17 02:42:19,2023-02-19 02:42:19,2023-02-17 03:42:19,2023-02-17 03:25:04.372,Within SLA,2023-02-18 12:14:13.583,Within SLA,,1,,Custom software development,Tier 1,Germany,51.165691,10.451526,0.7126033333333333,33.53182861111111,False,False,False,Within SLA
In progress,1406,Low,Email,Pricing and licensing,1st line support,Connor Danielovitch,2023-02-17 04:27:39,2023-02-19 04:27:39,2023-02-17 05:27:39,2023-02-17 05:02:23.460,Within SLA,,SLA Violated,,2,,Other,Tier 1,United Kingdom,55.378052,-3.435973,0.5790166666666666,,False,False,True,
In progress,1407,Medium,Email,Pricing and licensing,1st line support,Bernard Beckley,2023-02-17 19:44:39,2023-02-19 19:44:39,2023-02-17 20:44:39,2023-02-18 00:25:34.822,SLA Violated,,SLA Violated,,1,,Custom software development,Tier 1,Italy,43.036776,12.678565,4.682172777777778,,False,False,True,
Closed,1408,Low,Email,Feature request,1st line support,Kristos Westoll,2023-02-17 03:04:37,2023-02-19 03:04:37,2023-02-17 04:04:37,2023-02-17 03:15:52.620,Within SLA,2023-02-17 05:15:43.968,Within SLA,2023-02-18 20:05:59.858,9,2.0,Custom software development,Tier 1,Poland,52.536273,19.050639,0.1876722222222222,2.185268888888889,False,False,False,Within SLA
Resolved,1409,High,Phone,Feature request,2nd line support,Heather Urry,2023-02-17 12:53:12,2023-02-19 12:53:12,2023-02-17 12:55:12,2023-02-17 12:54:46.689,Within SLA,2023-02-17 18:56:51.508,Within SLA,,2,,Ready to use Software,Tier 2,Slovenia,46.1491664,14.9860106,0.0263025,6.060974444444445,False,False,False,Within SLA
Closed,1410,High,Email,Product setup,2nd line support,Adolpho Messingham,2023-02-17 11:53:04,2023-02-19 11:53:04,2023-02-17 12:53:04,2023-02-17 12:50:03.955,Within SLA,2023-02-17 20:58:47.082,Within SLA,2023-02-18 08:33:49.110,5,5.0,Other,Tier 2,Republic of Ireland,53.094024,-8.019675,0.9499875,9.095300555555555,False,False,False,Within SLA
Resolved,1412,High,Email,Feature request,2nd line support,Adolpho Messingham,2023-02-18 01:11:10,2023-02-20 01:11:10,2023-02-18 02:11:10,2023-02-18 01:56:03.345,SLA Violated,2023-02-23 10:16:46.250,SLA Violated,,2,,Ready to use Software,Tier 2,Greece,39.368279,21.863141,0.7481513888888889,129.09340277777778,False,False,False,SLA Violated
Closed,1413,High,Email,Product setup,2nd line support,Heather Urry,2023-02-18 10:17:59,2023-02-20 10:17:59,2023-02-18 11:17:59,2023-02-18 11:00:21.697,SLA Violated,2023-02-20 15:00:00.082,SLA Violated,2023-02-22 10:52:16.948,1,4.0,Ready to use Software,Tier 2,Austria,47.6964719,13.3457347,0.7063047222222223,52.70030055555556,False,False,False,SLA Violated
Closed,1420,Low,Email,Purchasing and invoicing,1st line support,Bernard Beckley,2023-02-19 00:43:57,2023-02-21 00:43:57,2023-02-19 01:43:57,2023-02-19 01:01:40.481,SLA Violated,2023-02-20 06:53:05.299,Within SLA,2023-02-22 10:28:50.024,10,4.0,Other,Tier 1,United Kingdom,55.378052,-3.435973,0.2954113888888889,30.152305277777778,False,False,False,Within SLA
Closed,1421,Medium,Email,Purchasing and invoicing,1st line support,Kristos Westoll,2023-02-19 22:39:31,2023-02-21 22:39:31,2023-02-19 23:39:31,2023-02-19 23:27:31.804,SLA Violated,2023-02-21 00:56:25.003,Within SLA,2023-02-23 11:23:24.877,9,5.0,Other,Tier 1,Spain,39.67337,-4.767726,0.8002233333333334,26.281667499999998,False,False,False,Within SLA
Resolved,1422,Medium,Phone,Feature request,1st line support,Connor Danielovitch,2023-02-19 22:29:15,2023-02-21 22:29:15,2023-02-19 22:31:15,2023-02-19 22:32:08.717,SLA Violated,2023-02-21 18:37:03.988,Within SLA,,1,,Other,Tier 1,United Kingdom,55.378052,-3.435973,0.04825472222222223,44.130274444444446,False,False,False,Within SLA
Closed,1424,Low,Phone,Pricing and licensing,1st line support,Bernard Beckley,2023-02-19 00:21:43,2023-02-21 00:21:43,2023-02-19 00:23:43,2023-02-19 00:22:15.239,SLA Violated,2023-02-20 02:58:47.066,Within SLA,2023-02-23 11:24:57.300,2,5.0,Ready to use Software,Tier 1,Poland,52.536273,19.050639,0.008955277777777777,26.61779611111111,False,False,False,Within SLA
Closed,1425,Medium,Email,Pricing and licensing,1st line support,Bernard Beckley,2023-02-19 04:46:26,2023-02-21 04:46:26,2023-02-19 05:46:26,2023-02-19 04:50:09.619,SLA Violated,2023-02-20 10:42:06.971,Within SLA,2023-02-22 18:21:08.511,8,1.0,Custom software development,Tier 1,United Kingdom,55.378052,-3.435973,0.06211638888888889,29.9280475,False,False,False,Within SLA
Resolved,1426,Medium,Phone,Training request,2nd line support,Michele Whyatt,2023-02-20 03:12:04,2023-02-22 03:12:04,2023-02-20 03:14:04,2023-02-20 03:12:05.084,SLA Violated,2023-02-21 15:04:01.664,Within SLA,,6,,Training and Consulting Services,Tier 2,Germany,51.165691,10.451526,0.00030111111111111115,35.86601777777778,False,False,False,Within SLA
Resolved,1427,Medium,Email,Bug report,1st line support,Nicola Wane,2023-02-20 06:04:53,2023-02-22 06:04:53,2023-02-20 07:04:53,2023-02-20 06:39:17.618,SLA Violated,2023-02-21 23:56:36.419,Within SLA,,2,,Ready to use Software,Tier 1,Greece,39.368279,21.863141,0.5735049999999999,41.86206083333333,False,False,False,Within SLA
Resolved,1428,Medium,Email,Purchasing and invoicing,1st line support,Nicola Wane,2023-02-20 08:22:32,2023-02-22 08:22:32,2023-02-20 09:22:32,2023-02-20 09:19:06.088,SLA Violated,2023-02-21 19:47:21.972,Within SLA,,3,,Other,Tier 1,Czech Republic,49.8037633,15.4749126,0.9428022222222223,35.41388111111111,False,False,False,Within SLA
Resolved,1429,Low,Email,Feature request,2nd line support,Adolpho Messingham,2023-02-20 17:13:46,2023-02-22 17:13:46,2023-02-20 18:13:46,2023-02-20 18:04:32.387,SLA Violated,2023-02-21 18:04:01.261,Within SLA,,2,,Other,Tier 2,Italy,43.036776,12.678565,0.8462186111111112,24.8375725,False,False,False,Within SLA
Closed,1430,Low,Email,Product setup,1st line support,Nicola Wane,2023-02-20 21:22:01,2023-02-22 21:22:01,2023-02-20 22:22:01,2023-02-20 21:55:55.617,SLA Violated,2023-02-20 23:14:03.604,Within SLA,2023-02-22 22:01:00.589,1,1.0,Other,Tier 1,Slovenia,46.1491664,14.9860106,0.5651713888888888,1.86739,False,False,False,Within SLA
Resolved,1431,Low,Chat,Purchasing and invoicing,2nd line support,Heather Urry,2023-02-20 22:01:33,2023-02-21 22:01:33,2023-02-20 22:03:33,2023-02-20 22:04:05.977,SLA Violated,2023-02-21 10:33:21.840,Within SLA,,2,,Custom software development,Tier 2,Germany,51.165691,10.451526,0.042493611111111114,12.530233333333332,False,False,False,Within SLA
Resolved,1432,Medium,Email,Feature request,1st line support,Bernard Beckley,2023-02-20 02:07:52,2023-02-22 02:07:52,2023-02-20 03:07:52,2023-02-20 02:46:20.425,SLA Violated,2023-02-20 17:37:22.794,Within SLA,,1,,Other,Tier 1,Greece,39.368279,21.863141,0.6412291666666667,15.491887222222223,False,False,False,Within SLA
Closed,1433,Low,Chat,Pricing and licensing,2nd line support,Heather Urry,2023-02-20 21:27:54,2023-02-21 21:27:54,2023-02-20 21:29:54,2023-02-20 21:29:46.157,SLA Violated,2023-02-21 21:00:53.035,Within SLA,2023-02-26 07:53:01.175,2,5.0,Ready to use Software,Tier 2,Italy,43.036776,12.678565,0.031154722222222223,23.549731944444446,False,False,False,Within SLA
In progress,1434,Low,Email,Pricing and licensing,2nd line support,Michele Whyatt,2023-02-20 11:10:43,2023-02-22 11:10:43,2023-02-20 12:10:43,2023-02-20 11:14:30.954,SLA Violated,,SLA Violated,,2,,Training and Consulting Services,Tier 2,Austria,47.6964719,13.3457347,0.06332055555555556,,False,False,True,
Closed,1435,High,Phone,Product setup,2nd line support,Heather Urry,2023-02-21 19:30:54,2023-02-23 19:30:54,2023-02-21 19:32:54,2023-02-21 19:31:01.545,Within SLA,2023-02-22 21:05:04.604,Within SLA,2023-02-22 05:19:21.092,1,3.0,Ready to use Software,Tier 2,Italy,43.036776,12.678565,0.0020958333333333332,25.569612222222226,False,False,False,Within SLA
In progress,1436,High,Chat,Product setup,1st line support,Sheela Cutten,2023-02-21 04:21:55,2023-02-22 04:21:55,2023-02-21 04:23:55,2023-02-21 04:23:34.629,Within SLA,,SLA Violated,,4,,Training and Consulting Services,Tier 1,Italy,43.036776,12.678565,0.027674722222222222,,False,False,True,
In progress,1437,Low,Chat,Pricing and licensing,1st line support,Nicola Wane,2023-02-21 11:56:08,2023-02-22 11:56:08,2023-02-21 11:58:08,2023-02-21 11:57:48.879,Within SLA,,SLA Violated,,6,,Other,Tier 1,Germany,51.165691,10.451526,0.028021944444444447,,False,False,True,
In progress,1438,High,Email,Other,1st line support,Bernard Beckley,2023-02-21 17:45:06,2023-02-23 17:45:06,2023-02-21 18:45:06,2023-02-21 18:16:19.525,Within SLA,,SLA Violated,,1,,Custom software development,Tier 1,Poland,52.536273,19.050639,0.5204236111111111,,False,False,True,
Closed,1439,Medium,Email,Pricing and licensing,1st line support,Nicola Wane,2023-02-21 21:30:05,2023-02-23 21:30:05,2023-02-21 22:30:05,2023-02-21 22:08:38.990,Within SLA,2023-02-23 11:59:47.332,Within SLA,2023-02-24 14:43:22.983,2,1.0,Ready to use Software,Tier 1,Austria,47.6964719,13.3457347,0.642775,38.49509222222222,False,False,False,Within SLA
Resolved,1440,Medium,Email,Bug report,1st line support,Kristos Westoll,2023-02-22 01:36:39,2023-02-24 01:36:39,2023-02-22 02:36:39,2023-02-22 01:47:13.872,Within SLA,2023-02-25 15:30:15.106,SLA Violated,,6,,Ready to use Software,Tier 1,Poland,52.536273,19.050639,0.17635333333333333,85.89336277777778,False,False,False,SLA Violated
Resolved,1441,Medium,Chat,Pricing and licensing,1st line support,Connor Danielovitch,2023-02-22 15:41:33,2023-02-23 15:41:33,2023-02-22 15:43:33,2023-02-22 15:43:14.325,Within SLA,2023-02-22 23:55:14.879,Within SLA,,4,,Ready to use Software,Tier 1,Italy,43.036776,12.678565,0.028145833333333335,8.228299722222223,False,False,False,Within SLA
In progress,1442,Low,Email,Pricing and licensing,1st line support,Kristos Westoll,2023-02-22 16:13:29,2023-02-24 16:13:29,2023-02-22 17:13:29,2023-02-22 20:30:12.128,SLA Violated,,SLA Violated,,2,,Custom software development,Tier 1,Austria,47.6964719,13.3457347,4.278646666666667,,False,False,True,
Resolved,1443,Low,Email,Training request,2nd line support,Heather Urry,2023-02-22 03:36:16,2023-02-24 03:36:16,2023-02-22 04:36:16,2023-02-22 04:07:02.691,Within SLA,2023-02-22 23:45:07.536,Within SLA,,1,,Training and Consulting Services,Tier 2,Czech Republic,49.8037633,15.4749126,0.5129697222222223,20.147648888888888,False,False,False,Within SLA
Resolved,1444,Low,Email,Pricing and licensing,1st line support,Kristos Westoll,2023-02-22 17:31:18,2023-02-24 17:31:18,2023-02-22 18:31:18,2023-02-22 18:07:29.641,Within SLA,2023-02-23 22:15:13.821,Within SLA,,10,,Training and Consulting Services,Tier 1,France,48.864716,2.349014,0.6032336111111112,28.732172499999997,False,False,False,Within SLA
Closed,1445,Medium,Email,Bug report,2nd line support,Michele Whyatt,2023-02-23 07:34:07,2023-02-25 07:34:07,2023-02-23 08:34:07,2023-02-23 08:27:03.922,Within SLA,2023-02-24 03:24:29.311,Within SLA,2023-02-28 12:38:49.258,10,5.0,Custom software development,Tier 2,Poland,52.536273,19.050639,0.8824783333333334,19.839530833333335,False,False,False,Within SLA
In progress,1446,Low,Email,Training request,1st line support,Kristos Westoll,2023-02-23 12:45:18,2023-02-25 12:45:18,2023-02-23 13:45:18,2023-02-23 13:20:10.914,Within SLA,,SLA Violated,,9,,Training and Consulting Services,Tier 1,Germany,51.165691,10.451526,0.581365,,False,False,True,
In progress,1447,High,Email,Product setup,1st line support,Bernard Beckley,2023-02-23 01:02:33,2023-02-25 01:02:33,2023-02-23 02:02:33,2023-02-23 01:19:03.310,Within SLA,,SLA Violated,,3,,Ready to use Software,Tier 1,Czech Republic,49.8037633,15.4749126,0.2750861111111111,,False,False,True,
In progress,1448,Low,Chat,Pricing and licensing,1st line support,Nicola Wane,2023-02-23 20:11:55,2023-02-24 20:11:55,2023-02-23 20:13:55,2023-02-23 20:12:53.893,Within SLA,,SLA Violated,,6,,Custom software development,Tier 1,Italy,43.036776,12.678565,0.016359166666666668,,False,False,True,
Closed,1449,High,Chat,Purchasing and invoicing,2nd line support,Adolpho Messingham,2023-02-24 04:39:16,2023-02-25 04:39:16,2023-02-24 04:41:16,2023-02-24 04:43:40.794,SLA Violated,2023-02-25 00:35:49.727,Within SLA,2023-02-26 15:56:24.087,6,3.0,Ready to use Software,Tier 2,Italy,43.036776,12.678565,0.07355388888888889,19.942701944444444,False,False,False,Within SLA
Closed,1450,Low,Chat,Bug report,1st line support,Nicola Wane,2023-02-24 09:50:10,2023-02-25 09:50:10,2023-02-24 09:52:10,2023-02-24 09:52:01.554,Within SLA,2023-02-24 12:22:35.211,Within SLA,2023-02-28 04:34:55.795,2,4.0,Ready to use Software,Tier 1,France,48.864716,2.349014,0.03098722222222222,2.5403363888888886,False,False,False,Within SLA
In progress,1451,High,Email,Purchasing and invoicing,1st line support,Nicola Wane,2023-02-24 09:10:47,2023-02-26 09:10:47,2023-02-24 10:10:47,2023-02-24 09:15:29.722,Within SLA,,SLA Violated,,2,,Training and Consulting Services,Tier 1,France,48.864716,2.349014,0.07853388888888889,,False,False,True,
In progress,1452,Low,Email,Other,2nd line support,Heather Urry,2023-02-24 04:28:22,2023-02-26 04:28:22,2023-02-24 05:28:22,2023-02-24 04:44:06.384,Within SLA,,SLA Violated,,7,,Custom software development,Tier 2,Austria,47.6964719,13.3457347,0.2623288888888889,,False,False,True,
Closed,1453,High,Email,Pricing and licensing,1st line support,Nicola Wane,2023-02-24 21:10:42,2023-02-26 21:10:42,2023-02-24 22:10:42,2023-02-24 21:40:03.637,Within SLA,2023-02-26 03:21:21.651,Within SLA,2023-02-27 07:36:41.408,6,1.0,Custom software development,Tier 1,Germany,51.165691,10.451526,0.4893436111111111,30.177680833333334,False,False,False,Within SLA
In progress,1454,Low,Email,Pricing and licensing,1st line support,Nicola Wane,2023-02-25 01:51:32,2023-02-27 01:51:32,2023-02-25 02:51:32,2023-02-25 06:52:32.374,SLA Violated,,SLA Violated,,1,,Custom software development,Tier 1,Germany,51.165691,10.451526,5.0167705555555555,,False,False,True,
Closed,1455,Medium,Email,Bug report,1st line support,Bernard Beckley,2023-02-25 14:45:30,2023-02-27 14:45:30,2023-02-25 15:45:30,2023-02-25 14:59:47.194,Within SLA,2023-02-26 22:23:28.387,Within SLA,2023-03-02 14:33:05.171,10,5.0,Ready to use Software,Tier 1,Czech Republic,49.8037633,15.4749126,0.23810944444444443,31.632885277777778,False,False,False,Within SLA
Closed,1466,High,Email,Product setup,1st line support,Kristos Westoll,2023-02-26 08:44:33,2023-02-28 08:44:33,2023-02-26 09:44:33,2023-02-26 08:44:37.189,Within SLA,2023-02-28 05:27:26.122,Within SLA,2023-03-05 10:09:06.196,10,3.0,Other,Tier 1,Republic of Ireland,53.094024,-8.019675,0.0011636111111111111,44.714756111111114,False,False,False,Within SLA
Resolved,1467,High,Chat,Other,1st line support,Sheela Cutten,2023-02-26 03:47:31,2023-02-27 03:47:31,2023-02-26 03:49:31,2023-02-26 03:48:18.557,Within SLA,2023-02-26 06:00:10.305,Within SLA,,2,,Ready to use Software,Tier 1,Greece,39.368279,21.863141,0.013210277777777779,2.2109180555555557,False,False,False,Within SLA
Closed,1468,Low,Email,Feature request,1st line support,Kristos Westoll,2023-02-26 21:50:54,2023-02-28 21:50:54,2023-02-26 22:50:54,2023-02-26 22:39:15.032,Within SLA,2023-03-04 00:05:57.146,SLA Violated,2023-03-05 10:04:38.231,1,2.0,Ready to use Software,Tier 1,Germany,51.165691,10.451526,0.8058422222222222,122.25087388888889,False,False,False,SLA Violated
Closed,1469,High,Phone,Pricing and licensing,1st line support,Sheela Cutten,2023-02-26 18:41:30,2023-02-28 18:41:30,2023-02-26 18:43:30,2023-02-26 18:42:18.584,Within SLA,2023-02-28 18:30:06.267,Within SLA,2023-03-05 14:00:57.747,1,2.0,Ready to use Software,Tier 1,Czech Republic,49.8037633,15.4749126,0.013495555555555556,47.810074166666666,False,False,False,Within SLA
Closed,1470,Medium,Chat,Pricing and licensing,1st line support,Connor Danielovitch,2023-02-27 17:25:50,2023-02-28 17:25:50,2023-02-27 17:27:50,2023-02-27 17:26:15.332,Within SLA,2023-02-27 17:58:26.557,Within SLA,2023-03-02 17:34:29.372,2,5.0,Custom software development,Tier 1,Slovenia,46.1491664,14.9860106,0.007036666666666667,0.5434880555555556,False,False,False,Within SLA
In progress,1471,Medium,Chat,Pricing and licensing,2nd line support,Michele Whyatt,2023-02-27 02:21:58,2023-02-28 02:21:58,2023-02-27 02:23:58,2023-02-27 02:23:24.397,Within SLA,,SLA Violated,,6,,Custom software development,Tier 2,Germany,51.165691,10.451526,0.02399916666666667,,False,False,True,
Closed,1472,Medium,Chat,Feature request,1st line support,Kristos Westoll,2023-02-27 15:33:36,2023-02-28 15:33:36,2023-02-27 15:35:36,2023-02-27 15:34:12.990,Within SLA,2023-02-27 23:50:12.054,Within SLA,2023-03-03 07:29:55.526,4,5.0,Ready to use Software,Tier 1,Greece,39.368279,21.863141,0.010275000000000001,8.276681666666667,False,False,False,Within SLA
Closed,1473,Medium,Chat,Pricing and licensing,1st line support,Nicola Wane,2023-02-27 22:04:36,2023-02-28 22:04:36,2023-02-27 22:06:36,2023-02-27 22:06:20.013,Within SLA,2023-02-28 01:25:21.779,Within SLA,2023-03-04 02:32:23.845,4,4.0,Custom software development,Tier 1,Austria,47.6964719,13.3457347,0.0288925,3.3460497222222223,False,False,False,Within SLA
Closed,1474,Low,Chat,Product setup,2nd line support,Adolpho Messingham,2023-02-28 07:57:24,2023-03-01 07:57:24,2023-02-28 07:59:24,2023-02-28 08:00:59.809,SLA Violated,2023-02-28 20:26:45.303,Within SLA,2023-03-03 21:52:38.774,5,4.0,Ready to use Software,Tier 2,Slovenia,46.1491664,14.9860106,0.05994694444444444,12.489250833333333,False,False,False,Within SLA
In progress,1475,High,Chat,Bug report,1st line support,Bernard Beckley,2023-02-28 12:00:49,2023-03-01 12:00:49,2023-02-28 12:02:49,2023-02-28 12:00:59.729,Within SLA,,SLA Violated,,6,,Custom software development,Tier 1,Poland,52.536273,19.050639,0.0029802777777777774,,False,False,True,
Resolved,1476,Low,Chat,Pricing and licensing,1st line support,Kristos Westoll,2023-02-28 22:29:10,2023-03-01 22:29:10,2023-02-28 22:31:10,2023-02-28 22:30:23.940,Within SLA,2023-03-01 17:11:04.400,Within SLA,,8,,Custom software development,Tier 1,Bulgaria,42.7249925,25.4833039,0.020538888888888888,18.698444444444444,False,False,False,Within SLA
Resolved,1477,Low,Chat,Purchasing and invoicing,1st line support,Sheela Cutten,2023-02-28 18:38:27,2023-03-01 18:38:27,2023-02-28 18:40:27,2023-02-28 18:42:39.660,SLA Violated,2023-02-28 21:58:57.544,Within SLA,,6,,Custom software development,Tier 1,Poland,52.536273,19.050639,0.07018333333333333,3.3418177777777776,False,False,False,Within SLA
Closed,1478,High,Email,Bug report,1st line support,Bernard Beckley,2023-02-28 17:42:31,2023-03-02 17:42:31,2023-02-28 18:42:31,2023-02-28 17:46:03.198,Within SLA,2023-03-01 13:03:44.754,Within SLA,2023-03-04 18:32:18.571,2,4.0,Custom software development,Tier 1,Czech Republic,49.8037633,15.4749126,0.05894388888888889,19.353820555555554,False,False,False,Within SLA
In progress,1479,Medium,Phone,Pricing and licensing,1st line support,Connor Danielovitch,2023-02-28 04:14:22,2023-03-02 04:14:22,2023-02-28 04:16:22,2023-02-28 04:14:38.519,Within SLA,,SLA Violated,,1,,Custom software development,Tier 1,Germany,51.165691,10.451526,0.004588611111111111,,False,False,True,
Closed,1480,Low,Chat,Other,2nd line support,Michele Whyatt,2023-02-28 10:13:16,2023-03-01 10:13:16,2023-02-28 10:15:16,2023-02-28 10:14:06.674,Within SLA,2023-03-01 03:14:59.045,Within SLA,2023-03-04 04:04:02.018,9,1.0,Ready to use Software,Tier 2,Poland,52.536273,19.050639,0.01407611111111111,17.02862361111111,False,False,False,Within SLA
Closed,1481,Low,Phone,Product setup,1st line support,Bernard Beckley,2023-02-28 13:27:04,2023-03-02 13:27:04,2023-02-28 13:29:04,2023-02-28 13:28:03.725,Within SLA,2023-03-01 20:46:06.533,Within SLA,2023-03-02 23:09:46.156,7,5.0,Other,Tier 1,United Kingdom,55.378052,-3.435973,0.016590277777777777,31.317370277777776,False,False,False,Within SLA
Closed,1482,Low,Email,Bug report,2nd line support,Michele Whyatt,2023-03-01 22:02:52,2023-03-03 22:02:52,2023-03-01 23:02:52,2023-03-01 22:54:38.705,Within SLA,2023-03-02 10:58:24.084,Within SLA,2023-03-06 13:52:04.415,8,5.0,Training and Consulting Services,Tier 2,Poland,52.536273,19.050639,0.862973611111111,12.92557888888889,False,False,False,Within SLA
Closed,1483,Low,Phone,Product setup,1st line support,Connor Danielovitch,2023-03-01 23:03:38,2023-03-03 23:03:38,2023-03-01 23:05:38,2023-03-01 23:04:44.933,Within SLA,2023-03-03 15:08:18.344,Within SLA,2023-03-04 03:05:13.297,4,4.0,Ready to use Software,Tier 1,Republic of Ireland,53.094024,-8.019675,0.0185925,40.077873333333336,False,False,False,Within SLA
Closed,1484,Low,Phone,Purchasing and invoicing,1st line support,Kristos Westoll,2023-03-01 09:33:46,2023-03-03 09:33:46,2023-03-01 09:35:46,2023-03-01 09:36:29.201,SLA Violated,2023-03-02 05:13:29.758,Within SLA,2023-03-03 05:21:46.253,4,4.0,Ready to use Software,Tier 1,Italy,43.036776,12.678565,0.04533361111111111,19.662155000000002,False,False,False,Within SLA
Resolved,1485,Low,Email,Product setup,2nd line support,Michele Whyatt,2023-03-01 18:50:42,2023-03-03 18:50:42,2023-03-01 19:50:42,2023-03-01 19:11:19.291,Within SLA,2023-03-02 20:50:24.973,Within SLA,,2,,Custom software development,Tier 2,Italy,43.036776,12.678565,0.34369194444444445,25.995270277777777,False,False,False,Within SLA
Closed,1486,Low,Email,Product setup,1st line support,Nicola Wane,2023-03-01 06:21:31,2023-03-03 06:21:31,2023-03-01 07:21:31,2023-03-01 06:23:36.813,Within SLA,2023-03-02 04:46:20.694,Within SLA,2023-03-02 18:53:42.233,7,3.0,Other,Tier 1,Italy,43.036776,12.678565,0.03494805555555556,22.41380388888889,False,False,False,Within SLA
Closed,1487,Low,Chat,Pricing and licensing,1st line support,Nicola Wane,2023-03-02 23:55:40,2023-03-03 23:55:40,2023-03-02 23:57:40,2023-03-02 23:57:33.612,Within SLA,2023-03-03 04:43:25.931,Within SLA,2023-03-07 05:05:17.796,5,4.0,Ready to use Software,Tier 1,France,48.864716,2.349014,0.031558888888888886,4.796091944444445,False,False,False,Within SLA
Resolved,1488,Low,Email,Pricing and licensing,1st line support,Connor Danielovitch,2023-03-02 03:37:30,2023-03-04 03:37:30,2023-03-02 04:37:30,2023-03-02 06:50:04.399,SLA Violated,2023-03-03 02:13:16.196,Within SLA,,1,,Ready to use Software,Tier 1,Spain,39.67337,-4.767726,3.2095552777777776,22.596165555555555,False,False,False,Within SLA
Closed,1489,High,Phone,Feature request,1st line support,Kristos Westoll,2023-03-02 07:15:57,2023-03-04 07:15:57,2023-03-02 07:17:57,2023-03-02 07:21:51.594,SLA Violated,2023-03-03 09:51:09.628,Within SLA,2023-03-05 08:03:28.711,2,4.0,Ready to use Software,Tier 1,Germany,51.165691,10.451526,0.09849833333333333,26.58684111111111,False,False,False,Within SLA
Resolved,1490,Low,Chat,Bug report,2nd line support,Heather Urry,2023-03-02 20:46:03,2023-03-03 20:46:03,2023-03-02 20:48:03,2023-03-02 20:47:32.135,Within SLA,2023-03-03 07:27:25.960,Within SLA,,5,,Ready to use Software,Tier 2,Greece,39.368279,21.863141,0.024759722222222225,10.68971111111111,False,False,False,Within SLA
Resolved,1491,Low,Chat,Other,2nd line support,Adolpho Messingham,2023-03-02 00:14:40,2023-03-03 00:14:40,2023-03-02 00:16:40,2023-03-02 00:16:05.985,Within SLA,2023-03-02 06:22:48.976,Within SLA,,3,,Custom software development,Tier 2,Bulgaria,42.7249925,25.4833039,0.02388472222222222,6.1358266666666665,False,False,False,Within SLA
Resolved,1492,Low,Email,Feature request,1st line support,Nicola Wane,2023-03-02 12:11:42,2023-03-04 12:11:42,2023-03-02 13:11:42,2023-03-02 12:58:52.179,Within SLA,2023-03-03 04:06:41.223,Within SLA,,1,,Ready to use Software,Tier 1,Italy,43.036776,12.678565,0.7861608333333333,15.916450833333332,False,False,False,Within SLA
Closed,1493,Low,Email,Product setup,1st line support,Connor Danielovitch,2023-03-02 04:22:49,2023-03-04 04:22:49,2023-03-02 05:22:49,2023-03-02 04:34:46.218,Within SLA,2023-03-03 20:18:32.636,Within SLA,2023-03-05 09:38:47.253,9,5.0,Ready to use Software,Tier 1,Bulgaria,42.7249925,25.4833039,0.19922722222222222,39.92878777777778,False,False,False,Within SLA
Closed,1494,Medium,Email,Product setup,1st line support,Bernard Beckley,2023-03-02 15:32:25,2023-03-04 15:32:25,2023-03-02 16:32:25,2023-03-02 15:34:54.081,Within SLA,2023-03-02 21:26:25.713,Within SLA,2023-03-07 10:27:15.827,9,1.0,Other,Tier 1,United Kingdom,55.378052,-3.435973,0.041411388888888886,5.900198055555555,False,False,False,Within SLA
In progress,1495,Medium,Chat,Feature request,1st line support,Connor Danielovitch,2023-03-02 17:46:57,2023-03-03 17:46:57,2023-03-02 17:48:57,2023-03-02 17:48:48.406,Within SLA,,SLA Violated,,6,,Ready to use Software,Tier 1,France,48.864716,2.349014,0.030946111111111112,,False,False,True,
Resolved,1496,Medium,Phone,Feature request,1st line support,Kristos Westoll,2023-03-02 22:28:26,2023-03-04 22:28:26,2023-03-02 22:30:26,2023-03-02 22:30:35.379,SLA Violated,2023-03-07 10:24:18.979,SLA Violated,,1,,Ready to use Software,Tier 1,Slovenia,46.1491664,14.9860106,0.03593861111111111,107.93138305555556,False,False,False,SLA Violated
Resolved,1497,Medium,Chat,Purchasing and invoicing,1st line support,Kristos Westoll,2023-03-03 16:18:18,2023-03-04 16:18:18,2023-03-03 16:20:18,2023-03-03 16:19:41.198,Within SLA,2023-03-09 02:46:45.623,SLA Violated,,6,,Ready to use Software,Tier 1,Slovenia,46.1491664,14.9860106,0.023110555555555554,130.47433972222223,False,False,False,SLA Violated
In progress,1498,Low,Email,Product setup,1st line support,Kristos Westoll,2023-03-03 13:32:16,2023-03-05 13:32:16,2023-03-03 14:32:16,2023-03-03 14:28:06.854,Within SLA,,SLA Violated,,2,,Training and Consulting Services,Tier 1,Poland,52.536273,19.050639,0.9307927777777777,,False,False,True,
Resolved,1499,Low,Chat,Product setup,1st line support,Kristos Westoll,2023-03-03 21:03:44,2023-03-04 21:03:44,2023-03-03 21:05:44,2023-03-03 21:03:46.012,Within SLA,2023-03-04 14:17:01.482,Within SLA,,8,,Ready to use Software,Tier 1,Spain,39.67337,-4.767726,0.0005588888888888889,17.22152277777778,False,False,False,Within SLA
In progress,1500,Medium,Email,Pricing and licensing,1st line support,Nicola Wane,2023-03-03 06:08:20,2023-03-05 06:08:20,2023-03-03 07:08:20,2023-03-03 06:46:13.723,Within SLA,,SLA Violated,,1,,Custom software development,Tier 1,Greece,39.368279,21.863141,0.6315897222222222,,False,False,True,
Closed,1501,Low,Email,Purchasing and invoicing,1st line support,Connor Danielovitch,2023-03-04 07:14:23,2023-03-06 07:14:23,2023-03-04 08:14:23,2023-03-04 08:13:36.818,Within SLA,2023-03-05 06:47:21.650,Within SLA,2023-03-07 16:51:38.751,6,3.0,Custom software development,Tier 1,United Kingdom,55.378052,-3.435973,0.9871716666666668,23.549625,False,False,False,Within SLA
Resolved,1502,Low,Chat,Other,1st line support,Connor Danielovitch,2023-03-04 18:27:23,2023-03-05 18:27:23,2023-03-04 18:29:23,2023-03-04 18:27:30.196,Within SLA,2023-03-05 06:00:44.602,Within SLA,,60,,Ready to use Software,Tier 1,Greece,39.368279,21.863141,0.001998888888888889,11.556000555555554,False,True,False,Within SLA
In progress,1503,Low,Email,Other,1st line support,Nicola Wane,2023-03-04 10:20:16,2023-03-06 10:20:16,2023-03-04 11:20:16,2023-03-04 15:18:01.092,SLA Violated,,SLA Violated,,9,,Custom software development,Tier 1,Austria,47.6964719,13.3457347,4.962525555555556,,False,False,True,
Resolved,1504,Low,Email,Purchasing and invoicing,1st line support,Nicola Wane,2023-03-04 17:46:47,2023-03-06 17:46:47,2023-03-04 18:46:47,2023-03-04 18:36:48.585,Within SLA,2023-03-05 18:51:13.414,Within SLA,,5,,Other,Tier 1,Poland,52.536273,19.050639,0.8337736111111111,25.07400388888889,False,False,False,Within SLA
Closed,1512,High,Email,Pricing and licensing,1st line support,Nicola Wane,2023-03-05 15:14:42,2023-03-07 15:14:42,2023-03-05 16:14:42,2023-03-05 15:41:36.370,Within SLA,2023-03-06 10:13:39.141,Within SLA,2023-03-07 15:04:50.492,1,4.0,Custom software development,Tier 1,Poland,52.536273,19.050639,0.4484361111111111,18.98253916666667,False,False,False,Within SLA
Closed,1513,Low,Chat,Training request,2nd line support,Adolpho Messingham,2023-03-05 03:42:25,2023-03-06 03:42:25,2023-03-05 03:44:25,2023-03-05 03:43:46.463,Within SLA,2023-03-05 04:06:03.872,Within SLA,2023-03-07 23:00:17.604,6,4.0,Training and Consulting Services,Tier 2,Greece,39.368279,21.863141,0.02262861111111111,0.39413111111111115,False,False,False,Within SLA
Closed,1514,Low,Email,Feature request,1st line support,Nicola Wane,2023-03-05 07:03:21,2023-03-07 07:03:21,2023-03-05 08:03:21,2023-03-05 08:00:54.748,Within SLA,2023-03-07 04:09:54.002,Within SLA,2023-03-11 16:51:12.613,3,3.0,Ready to use Software,Tier 1,Austria,47.6964719,13.3457347,0.9593744444444444,45.109167222222226,False,False,False,Within SLA
Resolved,1515,Low,Email,Feature request,1st line support,Nicola Wane,2023-03-05 04:57:01,2023-03-07 04:57:01,2023-03-05 05:57:01,2023-03-05 05:36:34.490,Within SLA,2023-03-06 23:59:58.498,Within SLA,,2,,Custom software development,Tier 1,Czech Republic,49.8037633,15.4749126,0.6593027777777777,43.049305,False,False,False,Within SLA
Resolved,1516,Low,Email,Other,1st line support,Kristos Westoll,2023-03-05 07:34:22,2023-03-07 07:34:22,2023-03-05 08:34:22,2023-03-05 07:45:47.230,Within SLA,2023-03-06 16:20:26.657,Within SLA,,2,,Custom software development,Tier 1,Germany,51.165691,10.451526,0.19034166666666666,32.76796027777778,False,False,False,Within SLA
Closed,1517,Low,Chat,Pricing and licensing,1st line support,Sheela Cutten,2023-03-06 10:44:14,2023-03-07 10:44:14,2023-03-06 10:46:14,2023-03-06 10:45:59.806,Within SLA,2023-03-09 07:26:39.944,SLA Violated,2023-03-10 00:31:41.524,6,4.0,Ready to use Software,Tier 1,Greece,39.368279,21.863141,0.029390555555555555,68.70720666666666,False,False,False,SLA Violated
Closed,1518,Low,Chat,Feature request,1st line support,Connor Danielovitch,2023-03-06 10:48:32,2023-03-07 10:48:32,2023-03-06 10:50:32,2023-03-06 10:49:22.379,Within SLA,2023-03-06 11:41:58.096,Within SLA,2023-03-11 23:48:58.164,7,4.0,Ready to use Software,Tier 1,Italy,43.036776,12.678565,0.013994166666666667,0.8905822222222223,False,False,False,Within SLA
Closed,1519,Low,Phone,Pricing and licensing,2nd line support,Heather Urry,2023-03-06 07:01:46,2023-03-08 07:01:46,2023-03-06 07:03:46,2023-03-06 07:03:33.984,Within SLA,2023-03-06 12:51:27.351,Within SLA,2023-03-12 16:05:11.577,4,4.0,Custom software development,Tier 2,United Kingdom,55.378052,-3.435973,0.029995555555555553,5.828153055555555,False,False,False,Within SLA
In progress,1520,Low,Chat,Pricing and licensing,1st line support,Bernard Beckley,2023-03-06 21:19:53,2023-03-07 21:19:53,2023-03-06 21:21:53,2023-03-06 21:21:26.212,Within SLA,,SLA Violated,,6,,Custom software development,Tier 1,Bulgaria,42.7249925,25.4833039,0.025892222222222223,,False,False,True,
In progress,1521,Low,Chat,Pricing and licensing,2nd line support,Heather Urry,2023-03-06 10:20:35,2023-03-07 10:20:35,2023-03-06 10:22:35,2023-03-06 10:23:37.021,SLA Violated,,SLA Violated,,6,,Ready to use Software,Tier 2,Italy,43.036776,12.678565,0.050561388888888885,,False,False,True,
Closed,1522,Medium,Email,Purchasing and invoicing,1st line support,Bernard Beckley,2023-03-06 06:16:39,2023-03-08 06:16:39,2023-03-06 07:16:39,2023-03-06 10:22:09.467,SLA Violated,2023-03-07 21:24:53.104,Within SLA,2023-03-08 08:17:22.292,8,4.0,Other,Tier 1,Czech Republic,49.8037633,15.4749126,4.091796388888889,39.13725111111111,False,False,False,Within SLA
Closed,1523,High,Chat,Pricing and licensing,1st line support,Sheela Cutten,2023-03-06 12:24:32,2023-03-07 12:24:32,2023-03-06 12:26:32,2023-03-06 12:24:54.439,Within SLA,2023-03-06 23:54:50.698,Within SLA,2023-03-12 03:34:47.625,3,3.0,Other,Tier 1,Republic of Ireland,53.094024,-8.019675,0.006233055555555556,11.505193888888888,False,False,False,Within SLA
Closed,1524,Medium,Chat,Feature request,1st line support,Bernard Beckley,2023-03-06 07:24:21,2023-03-07 07:24:21,2023-03-06 07:26:21,2023-03-06 07:25:32.894,Within SLA,2023-03-06 13:09:32.115,Within SLA,2023-03-09 07:28:21.778,4,4.0,Custom software development,Tier 1,France,48.864716,2.349014,0.019970555555555557,5.7530875,False,False,False,Within SLA
Resolved,1525,High,Email,Pricing and licensing,1st line support,Sheela Cutten,2023-03-06 15:56:32,2023-03-08 15:56:32,2023-03-06 16:56:32,2023-03-06 16:19:03.236,Within SLA,2023-03-07 08:25:54.760,Within SLA,,4,,Ready to use Software,Tier 1,Slovenia,46.1491664,14.9860106,0.37534333333333336,16.489655555555554,False,False,False,Within SLA
In progress,1526,Medium,Email,Bug report,1st line support,Nicola Wane,2023-03-06 07:21:44,2023-03-08 07:21:44,2023-03-06 08:21:44,2023-03-06 07:57:55.555,Within SLA,,SLA Violated,,2,,Ready to use Software,Tier 1,Italy,43.036776,12.678565,0.6032097222222221,,False,False,True,
In progress,1527,High,Email,Product setup,2nd line support,Adolpho Messingham,2023-03-06 18:06:51,2023-03-08 18:06:51,2023-03-06 19:06:51,2023-03-06 18:27:13.455,Within SLA,,SLA Violated,,7,,Training and Consulting Services,Tier 2,United Kingdom,55.378052,-3.435973,0.3395708333333333,,False,False,True,
Resolved,1528,Low,Phone,Pricing and licensing,1st line support,Connor Danielovitch,2023-03-06 04:37:11,2023-03-08 04:37:11,2023-03-06 04:39:11,2023-03-06 04:37:27.343,Within SLA,2023-03-07 18:57:15.976,Within SLA,,3,,Ready to use Software,Tier 1,United Kingdom,55.378052,-3.435973,0.004539722222222222,38.334715555555555,False,False,False,Within SLA
Closed,1529,Medium,Chat,Feature request,2nd line support,Adolpho Messingham,2023-03-06 04:25:30,2023-03-07 04:25:30,2023-03-06 04:27:30,2023-03-06 04:26:31.163,Within SLA,2023-03-06 08:39:09.325,Within SLA,2023-03-10 17:48:50.378,9,5.0,Ready to use Software,Tier 2,Germany,51.165691,10.451526,0.016989722222222222,4.227590277777778,False,False,False,Within SLA
Resolved,1530,Low,Chat,Pricing and licensing,1st line support,Nicola Wane,2023-03-07 13:30:45,2023-03-08 13:30:45,2023-03-07 13:32:45,2023-03-07 13:31:29.956,Within SLA,2023-03-11 01:36:14.400,SLA Violated,,4,,Ready to use Software,Tier 1,Czech Republic,49.8037633,15.4749126,0.012487777777777778,84.09150000000001,False,False,False,SLA Violated
Closed,1531,Low,Phone,Product setup,1st line support,Connor Danielovitch,2023-03-07 21:19:19,2023-03-09 21:19:19,2023-03-07 21:21:19,2023-03-07 21:24:44.786,SLA Violated,2023-03-09 18:59:49.361,Within SLA,2023-03-10 14:58:07.500,1,5.0,Ready to use Software,Tier 1,Germany,51.165691,10.451526,0.09049611111111111,45.67510027777778,False,False,False,Within SLA
Resolved,1532,Low,Email,Feature request,1st line support,Kristos Westoll,2023-03-07 05:15:02,2023-03-09 05:15:02,2023-03-07 06:15:02,2023-03-07 06:03:00.178,Within SLA,2023-03-08 19:41:50.814,Within SLA,,1,,Other,Tier 1,United Kingdom,55.378052,-3.435973,0.7994938888888888,38.446892777777784,False,False,False,Within SLA
Resolved,1533,High,Email,Purchasing and invoicing,1st line support,Sheela Cutten,2023-03-07 23:13:52,2023-03-09 23:13:52,2023-03-08 00:13:52,2023-03-07 23:20:55.983,Within SLA,2023-03-09 07:21:43.558,Within SLA,,9,,Training and Consulting Services,Tier 1,United Kingdom,55.378052,-3.435973,0.11777305555555556,32.130988333333335,False,False,False,Within SLA
Closed,1534,High,Email,Pricing and licensing,1st line support,Sheela Cutten,2023-03-07 20:40:50,2023-03-09 20:40:50,2023-03-07 21:40:50,2023-03-07 21:03:30.777,Within SLA,2023-03-08 18:36:35.736,Within SLA,2023-03-11 16:22:32.976,1,4.0,Custom software development,Tier 1,Austria,47.6964719,13.3457347,0.3779936111111111,21.929371111111113,False,False,False,Within SLA
Resolved,1535,Medium,Email,Feature request,2nd line support,Michele Whyatt,2023-03-07 19:26:05,2023-03-09 19:26:05,2023-03-07 20:26:05,2023-03-07 19:29:49.689,Within SLA,2023-03-09 16:27:17.333,Within SLA,,2,,Other,Tier 2,United Kingdom,55.378052,-3.435973,0.06241361111111111,45.020092500000004,False,False,False,Within SLA
Resolved,1536,Medium,Email,Product setup,1st line support,Nicola Wane,2023-03-07 02:09:56,2023-03-09 02:09:56,2023-03-07 03:09:56,2023-03-07 02:27:03.017,Within SLA,2023-03-08 13:46:05.491,Within SLA,,5,,Custom software development,Tier 1,Slovenia,46.1491664,14.9860106,0.2852825,35.60263638888889,False,False,False,Within SLA
Closed,1537,Low,Chat,Product setup,1st line support,Bernard Beckley,2023-03-08 01:02:26,2023-03-09 01:02:26,2023-03-08 01:04:26,2023-03-08 01:03:37.543,Within SLA,2023-03-08 12:54:44.249,Within SLA,2023-03-14 12:24:12.324,5,4.0,Custom software development,Tier 1,Slovenia,46.1491664,14.9860106,0.019873055555555557,11.871735833333334,False,False,False,Within SLA
Closed,1538,High,Email,Product setup,1st line support,Nicola Wane,2023-03-08 10:00:28,2023-03-10 10:00:28,2023-03-08 11:00:28,2023-03-08 10:02:00.549,Within SLA,2023-03-09 18:21:32.197,Within SLA,2023-03-13 06:45:17.240,1,5.0,Training and Consulting Services,Tier 1,Italy,43.036776,12.678565,0.025708055555555557,32.35116583333333,False,False,False,Within SLA
Resolved,1539,Low,Email,Bug report,2nd line support,Heather Urry,2023-03-08 19:03:39,2023-03-10 19:03:39,2023-03-08 20:03:39,2023-03-08 19:17:35.924,Within SLA,2023-03-08 23:27:56.675,Within SLA,,10,,Ready to use Software,Tier 2,Germany,51.165691,10.451526,0.23247888888888887,4.404909722222222,False,False,False,Within SLA
Closed,1540,Low,Email,Bug report,2nd line support,Heather Urry,2023-03-08 02:37:45,2023-03-10 02:37:45,2023-03-08 03:37:45,2023-03-08 02:43:28.288,Within SLA,2023-03-09 09:09:20.678,Within SLA,2023-03-15 07:13:59.346,4,3.0,Training and Consulting Services,Tier 2,Germany,51.165691,10.451526,0.09535777777777778,30.526577222222222,False,False,False,Within SLA
Resolved,1541,Medium,Chat,Product setup,1st line support,Kristos Westoll,2023-03-08 19:55:45,2023-03-09 19:55:45,2023-03-08 19:57:45,2023-03-08 19:56:12.462,Within SLA,2023-03-08 22:25:39.310,Within SLA,,60,,Ready to use Software,Tier 1,United Kingdom,55.378052,-3.435973,0.007628333333333333,2.498419444444444,False,True,False,Within SLA
Closed,1542,Low,Chat,Product setup,1st line support,Connor Danielovitch,2023-03-08 06:49:26,2023-03-09 06:49:26,2023-03-08 06:51:26,2023-03-08 06:52:21.025,SLA Violated,2023-03-11 03:05:33.786,SLA Violated,2023-03-11 05:12:53.852,6,4.0,Ready to use Software,Tier 1,United Kingdom,55.378052,-3.435973,0.04861805555555556,68.26882944444445,False,False,False,SLA Violated
Closed,1543,Medium,Chat,Pricing and licensing,1st line support,Bernard Beckley,2023-03-08 18:53:10,2023-03-09 18:53:10,2023-03-08 18:55:10,2023-03-08 18:54:53.764,Within SLA,2023-03-10 15:18:29.698,SLA Violated,2023-03-11 22:21:07.839,9,4.0,Training and Consulting Services,Tier 1,Poland,52.536273,19.050639,0.028823333333333333,44.422138333333336,False,False,False,SLA Violated
Closed,1544,Low,Chat,Product setup,1st line support,Connor Danielovitch,2023-03-08 21:01:00,2023-03-09 21:01:00,2023-03-08 21:03:00,2023-03-08 21:02:08.404,Within SLA,2023-03-09 11:28:21.167,Within SLA,2023-03-12 02:19:28.739,6,4.0,Custom software development,Tier 1,France,48.864716,2.349014,0.01900111111111111,14.455879722222223,False,False,False,Within SLA
In progress,1545,Low,Chat,Feature request,1st line support,Bernard Beckley,2023-03-08 19:24:41,2023-03-09 19:24:41,2023-03-08 19:26:41,2023-03-08 19:30:31.453,SLA Violated,,SLA Violated,,6,,Custom software development,Tier 1,Bulgaria,42.7249925,25.4833039,0.09734805555555555,,False,False,True,
In progress,1546,Medium,Chat,Other,2nd line support,Heather Urry,2023-03-08 01:14:25,2023-03-09 01:14:25,2023-03-08 01:16:25,2023-03-08 01:16:08.969,Within SLA,,SLA Violated,,4,,Custom software development,Tier 2,Italy,43.036776,12.678565,0.028880277777777776,,False,False,True,
Resolved,1547,Low,Email,Other,2nd line support,Adolpho Messingham,2023-03-08 16:10:52,2023-03-10 16:10:52,2023-03-08 17:10:52,2023-03-08 17:01:41.478,Within SLA,2023-03-10 06:07:39.025,Within SLA,,3,,Ready to use Software,Tier 2,Austria,47.6964719,13.3457347,0.8470772222222223,37.946395833333334,False,False,False,Within SLA
Closed,1548,Medium,Email,Other,1st line support,Nicola Wane,2023-03-08 07:47:06,2023-03-10 07:47:06,2023-03-08 08:47:06,2023-03-08 15:27:01.293,SLA Violated,2023-03-09 17:09:31.186,Within SLA,2023-03-15 20:16:12.640,4,2.0,Training and Consulting Services,Tier 1,Italy,43.036776,12.678565,7.665359166666667,33.37366277777778,False,False,False,Within SLA
In progress,1549,Low,Chat,Purchasing and invoicing,1st line support,Sheela Cutten,2023-03-08 19:22:33,2023-03-09 19:22:33,2023-03-08 19:24:33,2023-03-08 19:22:43.131,Within SLA,,SLA Violated,,9,,Training and Consulting Services,Tier 1,Republic of Ireland,53.094024,-8.019675,0.0028141666666666666,,False,False,True,
Resolved,1550,Low,Chat,Feature request,1st line support,Bernard Beckley,2023-03-09 07:31:05,2023-03-10 07:31:05,2023-03-09 07:33:05,2023-03-09 07:31:46.899,Within SLA,2023-03-09 18:22:37.688,Within SLA,,5,,Ready to use Software,Tier 1,Poland,52.536273,19.050639,0.011638611111111112,10.85908,False,False,False,Within SLA
Closed,1551,High,Email,Pricing and licensing,1st line support,Kristos Westoll,2023-03-09 18:37:17,2023-03-11 18:37:17,2023-03-09 19:37:17,2023-03-09 18:50:07.066,Within SLA,2023-03-10 18:31:50.215,Within SLA,2023-03-15 04:39:09.457,3,4.0,Other,Tier 1,Bulgaria,42.7249925,25.4833039,0.21390722222222222,23.90922638888889,False,False,False,Within SLA
Closed,1552,Low,Email,Pricing and licensing,1st line support,Nicola Wane,2023-03-09 05:24:36,2023-03-11 05:24:36,2023-03-09 06:24:36,2023-03-09 06:07:16.582,Within SLA,2023-03-10 19:09:51.543,Within SLA,2023-03-10 17:01:09.153,2,1.0,Custom software development,Tier 1,Austria,47.6964719,13.3457347,0.7112727777777778,37.7543175,False,False,False,Within SLA
In progress,1553,Medium,Email,Feature request,1st line support,Connor Danielovitch,2023-03-09 22:52:40,2023-03-11 22:52:40,2023-03-09 23:52:40,2023-03-09 22:53:38.525,Within SLA,,SLA Violated,,2,,Ready to use Software,Tier 1,Italy,43.036776,12.678565,0.016256944444444445,,False,False,True,
Closed,1556,High,Email,Product setup,1st line support,Bernard Beckley,2023-03-09 20:08:56,2023-03-11 20:08:56,2023-03-09 21:08:56,2023-03-09 20:26:57.149,Within SLA,2023-03-10 17:53:36.606,Within SLA,2023-03-11 06:54:20.584,3,3.0,Other,Tier 1,United Kingdom,55.378052,-3.435973,0.30031916666666664,21.74461277777778,False,False,False,Within SLA
Resolved,1557,Medium,Email,Pricing and licensing,1st line support,Sheela Cutten,2023-03-09 01:51:28,2023-03-11 01:51:28,2023-03-09 02:51:28,2023-03-09 02:21:02.287,Within SLA,2023-03-11 00:55:05.989,Within SLA,,3,,Training and Consulting Services,Tier 1,Republic of Ireland,53.094024,-8.019675,0.4928575,47.0605525,False,False,False,Within SLA
Closed,1560,High,Email,Feature request,2nd line support,Michele Whyatt,2023-03-10 04:09:11,2023-03-12 04:09:11,2023-03-10 05:09:11,2023-03-10 04:34:11.339,Within SLA,2023-03-11 15:42:37.374,Within SLA,2023-03-13 15:37:11.518,2,3.0,Ready to use Software,Tier 2,Austria,47.6964719,13.3457347,0.4167608333333333,35.55732611111111,False,False,False,Within SLA
Closed,1561,Low,Chat,Feature request,2nd line support,Adolpho Messingham,2023-03-10 17:41:12,2023-03-11 17:41:12,2023-03-10 17:43:12,2023-03-10 17:42:58.940,Within SLA,2023-03-11 03:12:53.991,Within SLA,2023-03-11 18:26:04.263,6,3.0,Other,Tier 2,United Kingdom,55.378052,-3.435973,0.029705555555555554,9.528330833333333,False,False,False,Within SLA
In progress,1562,Low,Email,Feature request,2nd line support,Adolpho Messingham,2023-03-10 00:32:45,2023-03-12 00:32:45,2023-03-10 01:32:45,2023-03-10 01:13:09.458,Within SLA,,SLA Violated,,2,,Other,Tier 2,United Kingdom,55.378052,-3.435973,0.6734605555555556,,False,False,True,
Resolved,1563,Low,Chat,Feature request,1st line support,Sheela Cutten,2023-03-10 00:43:40,2023-03-11 00:43:40,2023-03-10 00:45:40,2023-03-10 00:45:17.711,Within SLA,2023-03-10 14:07:43.309,Within SLA,,3,,Custom software development,Tier 1,Bulgaria,42.7249925,25.4833039,0.027141944444444444,13.400919166666666,False,False,False,Within SLA
Closed,1565,Medium,Email,Pricing and licensing,1st line support,Bernard Beckley,2023-03-10 06:44:13,2023-03-12 06:44:13,2023-03-10 07:44:13,2023-03-10 07:40:30.264,Within SLA,2023-03-10 22:31:11.103,Within SLA,2023-03-13 13:36:51.329,8,3.0,Custom software development,Tier 1,United Kingdom,55.378052,-3.435973,0.9381288888888889,15.78280638888889,False,False,False,Within SLA
In progress,1567,Medium,Email,Other,1st line support,Connor Danielovitch,2023-03-11 22:08:57,2023-03-13 22:08:57,2023-03-11 23:08:57,2023-03-11 22:37:09.744,Within SLA,,SLA Violated,,3,,Ready to use Software,Tier 1,Austria,47.6964719,13.3457347,0.47020666666666666,,False,False,True,
Resolved,1568,Medium,Email,Product setup,1st line support,Sheela Cutten,2023-03-11 04:34:35,2023-03-13 04:34:35,2023-03-11 05:34:35,2023-03-11 05:02:24.283,Within SLA,2023-03-12 00:49:06.972,Within SLA,,4,,Ready to use Software,Tier 1,Czech Republic,49.8037633,15.4749126,0.4636897222222222,20.242214444444443,False,False,False,Within SLA
Resolved,1573,Low,Email,Product setup,2nd line support,Heather Urry,2023-03-11 01:06:38,2023-03-13 01:06:38,2023-03-11 02:06:38,2023-03-11 01:50:22.194,Within SLA,2023-03-12 00:53:41.562,Within SLA,,2,,Ready to use Software,Tier 2,United Kingdom,55.378052,-3.435973,0.7289427777777777,23.784322777777778,False,False,False,Within SLA
Resolved,1574,Medium,Chat,Other,1st line support,Nicola Wane,2023-03-11 15:34:51,2023-03-12 15:34:51,2023-03-11 15:36:51,2023-03-11 15:35:13.796,Within SLA,2023-03-12 09:31:06.952,Within SLA,,6,,Ready to use Software,Tier 1,United Kingdom,55.378052,-3.435973,0.006332222222222222,17.937764444444444,False,False,False,Within SLA
Resolved,1575,High,Email,Feature request,1st line support,Sheela Cutten,2023-03-12 03:04:01,2023-03-14 03:04:01,2023-03-12 04:04:01,2023-03-12 03:31:01.238,Within SLA,2023-03-15 23:42:24.741,SLA Violated,,3,,Custom software development,Tier 1,Italy,43.036776,12.678565,0.4500661111111111,92.63992805555554,False,False,False,SLA Violated
Resolved,1576,Low,Email,Purchasing and invoicing,2nd line support,Michele Whyatt,2023-03-12 01:00:06,2023-03-14 01:00:06,2023-03-12 02:00:06,2023-03-12 01:46:15.414,Within SLA,2023-03-12 05:29:28.060,Within SLA,,2,,Ready to use Software,Tier 2,Austria,47.6964719,13.3457347,0.7692816666666668,4.489461111111111,False,False,False,Within SLA
Closed,1577,Medium,Email,Bug report,1st line support,Connor Danielovitch,2023-03-12 19:12:49,2023-03-14 19:12:49,2023-03-12 20:12:49,2023-03-12 19:48:43.328,Within SLA,2023-03-13 03:38:18.000,Within SLA,2023-03-18 07:48:25.482,8,3.0,Ready to use Software,Tier 1,United Kingdom,55.378052,-3.435973,0.5984244444444444,8.424722222222222,False,False,False,Within SLA
Closed,1581,Low,Email,Bug report,2nd line support,Michele Whyatt,2023-03-13 15:58:26,2023-03-15 15:58:26,2023-03-13 16:58:26,2023-03-13 16:19:06.640,Within SLA,2023-03-14 23:11:28.327,Within SLA,2023-03-16 15:44:35.472,6,4.0,Ready to use Software,Tier 2,Bulgaria,42.7249925,25.4833039,0.3446222222222223,31.217313055555557,False,False,False,Within SLA
Resolved,1582,Low,Phone,Purchasing and invoicing,1st line support,Nicola Wane,2023-03-13 11:05:16,2023-03-15 11:05:16,2023-03-13 11:07:16,2023-03-13 11:05:29.359,Within SLA,2023-03-15 09:34:06.827,Within SLA,,3,,Ready to use Software,Tier 1,Poland,52.536273,19.050639,0.0037108333333333333,46.48078527777778,False,False,False,Within SLA
Closed,1583,Medium,Chat,Training request,1st line support,Kristos Westoll,2023-03-13 05:33:38,2023-03-14 05:33:38,2023-03-13 05:35:38,2023-03-13 05:35:00.469,Within SLA,2023-03-14 00:01:28.087,Within SLA,2023-03-17 06:57:34.136,3,5.0,Training and Consulting Services,Tier 1,Poland,52.536273,19.050639,0.022908055555555553,18.463913055555555,False,False,False,Within SLA
In progress,1584,Low,Chat,Feature request,1st line support,Connor Danielovitch,2023-03-13 13:19:39,2023-03-14 13:19:39,2023-03-13 13:21:39,2023-03-13 13:20:29.078,Within SLA,,SLA Violated,,9,,Other,Tier 1,United Kingdom,55.378052,-3.435973,0.013910555555555556,,False,False,True,
Closed,1585,Low,Email,Product setup,2nd line support,Michele Whyatt,2023-03-13 21:36:55,2023-03-15 21:36:55,2023-03-13 22:36:55,2023-03-13 22:31:54.634,Within SLA,2023-03-14 19:08:44.063,Within SLA,2023-03-16 16:20:17.353,6,2.0,Training and Consulting Services,Tier 2,Slovenia,46.1491664,14.9860106,0.916565,21.530295277777775,False,False,False,Within SLA
Closed,1587,Medium,Email,Pricing and licensing,1st line support,Connor Danielovitch,2023-03-13 08:21:06,2023-03-15 08:21:06,2023-03-13 09:21:06,2023-03-13 09:04:45.678,Within SLA,2023-03-13 12:09:45.305,Within SLA,2023-03-15 15:22:42.713,8,3.0,Other,Tier 1,United Kingdom,55.378052,-3.435973,0.7276883333333333,3.8109180555555557,False,False,False,Within SLA
Resolved,1588,Low,Chat,Purchasing and invoicing,2nd line support,Heather Urry,2023-03-13 15:59:29,2023-03-14 15:59:29,2023-03-13 16:01:29,2023-03-13 16:00:41.602,Within SLA,2023-03-15 07:19:23.122,SLA Violated,,4,,Ready to use Software,Tier 2,Greece,39.368279,21.863141,0.020167222222222222,39.33170055555556,False,False,False,SLA Violated
Closed,1589,Low,Chat,Feature request,1st line support,Sheela Cutten,2023-03-13 20:46:16,2023-03-14 20:46:16,2023-03-13 20:48:16,2023-03-13 20:47:36.899,Within SLA,2023-03-14 16:57:25.981,Within SLA,2023-03-16 00:58:51.358,8,2.0,Other,Tier 1,Greece,39.368279,21.863141,0.022471944444444444,20.186105833333333,False,False,False,Within SLA
In progress,1590,Low,Email,Purchasing and invoicing,1st line support,Nicola Wane,2023-03-13 10:15:38,2023-03-15 10:15:38,2023-03-13 11:15:38,2023-03-13 10:41:30.978,Within SLA,,SLA Violated,,2,,Training and Consulting Services,Tier 1,Czech Republic,49.8037633,15.4749126,0.4313827777777778,,False,False,True,
Closed,1591,Low,Chat,Feature request,1st line support,Sheela Cutten,2023-03-13 11:05:15,2023-03-14 11:05:15,2023-03-13 11:07:15,2023-03-13 11:06:20.062,Within SLA,2023-03-13 18:27:01.651,Within SLA,2023-03-14 17:06:17.743,6,3.0,Other,Tier 1,Italy,43.036776,12.678565,0.018072777777777778,7.362958611111112,False,False,False,Within SLA
In progress,1592,Low,Email,Other,1st line support,Sheela Cutten,2023-03-13 07:20:49,2023-03-15 07:20:49,2023-03-13 08:20:49,2023-03-13 08:03:15.696,Within SLA,,SLA Violated,,5,,Ready to use Software,Tier 1,Slovenia,46.1491664,14.9860106,0.7074155555555556,,False,False,True,
Resolved,1593,Medium,Email,Product setup,2nd line support,Michele Whyatt,2023-03-14 09:39:52,2023-03-16 09:39:52,2023-03-14 10:39:52,2023-03-14 10:12:45.716,Within SLA,2023-03-16 06:05:59.955,Within SLA,,1,,Ready to use Software,Tier 2,Italy,43.036776,12.678565,0.5482544444444444,44.43554305555555,False,False,False,Within SLA
Closed,1594,High,Email,Product setup,1st line support,Kristos Westoll,2023-03-14 10:08:38,2023-03-16 10:08:38,2023-03-14 11:08:38,2023-03-14 10:18:39.533,Within SLA,2023-03-14 14:26:38.512,Within SLA,2023-03-21 16:13:27.191,3,5.0,Custom software development,Tier 1,United Kingdom,55.378052,-3.435973,0.1670925,4.300142222222222,False,False,False,Within SLA
Resolved,1595,Low,Email,Pricing and licensing,1st line support,Sheela Cutten,2023-03-14 18:42:04,2023-03-16 18:42:04,2023-03-14 19:42:04,2023-03-14 19:30:38.623,Within SLA,2023-03-16 16:46:56.127,Within SLA,,10,,Other,Tier 1,Spain,39.67337,-4.767726,0.8096175,46.08114638888889,False,False,False,Within SLA
Closed,1596,Low,Chat,Product setup,1st line support,Bernard Beckley,2023-03-14 03:18:49,2023-03-15 03:18:49,2023-03-14 03:20:49,2023-03-14 03:22:14.202,SLA Violated,2023-03-14 04:59:40.195,Within SLA,2023-03-18 12:26:13.628,3,3.0,Custom software development,Tier 1,Slovenia,46.1491664,14.9860106,0.057000555555555554,1.6808874999999999,False,False,False,Within SLA
Closed,1597,Low,Email,Pricing and licensing,1st line support,Connor Danielovitch,2023-03-14 19:42:01,2023-03-16 19:42:01,2023-03-14 20:42:01,2023-03-14 20:04:44.438,Within SLA,2023-03-16 01:11:48.731,Within SLA,2023-03-17 22:23:48.526,2,5.0,Training and Consulting Services,Tier 1,Italy,43.036776,12.678565,0.3787327777777778,29.496591944444443,False,False,False,Within SLA
Closed,1598,Medium,Email,Product setup,1st line support,Kristos Westoll,2023-03-14 12:18:12,2023-03-16 12:18:12,2023-03-14 13:18:12,2023-03-14 13:01:04.344,Within SLA,2023-03-16 02:47:03.437,Within SLA,2023-03-20 18:49:41.993,4,3.0,Other,Tier 1,Italy,43.036776,12.678565,0.7145400000000001,38.48095472222222,False,False,False,Within SLA
Closed,1599,Medium,Phone,Product setup,1st line support,Kristos Westoll,2023-03-14 10:19:11,2023-03-16 10:19:11,2023-03-14 10:21:11,2023-03-14 10:21:17.022,SLA Violated,2023-03-16 07:07:00.026,Within SLA,2023-03-16 11:08:14.677,3,1.0,Custom software development,Tier 1,Bulgaria,42.7249925,25.4833039,0.03500611111111111,44.79695166666667,False,False,False,Within SLA
Closed,1600,Medium,Email,Other,1st line support,Sheela Cutten,2023-03-14 11:12:15,2023-03-16 11:12:15,2023-03-14 12:12:15,2023-03-14 11:37:39.946,Within SLA,2023-03-15 02:27:17.299,Within SLA,2023-03-19 09:35:41.280,2,4.0,Training and Consulting Services,Tier 1,United Kingdom,55.378052,-3.435973,0.42359611111111106,15.25063861111111,False,False,False,Within SLA
Closed,1601,Low,Email,Product setup,1st line support,Sheela Cutten,2023-03-15 00:21:06,2023-03-17 00:21:06,2023-03-15 01:21:06,2023-03-15 00:31:00.684,Within SLA,2023-03-16 10:55:59.200,Within SLA,2023-03-17 06:27:00.839,2,3.0,Other,Tier 1,Austria,47.6964719,13.3457347,0.16519,34.58144444444444,False,False,False,Within SLA
Resolved,1602,High,Email,Feature request,2nd line support,Michele Whyatt,2023-03-15 00:44:09,2023-03-17 00:44:09,2023-03-15 01:44:09,2023-03-15 01:35:42.423,Within SLA,2023-03-16 12:29:39.978,Within SLA,,2,,Ready to use Software,Tier 2,Germany,51.165691,10.451526,0.8592841666666666,35.758605,False,False,False,Within SLA
Resolved,1603,Medium,Email,Feature request,1st line support,Sheela Cutten,2023-03-15 12:59:00,2023-03-17 12:59:00,2023-03-15 13:59:00,2023-03-15 13:35:21.670,Within SLA,2023-03-20 04:08:16.353,SLA Violated,,10,,Ready to use Software,Tier 1,Poland,52.536273,19.050639,0.6060194444444444,111.1545425,False,False,False,SLA Violated
In progress,1604,High,Email,Product setup,1st line support,Sheela Cutten,2023-03-15 03:33:55,2023-03-17 03:33:55,2023-03-15 04:33:55,2023-03-15 03:48:41.194,Within SLA,,SLA Violated,,9,,Custom software development,Tier 1,Poland,52.536273,19.050639,0.246165,,False,False,True,
Closed,1605,High,Phone,Product setup,1st line support,Bernard Beckley,2023-03-15 10:58:56,2023-03-17 10:58:56,2023-03-15 11:00:56,2023-03-15 11:04:40.382,SLA Violated,2023-03-16 02:19:16.651,Within SLA,2023-03-17 08:48:12.345,5,3.0,Custom software development,Tier 1,Poland,52.536273,19.050639,0.09566166666666667,15.339069722222222,False,False,False,Within SLA
Resolved,1606,High,Chat,Bug report,1st line support,Bernard Beckley,2023-03-15 12:11:12,2023-03-16 12:11:12,2023-03-15 12:13:12,2023-03-15 12:12:32.332,Within SLA,2023-03-16 03:56:25.119,Within SLA,,3,,Custom software development,Tier 1,Italy,43.036776,12.678565,0.022314444444444442,15.753644166666666,False,False,False,Within SLA
Closed,1607,Low,Email,Pricing and licensing,1st line support,Bernard Beckley,2023-03-15 16:08:07,2023-03-17 16:08:07,2023-03-15 17:08:07,2023-03-15 16:37:57.647,Within SLA,2023-03-17 09:02:37.177,Within SLA,2023-03-19 05:52:28.971,9,2.0,Custom software development,Tier 1,Germany,51.165691,10.451526,0.4974019444444444,40.9083825,False,False,False,Within SLA
Closed,1608,High,Email,Product setup,1st line support,Nicola Wane,2023-03-16 17:09:22,2023-03-18 17:09:22,2023-03-16 18:09:22,2023-03-16 17:58:35.476,Within SLA,2023-03-18 00:10:52.779,Within SLA,2023-03-19 05:58:33.343,1,1.0,Ready to use Software,Tier 1,Austria,47.6964719,13.3457347,0.8204100000000001,31.025216388888886,False,False,False,Within SLA
Resolved,1609,Medium,Chat,Pricing and licensing,1st line support,Sheela Cutten,2023-03-16 20:58:03,2023-03-17 20:58:03,2023-03-16 21:00:03,2023-03-16 20:58:16.780,Within SLA,2023-03-17 06:49:58.096,Within SLA,,6,,Training and Consulting Services,Tier 1,Slovenia,46.1491664,14.9860106,0.0038277777777777776,9.865304444444444,False,False,False,Within SLA
Closed,1610,Low,Chat,Pricing and licensing,1st line support,Kristos Westoll,2023-03-16 04:46:12,2023-03-17 04:46:12,2023-03-16 04:48:12,2023-03-16 04:46:27.828,Within SLA,2023-03-16 12:23:46.602,Within SLA,2023-03-19 16:08:47.925,8,3.0,Ready to use Software,Tier 1,France,48.864716,2.349014,0.004396666666666667,7.626278333333333,False,False,False,Within SLA
Closed,1611,High,Email,Purchasing and invoicing,1st line support,Kristos Westoll,2023-03-16 18:51:53,2023-03-18 18:51:53,2023-03-16 19:51:53,2023-03-16 19:21:33.880,Within SLA,2023-03-17 05:58:32.335,Within SLA,2023-03-23 06:20:21.666,9,3.0,Custom software development,Tier 1,Italy,43.036776,12.678565,0.4946888888888889,11.110926388888888,False,False,False,Within SLA
Resolved,1612,High,Chat,Bug report,1st line support,Connor Danielovitch,2023-03-16 02:30:07,2023-03-17 02:30:07,2023-03-16 02:32:07,2023-03-16 02:31:43.191,Within SLA,2023-03-16 09:24:10.161,Within SLA,,4,,Custom software development,Tier 1,United Kingdom,55.378052,-3.435973,0.026719722222222225,6.900878055555555,False,False,False,Within SLA
Closed,1613,Medium,Chat,Product setup,1st line support,Connor Danielovitch,2023-03-16 15:56:22,2023-03-17 15:56:22,2023-03-16 15:58:22,2023-03-16 15:56:36.025,Within SLA,2023-03-17 03:32:42.529,Within SLA,2023-03-19 08:11:35.201,4,4.0,Ready to use Software,Tier 1,Bulgaria,42.7249925,25.4833039,0.0038958333333333336,11.605702500000001,False,False,False,Within SLA
Resolved,1614,High,Email,Bug report,1st line support,Sheela Cutten,2023-03-16 18:30:18,2023-03-18 18:30:18,2023-03-16 19:30:18,2023-03-16 21:29:31.442,SLA Violated,2023-03-17 12:24:43.722,Within SLA,,2,,Custom software development,Tier 1,France,48.864716,2.349014,2.987067222222222,17.907145,False,False,False,Within SLA
Closed,1615,Medium,Email,Training request,1st line support,Connor Danielovitch,2023-03-16 13:15:46,2023-03-18 13:15:46,2023-03-16 14:15:46,2023-03-16 13:16:49.141,Within SLA,2023-03-17 20:06:43.772,Within SLA,2023-03-21 22:32:53.402,1,5.0,Training and Consulting Services,Tier 1,Italy,43.036776,12.678565,0.017539166666666665,30.84938111111111,False,False,False,Within SLA
Resolved,1616,Low,Email,Pricing and licensing,1st line support,Sheela Cutten,2023-03-16 06:25:19,2023-03-18 06:25:19,2023-03-16 07:25:19,2023-03-16 06:26:38.518,Within SLA,2023-03-16 09:04:16.819,Within SLA,,1,,Ready to use Software,Tier 1,Austria,47.6964719,13.3457347,0.022088333333333335,2.6493941666666667,False,False,False,Within SLA
Resolved,1617,Medium,Email,Product setup,1st line support,Sheela Cutten,2023-03-16 12:36:44,2023-03-18 12:36:44,2023-03-16 13:36:44,2023-03-16 12:49:57.352,Within SLA,2023-03-16 23:25:32.822,Within SLA,,1,,Ready to use Software,Tier 1,Republic of Ireland,53.094024,-8.019675,0.22037555555555555,10.813561666666667,False,False,False,Within SLA
Closed,1618,Medium,Email,Product setup,1st line support,Bernard Beckley,2023-03-17 02:32:50,2023-03-19 02:32:50,2023-03-17 03:32:50,2023-03-17 03:00:06.723,Within SLA,2023-03-22 03:02:30.497,SLA Violated,2023-03-24 01:48:54.840,6,5.0,Ready to use Software,Tier 1,Italy,43.036776,12.678565,0.45464527777777775,120.49458249999999,False,False,False,SLA Violated
Resolved,1619,Low,Email,Product setup,1st line support,Kristos Westoll,2023-03-17 10:58:28,2023-03-19 10:58:28,2023-03-17 11:58:28,2023-03-17 11:04:56.385,Within SLA,2023-03-23 00:12:07.025,SLA Violated,,6,,Other,Tier 1,Austria,47.6964719,13.3457347,0.10788472222222222,133.22750694444446,False,False,False,SLA Violated
Resolved,1626,High,Email,Feature request,1st line support,Nicola Wane,2023-03-18 00:21:14,2023-03-20 00:21:14,2023-03-18 01:21:14,2023-03-18 00:33:52.288,Within SLA,2023-03-18 14:39:42.480,Within SLA,,2,,Ready to use Software,Tier 1,Germany,51.165691,10.451526,0.21063555555555555,14.307911111111112,False,False,False,Within SLA
Closed,1627,Low,Email,Product setup,1st line support,Sheela Cutten,2023-03-18 06:34:51,2023-03-20 06:34:51,2023-03-18 07:34:51,2023-03-18 07:05:21.150,Within SLA,2023-03-20 05:12:27.660,Within SLA,2023-03-21 02:40:49.149,2,4.0,Training and Consulting Services,Tier 1,Bulgaria,42.7249925,25.4833039,0.508375,46.62685,False,False,False,Within SLA
Resolved,1628,High,Email,Bug report,1st line support,Sheela Cutten,2023-03-18 08:08:35,2023-03-20 08:08:35,2023-03-18 09:08:35,2023-03-18 09:00:07.414,Within SLA,2023-03-20 04:11:32.390,Within SLA,,7,,Ready to use Software,Tier 1,Czech Republic,49.8037633,15.4749126,0.8590038888888889,44.049275,False,False,False,Within SLA
Closed,1629,Low,Chat,Feature request,1st line support,Bernard Beckley,2023-03-18 23:00:11,2023-03-19 23:00:11,2023-03-18 23:02:11,2023-03-18 23:01:33.995,Within SLA,2023-03-19 08:24:56.256,Within SLA,2023-03-25 02:09:45.781,6,4.0,Custom software development,Tier 1,Slovenia,46.1491664,14.9860106,0.023054166666666667,9.412571111111111,False,False,False,Within SLA
Resolved,1630,Low,Phone,Feature request,1st line support,Sheela Cutten,2023-03-18 08:59:42,2023-03-20 08:59:42,2023-03-18 09:01:42,2023-03-18 09:01:39.934,Within SLA,2023-03-18 15:41:58.960,Within SLA,,2,,Ready to use Software,Tier 1,Slovenia,46.1491664,14.9860106,0.032759444444444445,6.704711111111111,False,False,False,Within SLA
In progress,1631,Low,Phone,Product setup,1st line support,Connor Danielovitch,2023-03-19 18:00:21,2023-03-21 18:00:21,2023-03-19 18:02:21,2023-03-19 18:04:12.913,SLA Violated,,SLA Violated,,1,,Ready to use Software,Tier 1,Poland,52.536273,19.050639,0.06442027777777778,,False,False,True,
Resolved,1632,Low,Email,Feature request,1st line support,Sheela Cutten,2023-03-19 21:00:31,2023-03-21 21:00:31,2023-03-19 22:00:31,2023-03-20 01:55:47.901,SLA Violated,2023-03-21 13:11:42.073,Within SLA,,2,,Custom software development,Tier 1,Germany,51.165691,10.451526,4.921361388888889,40.18640916666667,False,False,False,Within SLA
Closed,1633,High,Email,Purchasing and invoicing,1st line support,Kristos Westoll,2023-03-19 14:00:56,2023-03-21 14:00:56,2023-03-19 15:00:56,2023-03-19 14:44:57.403,Within SLA,2023-03-20 12:31:49.433,Within SLA,2023-03-22 21:20:44.488,4,5.0,Training and Consulting Services,Tier 1,United Kingdom,55.378052,-3.435973,0.7337230555555555,22.5148425,False,False,False,Within SLA
Closed,1634,Medium,Chat,Other,1st line support,Sheela Cutten,2023-03-19 22:55:52,2023-03-20 22:55:52,2023-03-19 22:57:52,2023-03-19 23:00:30.437,SLA Violated,2023-03-21 06:46:47.234,SLA Violated,2023-03-21 22:25:45.004,6,4.0,Ready to use Software,Tier 1,Bulgaria,42.7249925,25.4833039,0.07734361111111111,31.84867611111111,False,False,False,SLA Violated
Closed,1635,Medium,Email,Pricing and licensing,1st line support,Sheela Cutten,2023-03-19 22:09:59,2023-03-21 22:09:59,2023-03-19 23:09:59,2023-03-19 22:28:36.863,Within SLA,2023-03-20 11:03:42.510,Within SLA,2023-03-22 04:18:02.024,5,5.0,Ready to use Software,Tier 1,Greece,39.368279,21.863141,0.3105175,12.895419444444444,False,False,False,Within SLA
Closed,1636,Low,Chat,Product setup,1st line support,Connor Danielovitch,2023-03-19 22:50:17,2023-03-20 22:50:17,2023-03-19 22:52:17,2023-03-19 22:50:35.148,Within SLA,2023-03-20 17:39:07.038,Within SLA,2023-03-24 19:58:48.694,5,3.0,Custom software development,Tier 1,Greece,39.368279,21.863141,0.005041111111111111,18.813899444444445,False,False,False,Within SLA
In progress,1637,Low,Phone,Product setup,1st line support,Connor Danielovitch,2023-03-19 12:53:48,2023-03-21 12:53:48,2023-03-19 12:55:48,2023-03-19 12:59:45.144,SLA Violated,,SLA Violated,,3,,Custom software development,Tier 1,Italy,43.036776,12.678565,0.09920666666666667,,False,False,True,
Closed,1638,Medium,Email,Feature request,1st line support,Nicola Wane,2023-03-20 13:23:05,2023-03-22 13:23:05,2023-03-20 14:23:05,2023-03-20 14:05:28.060,Within SLA,2023-03-22 08:53:29.426,Within SLA,2023-03-26 10:19:09.243,2,3.0,Ready to use Software,Tier 1,Poland,52.536273,19.050639,0.7064055555555555,43.506785,False,False,False,Within SLA
In progress,1639,Low,Email,Feature request,2nd line support,Adolpho Messingham,2023-03-20 19:10:24,2023-03-22 19:10:24,2023-03-20 20:10:24,2023-03-20 19:28:28.082,Within SLA,,SLA Violated,,1,,Other,Tier 2,Germany,51.165691,10.451526,0.3011338888888889,,False,False,True,
Resolved,1640,High,Phone,Product setup,1st line support,Connor Danielovitch,2023-03-20 07:20:34,2023-03-22 07:20:34,2023-03-20 07:22:34,2023-03-20 07:21:27.226,Within SLA,2023-03-20 17:57:46.341,Within SLA,,3,,Custom software development,Tier 1,Slovenia,46.1491664,14.9860106,0.014785,10.620094722222222,False,False,False,Within SLA
Resolved,1641,Medium,Email,Product setup,1st line support,Kristos Westoll,2023-03-20 22:27:49,2023-03-22 22:27:49,2023-03-20 23:27:49,2023-03-20 22:37:30.389,Within SLA,2023-03-21 12:54:25.015,Within SLA,,10,,Other,Tier 1,Slovenia,46.1491664,14.9860106,0.16149694444444446,14.4433375,False,False,False,Within SLA
Closed,1642,Low,Phone,Product setup,2nd line support,Adolpho Messingham,2023-03-20 16:27:35,2023-03-22 16:27:35,2023-03-20 16:29:35,2023-03-20 16:28:37.582,Within SLA,2023-03-22 03:58:27.124,Within SLA,2023-03-21 11:47:51.601,3,2.0,Training and Consulting Services,Tier 2,United Kingdom,55.378052,-3.435973,0.01738388888888889,35.51447888888889,False,False,False,Within SLA
Closed,1643,Low,Chat,Product setup,1st line support,Bernard Beckley,2023-03-20 21:49:15,2023-03-21 21:49:15,2023-03-20 21:51:15,2023-03-20 21:49:18.243,Within SLA,2023-03-21 18:09:34.269,Within SLA,2023-03-27 02:31:49.859,6,3.0,Custom software development,Tier 1,Spain,39.67337,-4.767726,0.0009008333333333333,20.338685833333333,False,False,False,Within SLA
Closed,1644,Low,Email,Feature request,1st line support,Sheela Cutten,2023-03-20 01:25:09,2023-03-22 01:25:09,2023-03-20 02:25:09,2023-03-20 02:23:01.777,Within SLA,2023-03-21 21:04:22.862,Within SLA,2023-03-23 12:14:20.275,2,3.0,Other,Tier 1,Spain,39.67337,-4.767726,0.9646602777777777,43.65385055555555,False,False,False,Within SLA
Closed,1645,Medium,Email,Bug report,1st line support,Connor Danielovitch,2023-03-20 18:36:23,2023-03-22 18:36:23,2023-03-20 19:36:23,2023-03-20 19:32:38.909,Within SLA,2023-03-20 19:28:53.303,Within SLA,2023-03-25 11:04:25.169,5,4.0,Ready to use Software,Tier 1,United Kingdom,55.378052,-3.435973,0.9377525,0.8750841666666667,False,False,False,Within SLA
Closed,1646,Low,Email,Purchasing and invoicing,1st line support,Sheela Cutten,2023-03-21 19:11:31,2023-03-23 19:11:31,2023-03-21 20:11:31,2023-03-21 20:10:44.568,Within SLA,2023-03-23 13:08:32.247,Within SLA,2023-03-25 01:06:59.698,1,3.0,Custom software development,Tier 1,France,48.864716,2.349014,0.9871022222222223,41.95034638888889,False,False,False,Within SLA
Closed,1647,Low,Chat,Feature request,2nd line support,Michele Whyatt,2023-03-21 00:03:07,2023-03-22 00:03:07,2023-03-21 00:05:07,2023-03-21 00:03:37.789,Within SLA,2023-03-21 14:27:49.171,Within SLA,2023-03-21 20:08:10.747,6,3.0,Ready to use Software,Tier 2,Poland,52.536273,19.050639,0.008552500000000001,14.411714166666668,False,False,False,Within SLA
Closed,1648,High,Phone,Product setup,2nd line support,Heather Urry,2023-03-21 08:43:34,2023-03-23 08:43:34,2023-03-21 08:45:34,2023-03-21 08:43:51.873,Within SLA,2023-03-26 13:07:36.176,SLA Violated,2023-03-27 16:18:22.233,3,4.0,Ready to use Software,Tier 2,Germany,51.165691,10.451526,0.004964722222222223,124.40060444444444,False,False,False,SLA Violated
Resolved,1649,Low,Chat,Training request,1st line support,Kristos Westoll,2023-03-21 10:42:02,2023-03-22 10:42:02,2023-03-21 10:44:02,2023-03-21 10:44:07.589,SLA Violated,2023-03-22 10:23:14.420,Within SLA,,9,,Training and Consulting Services,Tier 1,Italy,43.036776,12.678565,0.03488583333333333,23.686783333333334,False,False,False,Within SLA
In progress,1650,Medium,Email,Other,1st line support,Bernard Beckley,2023-03-22 04:26:56,2023-03-24 04:26:56,2023-03-22 05:26:56,2023-03-22 05:00:29.936,Within SLA,,SLA Violated,,2,,Ready to use Software,Tier 1,France,48.864716,2.349014,0.5594266666666666,,False,False,True,
Resolved,1651,Low,Email,Feature request,1st line support,Bernard Beckley,2023-03-22 00:13:36,2023-03-24 00:13:36,2023-03-22 01:13:36,2023-03-22 00:53:11.162,Within SLA,2023-03-23 02:09:22.763,Within SLA,,6,,Other,Tier 1,Greece,39.368279,21.863141,0.6597672222222222,25.92965638888889,False,False,False,Within SLA
Closed,1652,Medium,Chat,Feature request,2nd line support,Heather Urry,2023-03-22 05:00:47,2023-03-23 05:00:47,2023-03-22 05:02:47,2023-03-22 05:02:37.453,Within SLA,2023-03-22 14:19:01.928,Within SLA,2023-03-27 22:56:13.924,6,3.0,Custom software development,Tier 2,Austria,47.6964719,13.3457347,0.03068138888888889,9.304146666666666,False,False,False,Within SLA
Resolved,1653,Medium,Email,Product setup,1st line support,Nicola Wane,2023-03-22 01:30:24,2023-03-24 01:30:24,2023-03-22 02:30:24,2023-03-22 02:17:00.818,Within SLA,2023-03-22 05:08:56.316,Within SLA,,2,,Training and Consulting Services,Tier 1,Greece,39.368279,21.863141,0.776893888888889,3.64231,False,False,False,Within SLA
Closed,1654,High,Email,Product setup,2nd line support,Heather Urry,2023-03-22 07:55:34,2023-03-24 07:55:34,2023-03-22 08:55:34,2023-03-22 08:43:58.021,Within SLA,2023-03-23 12:08:02.697,Within SLA,2023-03-26 09:47:14.007,8,2.0,Custom software development,Tier 2,United Kingdom,55.378052,-3.435973,0.8066725,28.20797138888889,False,False,False,Within SLA
Closed,1655,Low,Email,Product setup,1st line support,Connor Danielovitch,2023-03-22 18:21:14,2023-03-24 18:21:14,2023-03-22 19:21:14,2023-03-22 23:06:14.951,SLA Violated,2023-03-23 10:11:34.410,Within SLA,2023-03-28 09:44:24.901,3,4.0,Custom software development,Tier 1,Slovenia,46.1491664,14.9860106,4.750264166666667,15.839002777777779,False,False,False,Within SLA
Closed,1656,Low,Email,Product setup,2nd line support,Adolpho Messingham,2023-03-23 06:03:44,2023-03-25 06:03:44,2023-03-23 07:03:44,2023-03-23 06:50:19.124,Within SLA,2023-03-26 03:52:10.249,SLA Violated,2023-03-27 05:44:59.781,6,5.0,Ready to use Software,Tier 2,Bulgaria,42.7249925,25.4833039,0.7764233333333332,69.80729138888888,False,False,False,SLA Violated
Closed,1657,Medium,Phone,Bug report,1st line support,Nicola Wane,2023-03-23 13:40:59,2023-03-25 13:40:59,2023-03-23 13:42:59,2023-03-23 13:42:29.416,Within SLA,2023-03-24 09:24:48.322,Within SLA,2023-03-26 12:44:13.548,4,5.0,Ready to use Software,Tier 1,Spain,39.67337,-4.767726,0.025115555555555554,19.730367222222224,False,False,False,Within SLA
Closed,1658,High,Email,Other,1st line support,Nicola Wane,2023-03-23 13:58:43,2023-03-25 13:58:43,2023-03-23 14:58:43,2023-03-23 14:27:28.381,Within SLA,2023-03-25 10:50:46.513,Within SLA,2023-03-24 10:57:00.137,1,4.0,Custom software development,Tier 1,United Kingdom,55.378052,-3.435973,0.47927250000000005,44.8676425,False,False,False,Within SLA
Resolved,1659,Low,Email,Bug report,2nd line support,Adolpho Messingham,2023-03-23 14:27:04,2023-03-25 14:27:04,2023-03-23 15:27:04,2023-03-23 15:26:05.990,Within SLA,2023-03-25 11:18:47.843,Within SLA,,10,,Training and Consulting Services,Tier 2,Greece,39.368279,21.863141,0.983886111111111,44.86217861111111,False,False,False,Within SLA
In progress,1660,Low,Email,Feature request,2nd line support,Michele Whyatt,2023-03-23 22:39:46,2023-03-25 22:39:46,2023-03-23 23:39:46,2023-03-23 23:30:11.964,Within SLA,,SLA Violated,,8,,Other,Tier 2,Italy,43.036776,12.678565,0.8405455555555555,,False,False,True,
Closed,1661,Medium,Chat,Pricing and licensing,1st line support,Bernard Beckley,2023-03-23 05:03:29,2023-03-24 05:03:29,2023-03-23 05:05:29,2023-03-23 05:05:06.307,Within SLA,2023-03-24 04:33:05.883,Within SLA,2023-03-25 12:11:32.025,3,3.0,Training and Consulting Services,Tier 1,Italy,43.036776,12.678565,0.027029722222222222,23.49357861111111,False,False,False,Within SLA
Resolved,1665,Medium,Email,Feature request,1st line support,Nicola Wane,2023-03-24 07:33:22,2023-03-26 07:33:22,2023-03-24 08:33:22,2023-03-24 08:02:14.755,Within SLA,2023-03-25 12:21:56.021,Within SLA,,3,,Custom software development,Tier 1,France,48.864716,2.349014,0.48132083333333336,28.809450277777778,False,False,False,Within SLA
In progress,1666,Medium,Email,Product setup,1st line support,Bernard Beckley,2023-03-24 22:12:44,2023-03-26 22:12:44,2023-03-24 23:12:44,2023-03-24 22:54:22.851,Within SLA,,SLA Violated,,2,,Custom software development,Tier 1,Greece,39.368279,21.863141,0.6941252777777778,,False,False,True,
Closed,1668,Medium,Email,Purchasing and invoicing,1st line support,Nicola Wane,2023-03-24 04:18:03,2023-03-26 04:18:03,2023-03-24 05:18:03,2023-03-24 04:49:47.524,Within SLA,2023-03-25 22:13:45.032,Within SLA,2023-03-26 21:12:50.181,1,4.0,Custom software development,Tier 1,Germany,51.165691,10.451526,0.5290344444444444,41.92834222222223,False,False,False,Within SLA
Closed,1669,Medium,Email,Feature request,1st line support,Nicola Wane,2023-03-24 11:22:39,2023-03-26 11:22:39,2023-03-24 12:22:39,2023-03-24 11:34:26.586,Within SLA,2023-03-25 18:18:36.714,Within SLA,2023-03-25 04:20:03.104,1,5.0,Ready to use Software,Tier 1,Greece,39.368279,21.863141,0.19655166666666668,30.932698333333335,False,False,False,Within SLA
Closed,1670,Low,Email,Feature request,1st line support,Kristos Westoll,2023-03-24 20:23:23,2023-03-26 20:23:23,2023-03-24 21:23:23,2023-03-24 20:58:52.687,Within SLA,2023-03-26 04:36:20.674,Within SLA,2023-03-26 21:37:43.086,6,1.0,Custom software development,Tier 1,Germany,51.165691,10.451526,0.5915797222222222,32.21602055555555,False,False,False,Within SLA
Closed,1671,High,Email,Purchasing and invoicing,1st line support,Kristos Westoll,2023-03-24 13:35:36,2023-03-26 13:35:36,2023-03-24 14:35:36,2023-03-24 16:45:17.144,SLA Violated,2023-03-28 02:36:52.037,SLA Violated,2023-03-28 03:42:05.694,1,3.0,Other,Tier 1,Germany,51.165691,10.451526,3.161428888888889,85.02112138888889,False,False,False,SLA Violated
Closed,1673,High,Chat,Feature request,1st line support,Nicola Wane,2023-03-24 21:33:29,2023-03-25 21:33:29,2023-03-24 21:35:29,2023-03-24 21:35:18.652,Within SLA,2023-03-25 19:43:26.044,Within SLA,2023-03-27 16:01:01.835,4,4.0,Ready to use Software,Tier 1,France,48.864716,2.349014,0.03045888888888889,22.165845555555553,False,False,False,Within SLA
Resolved,1674,Medium,Email,Feature request,1st line support,Sheela Cutten,2023-03-24 06:37:36,2023-03-26 06:37:36,2023-03-24 07:37:36,2023-03-24 07:34:25.157,Within SLA,2023-03-24 10:10:41.570,Within SLA,,2,,Ready to use Software,Tier 1,Poland,52.536273,19.050639,0.9469880555555557,3.551547222222222,False,False,False,Within SLA
Closed,1675,Low,Email,Purchasing and invoicing,1st line support,Nicola Wane,2023-03-25 16:02:04,2023-03-27 16:02:04,2023-03-25 17:02:04,2023-03-25 16:54:19.437,Within SLA,2023-03-26 09:01:07.036,Within SLA,2023-03-31 13:22:17.080,1,5.0,Training and Consulting Services,Tier 1,Italy,43.036776,12.678565,0.8709547222222221,16.984176666666666,False,False,False,Within SLA
In progress,1676,Low,Email,Product setup,1st line support,Bernard Beckley,2023-03-25 17:27:15,2023-03-27 17:27:15,2023-03-25 18:27:15,2023-03-25 18:02:38.771,Within SLA,,SLA Violated,,7,,Ready to use Software,Tier 1,Czech Republic,49.8037633,15.4749126,0.5899363888888889,,False,False,True,
Closed,1677,Low,Email,Product setup,1st line support,Bernard Beckley,2023-03-25 02:51:23,2023-03-27 02:51:23,2023-03-25 03:51:23,2023-03-25 03:46:34.035,Within SLA,2023-03-26 21:21:48.706,Within SLA,2023-03-28 00:42:48.713,4,2.0,Ready to use Software,Tier 1,United Kingdom,55.378052,-3.435973,0.9197319444444444,42.50714055555556,False,False,False,Within SLA
Closed,1690,Low,Chat,Bug report,2nd line support,Adolpho Messingham,2023-03-26 13:36:41,2023-03-27 13:36:41,2023-03-26 13:38:41,2023-03-26 13:37:54.787,Within SLA,2023-03-27 03:29:17.527,Within SLA,2023-03-29 19:50:54.196,6,3.0,Custom software development,Tier 2,Italy,43.036776,12.678565,0.02049638888888889,13.876813055555557,False,False,False,Within SLA
Resolved,1691,Low,Phone,Other,1st line support,Connor Danielovitch,2023-03-26 01:47:02,2023-03-28 01:47:02,2023-03-26 01:49:02,2023-03-26 01:48:08.214,Within SLA,2023-03-30 20:51:29.670,SLA Violated,,1,,Ready to use Software,Tier 1,Austria,47.6964719,13.3457347,0.01839277777777778,115.07435277777778,False,False,False,SLA Violated
In progress,1692,Low,Email,Pricing and licensing,1st line support,Nicola Wane,2023-03-27 16:55:41,2023-03-29 16:55:41,2023-03-27 17:55:41,2023-03-27 17:24:29.641,Within SLA,,SLA Violated,,10,,Ready to use Software,Tier 1,Germany,51.165691,10.451526,0.4801780555555556,,False,False,True,
Closed,1693,Medium,Chat,Bug report,1st line support,Bernard Beckley,2023-03-27 09:48:08,2023-03-28 09:48:08,2023-03-27 09:50:08,2023-03-27 09:48:45.443,Within SLA,2023-03-31 12:13:42.218,SLA Violated,2023-04-01 18:55:36.112,7,4.0,Ready to use Software,Tier 1,Bulgaria,42.7249925,25.4833039,0.010400833333333333,98.42617166666666,False,False,False,SLA Violated
In progress,1694,High,Email,Feature request,1st line support,Sheela Cutten,2023-03-27 19:39:56,2023-03-29 19:39:56,2023-03-27 20:39:56,2023-03-27 20:00:33.668,Within SLA,,SLA Violated,,1,,Ready to use Software,Tier 1,United Kingdom,55.378052,-3.435973,0.34379666666666664,,False,False,True,
Resolved,1695,Low,Chat,Product setup,1st line support,Nicola Wane,2023-03-27 08:57:08,2023-03-28 08:57:08,2023-03-27 08:59:08,2023-03-27 08:57:46.476,Within SLA,2023-03-27 10:34:19.012,Within SLA,,4,,Custom software development,Tier 1,Republic of Ireland,53.094024,-8.019675,0.010687777777777777,1.6197255555555554,False,False,False,Within SLA
In progress,1696,Low,Phone,Other,1st line support,Sheela Cutten,2023-03-27 14:12:36,2023-03-29 14:12:36,2023-03-27 14:14:36,2023-03-27 14:12:36.876,Within SLA,,SLA Violated,,4,,Other,Tier 1,Austria,47.6964719,13.3457347,0.00024333333333333333,,False,False,True,
In progress,1697,Low,Phone,Product setup,1st line support,Sheela Cutten,2023-03-28 00:41:10,2023-03-30 00:41:10,2023-03-28 00:43:10,2023-03-28 00:44:02.913,SLA Violated,,SLA Violated,,1,,Other,Tier 1,Poland,52.536273,19.050639,0.048031388888888894,,False,False,True,
Resolved,1698,Low,Chat,Feature request,1st line support,Nicola Wane,2023-03-28 05:44:27,2023-03-29 05:44:27,2023-03-28 05:46:27,2023-03-28 05:44:52.962,Within SLA,2023-03-29 03:29:53.369,Within SLA,,6,,Other,Tier 1,Italy,43.036776,12.678565,0.007211666666666667,21.757324722222222,False,False,False,Within SLA
Closed,1699,Medium,Email,Product setup,1st line support,Connor Danielovitch,2023-03-28 15:16:48,2023-03-30 15:16:48,2023-03-28 16:16:48,2023-03-28 15:40:03.027,Within SLA,2023-03-29 10:34:11.117,Within SLA,2023-04-01 19:47:19.557,2,4.0,Training and Consulting Services,Tier 1,Slovenia,46.1491664,14.9860106,0.3875075,19.28975472222222,False,False,False,Within SLA
Closed,1700,High,Phone,Product setup,1st line support,Sheela Cutten,2023-03-28 16:37:36,2023-03-30 16:37:36,2023-03-28 16:39:36,2023-03-28 16:38:27.452,Within SLA,2023-03-30 03:53:56.532,Within SLA,2023-04-02 23:59:17.013,1,5.0,Ready to use Software,Tier 1,Czech Republic,49.8037633,15.4749126,0.014292222222222222,35.27237,False,False,False,Within SLA
In progress,1701,Low,Chat,Feature request,2nd line support,Adolpho Messingham,2023-03-28 20:46:16,2023-03-29 20:46:16,2023-03-28 20:48:16,2023-03-28 20:48:51.670,SLA Violated,,SLA Violated,,6,,Other,Tier 2,Italy,43.036776,12.678565,0.043241666666666664,,False,False,True,
Resolved,1702,Low,Email,Purchasing and invoicing,1st line support,Nicola Wane,2023-03-28 08:09:43,2023-03-30 08:09:43,2023-03-28 09:09:43,2023-03-28 13:31:54.086,SLA Violated,2023-03-29 03:29:47.484,Within SLA,,6,,Ready to use Software,Tier 1,Greece,39.368279,21.863141,5.369746111111111,19.33457888888889,False,False,False,Within SLA
Closed,1703,High,Phone,Feature request,1st line support,Kristos Westoll,2023-03-29 11:10:19,2023-03-31 11:10:19,2023-03-29 11:12:19,2023-03-29 11:11:45.007,Within SLA,2023-03-30 12:09:58.586,Within SLA,2023-04-01 10:55:43.931,1,4.0,Ready to use Software,Tier 1,Italy,43.036776,12.678565,0.023890833333333333,24.994329444444443,False,False,False,Within SLA
Resolved,1704,Medium,Email,Product setup,2nd line support,Michele Whyatt,2023-03-29 01:29:54,2023-03-31 01:29:54,2023-03-29 02:29:54,2023-03-29 02:07:18.955,Within SLA,2023-03-29 10:30:05.418,Within SLA,,9,,Training and Consulting Services,Tier 2,Poland,52.536273,19.050639,0.6235986111111111,9.003171666666667,False,False,False,Within SLA
Closed,1705,Medium,Email,Pricing and licensing,2nd line support,Heather Urry,2023-03-29 03:32:03,2023-03-31 03:32:03,2023-03-29 04:32:03,2023-03-29 03:49:01.265,Within SLA,2023-03-31 03:02:11.849,Within SLA,2023-04-03 16:48:13.775,1,4.0,Training and Consulting Services,Tier 2,Italy,43.036776,12.678565,0.2828513888888889,47.50245805555555,False,False,False,Within SLA
In progress,1706,Low,Email,Product setup,1st line support,Sheela Cutten,2023-03-29 17:06:26,2023-03-31 17:06:26,2023-03-29 18:06:26,2023-03-29 17:49:23.200,Within SLA,,SLA Violated,,1,,Ready to use Software,Tier 1,Bulgaria,42.7249925,25.4833039,0.7158888888888888,,False,False,True,
Resolved,1707,Medium,Chat,Pricing and licensing,1st line support,Sheela Cutten,2023-03-29 08:39:21,2023-03-30 08:39:21,2023-03-29 08:41:21,2023-03-29 08:40:17.375,Within SLA,2023-03-29 09:17:28.861,Within SLA,,6,,Custom software development,Tier 1,France,48.864716,2.349014,0.01565972222222222,0.6355169444444444,False,False,False,Within SLA
Closed,1708,Low,Chat,Other,1st line support,Bernard Beckley,2023-03-29 04:00:01,2023-03-30 04:00:01,2023-03-29 04:02:01,2023-03-29 04:00:06.247,Within SLA,2023-03-29 23:29:25.719,Within SLA,2023-04-02 10:05:12.467,60,4.0,Custom software development,Tier 1,Czech Republic,49.8037633,15.4749126,0.0014575,19.490199722222222,False,True,False,Within SLA
In progress,1709,Low,Chat,Training request,2nd line support,Michele Whyatt,2023-03-29 20:14:43,2023-03-30 20:14:43,2023-03-29 20:16:43,2023-03-29 20:16:25.212,Within SLA,,SLA Violated,,6,,Training and Consulting Services,Tier 2,United Kingdom,55.378052,-3.435973,0.02839222222222222,,False,False,True,
Closed,1710,Low,Email,Product setup,2nd line support,Heather Urry,2023-03-30 18:00:20,2023-04-01 18:00:20,2023-03-30 19:00:20,2023-03-30 18:01:44.537,Within SLA,2023-03-31 09:04:42.530,Within SLA,2023-04-01 00:57:24.245,1,4.0,Ready to use Software,Tier 2,Poland,52.536273,19.050639,0.023482500000000003,15.072925,False,False,False,Within SLA
Closed,1711,High,Email,Product setup,2nd line support,Adolpho Messingham,2023-03-30 15:51:14,2023-04-01 15:51:14,2023-03-30 16:51:14,2023-03-30 16:42:28.606,Within SLA,2023-04-01 04:03:40.284,Within SLA,2023-04-04 16:33:53.055,1,4.0,Ready to use Software,Tier 2,Spain,39.67337,-4.767726,0.8540572222222222,36.207301111111114,False,False,False,Within SLA
Closed,1712,Low,Email,Feature request,2nd line support,Heather Urry,2023-03-30 13:19:08,2023-04-01 13:19:08,2023-03-30 14:19:08,2023-03-30 14:00:43.200,Within SLA,2023-03-31 19:26:03.501,Within SLA,2023-04-05 13:54:11.236,10,4.0,Ready to use Software,Tier 2,Italy,43.036776,12.678565,0.693111111111111,30.115416944444444,False,False,False,Within SLA
Closed,1713,High,Email,Feature request,2nd line support,Adolpho Messingham,2023-03-30 11:29:45,2023-04-01 11:29:45,2023-03-30 12:29:45,2023-03-30 11:45:25.722,Within SLA,2023-04-01 04:25:10.078,Within SLA,2023-04-01 07:01:00.364,2,4.0,Ready to use Software,Tier 2,Spain,39.67337,-4.767726,0.26131166666666666,40.92363277777778,False,False,False,Within SLA
Closed,1714,High,Email,Bug report,2nd line support,Heather Urry,2023-03-30 17:10:34,2023-04-01 17:10:34,2023-03-30 18:10:34,2023-03-30 17:11:07.810,Within SLA,2023-03-31 22:27:16.581,Within SLA,2023-04-03 02:53:18.201,1,1.0,Ready to use Software,Tier 2,Republic of Ireland,53.094024,-8.019675,0.009391666666666668,29.278494722222224,False,False,False,Within SLA
Closed,1715,Medium,Email,Pricing and licensing,1st line support,Kristos Westoll,2023-03-30 22:34:43,2023-04-01 22:34:43,2023-03-30 23:34:43,2023-03-30 22:58:41.948,Within SLA,2023-04-04 20:01:01.434,SLA Violated,2023-04-05 13:55:35.134,8,3.0,Custom software development,Tier 1,Germany,51.165691,10.451526,0.39970777777777783,117.43845388888889,False,False,False,SLA Violated
Closed,1717,Medium,Chat,Other,1st line support,Bernard Beckley,2023-03-30 04:23:37,2023-03-31 04:23:37,2023-03-30 04:25:37,2023-03-30 04:27:13.688,SLA Violated,2023-03-31 03:13:03.357,Within SLA,2023-04-01 22:37:48.569,4,3.0,Custom software development,Tier 1,Greece,39.368279,21.863141,0.060191111111111105,22.823988055555557,False,False,False,Within SLA
Resolved,1718,Low,Chat,Pricing and licensing,1st line support,Bernard Beckley,2023-03-30 22:31:49,2023-03-31 22:31:49,2023-03-30 22:33:49,2023-03-30 22:32:50.454,Within SLA,2023-03-31 13:51:54.477,Within SLA,,4,,Ready to use Software,Tier 1,Slovenia,46.1491664,14.9860106,0.017070555555555554,15.334854722222222,False,False,False,Within SLA
In progress,1719,Low,Chat,Product setup,1st line support,Nicola Wane,2023-03-30 07:13:06,2023-03-31 07:13:06,2023-03-30 07:15:06,2023-03-30 07:13:38.154,Within SLA,,SLA Violated,,7,,Ready to use Software,Tier 1,Slovenia,46.1491664,14.9860106,0.008931666666666668,,False,False,True,
Resolved,1720,Low,Email,Bug report,1st line support,Nicola Wane,2023-03-30 12:29:28,2023-04-01 12:29:28,2023-03-30 13:29:28,2023-03-30 13:15:57.877,Within SLA,2023-03-31 21:35:36.487,Within SLA,,8,,Ready to use Software,Tier 1,Italy,43.036776,12.678565,0.7749658333333334,33.1023575,False,False,False,Within SLA
Closed,1721,Low,Email,Product setup,1st line support,Sheela Cutten,2023-03-30 15:37:40,2023-04-01 15:37:40,2023-03-30 16:37:40,2023-03-30 15:38:53.630,Within SLA,2023-04-01 00:45:41.094,Within SLA,2023-04-05 16:32:25.225,2,3.0,Ready to use Software,Tier 1,Slovenia,46.1491664,14.9860106,0.020452777777777778,33.13363722222222,False,False,False,Within SLA
Resolved,1722,Low,Chat,Feature request,1st line support,Connor Danielovitch,2023-03-30 20:59:16,2023-03-31 20:59:16,2023-03-30 21:01:16,2023-03-30 20:59:37.687,Within SLA,2023-03-31 19:19:55.227,Within SLA,,60,,Custom software development,Tier 1,France,48.864716,2.349014,0.006024166666666667,22.344229722222224,False,True,False,Within SLA
Closed,1723,Low,Email,Bug report,1st line support,Connor Danielovitch,2023-03-31 04:57:23,2023-04-02 04:57:23,2023-03-31 05:57:23,2023-03-31 04:58:36.590,Within SLA,2023-03-31 20:37:55.303,Within SLA,2023-04-04 14:58:40.304,7,5.0,Ready to use Software,Tier 1,Germany,51.165691,10.451526,0.020441666666666667,15.675639722222222,False,False,False,Within SLA
Closed,1725,Low,Email,Purchasing and invoicing,1st line support,Bernard Beckley,2023-03-31 03:10:35,2023-04-02 03:10:35,2023-03-31 04:10:35,2023-03-31 03:53:24.563,Within SLA,2023-04-03 18:45:08.652,SLA Violated,2023-04-05 14:21:19.117,1,4.0,Custom software development,Tier 1,Greece,39.368279,21.863141,0.7137675,87.57601444444444,False,False,False,SLA Violated
Closed,1726,High,Chat,Feature request,1st line support,Kristos Westoll,2023-03-31 11:40:29,2023-04-01 11:40:29,2023-03-31 11:42:29,2023-03-31 11:41:31.476,Within SLA,2023-03-31 15:33:54.477,Within SLA,2023-04-05 13:53:32.106,8,4.0,Ready to use Software,Tier 1,Italy,43.036776,12.678565,0.017354444444444443,3.890410277777778,False,False,False,Within SLA
Resolved,1727,Low,Chat,Feature request,1st line support,Connor Danielovitch,2023-03-31 08:54:42,2023-04-01 08:54:42,2023-03-31 08:56:42,2023-03-31 08:56:24.236,Within SLA,2023-04-01 04:59:42.793,Within SLA,,6,,Ready to use Software,Tier 1,Greece,39.368279,21.863141,0.02839888888888889,20.083553611111114,False,False,False,Within SLA
Resolved,1728,High,Email,Feature request,2nd line support,Adolpho Messingham,2023-03-31 17:02:56,2023-04-02 17:02:56,2023-03-31 18:02:56,2023-03-31 17:30:19.485,Within SLA,2023-04-02 14:44:39.260,Within SLA,,10,,Ready to use Software,Tier 2,Poland,52.536273,19.050639,0.45652361111111106,45.695350000000005,False,False,False,Within SLA
In progress,1729,High,Email,Product setup,1st line support,Nicola Wane,2023-03-31 22:38:17,2023-04-02 22:38:17,2023-03-31 23:38:17,2023-03-31 22:59:12.068,Within SLA,,SLA Violated,,1,,Ready to use Software,Tier 1,Bulgaria,42.7249925,25.4833039,0.34863,,False,False,True,
In progress,1730,Medium,Chat,Product setup,2nd line support,Adolpho Messingham,2023-04-01 04:42:45,2023-04-02 04:42:45,2023-04-01 04:44:45,2023-04-01 04:44:37.582,Within SLA,,SLA Violated,,7,,Custom software development,Tier 2,Poland,52.536273,19.050639,0.031272777777777774,,False,False,True,
Resolved,1731,Low,Email,Feature request,1st line support,Sheela Cutten,2023-04-01 19:34:47,2023-04-03 19:34:47,2023-04-01 20:34:47,2023-04-01 20:12:35.353,Within SLA,2023-04-03 01:12:34.416,Within SLA,,2,,Other,Tier 1,Germany,51.165691,10.451526,0.6300980555555555,29.629837777777777,False,False,False,Within SLA
In progress,1732,Low,Email,Training request,1st line support,Nicola Wane,2023-04-01 19:44:41,2023-04-03 19:44:41,2023-04-01 20:44:41,2023-04-02 00:46:44.186,SLA Violated,,SLA Violated,,6,,Training and Consulting Services,Tier 1,Greece,39.368279,21.863141,5.0342183333333335,,False,False,True,
Closed,1733,Medium,Email,Pricing and licensing,1st line support,Sheela Cutten,2023-04-01 19:19:16,2023-04-03 19:19:16,2023-04-01 20:19:16,2023-04-01 20:07:01.262,Within SLA,2023-04-02 13:38:27.908,Within SLA,2023-04-05 08:00:48.234,4,2.0,Other,Tier 1,Slovenia,46.1491664,14.9860106,0.7959061111111112,18.319974444444444,False,False,False,Within SLA
Closed,1748,Low,Chat,Feature request,2nd line support,Adolpho Messingham,2023-04-02 15:10:55,2023-04-03 15:10:55,2023-04-02 15:12:55,2023-04-02 15:15:53.620,SLA Violated,2023-04-05 16:34:21.780,SLA Violated,2023-04-07 14:40:32.430,6,3.0,Custom software development,Tier 2,Czech Republic,49.8037633,15.4749126,0.08295,73.39077222222222,False,False,False,SLA Violated
In progress,1749,Medium,Phone,Purchasing and invoicing,1st line support,Kristos Westoll,2023-04-02 04:44:24,2023-04-04 04:44:24,2023-04-02 04:46:24,2023-04-02 04:45:00.222,Within SLA,,SLA Violated,,1,,Other,Tier 1,Germany,51.165691,10.451526,0.010061666666666667,,False,False,True,
Resolved,1750,Low,Phone,Pricing and licensing,1st line support,Sheela Cutten,2023-04-02 16:03:14,2023-04-04 16:03:14,2023-04-02 16:05:14,2023-04-02 16:03:59.045,Within SLA,2023-04-06 10:28:20.097,SLA Violated,,4,,Custom software development,Tier 1,Italy,43.036776,12.678565,0.012512500000000001,90.41836027777778,False,False,False,SLA Violated
Resolved,1751,High,Email,Product setup,2nd line support,Adolpho Messingham,2023-04-02 15:53:36,2023-04-04 15:53:36,2023-04-02 16:53:36,2023-04-02 16:17:30.401,Within SLA,2023-04-03 18:13:23.994,Within SLA,,2,,Other,Tier 2,Poland,52.536273,19.050639,0.3984447222222222,26.329998333333336,False,False,False,Within SLA
Closed,1752,Low,Chat,Pricing and licensing,1st line support,Sheela Cutten,2023-04-02 23:30:34,2023-04-03 23:30:34,2023-04-02 23:32:34,2023-04-02 23:35:25.271,SLA Violated,2023-04-03 20:34:51.272,Within SLA,2023-04-04 15:18:58.166,6,4.0,Custom software development,Tier 1,Germany,51.165691,10.451526,0.08090861111111111,21.071464444444445,False,False,False,Within SLA
Closed,1753,Low,Email,Pricing and licensing,2nd line support,Heather Urry,2023-04-03 05:55:15,2023-04-05 05:55:15,2023-04-03 06:55:15,2023-04-03 06:06:33.922,Within SLA,2023-04-04 16:03:04.929,Within SLA,2023-04-09 19:16:42.492,5,4.0,Ready to use Software,Tier 2,Austria,47.6964719,13.3457347,0.18858944444444445,34.13053583333333,False,False,False,Within SLA
Closed,1754,Medium,Chat,Bug report,1st line support,Connor Danielovitch,2023-04-03 00:18:01,2023-04-04 00:18:01,2023-04-03 00:20:01,2023-04-03 00:19:47.847,Within SLA,2023-04-03 09:32:50.386,Within SLA,2023-04-05 01:39:23.773,3,5.0,Ready to use Software,Tier 1,Spain,39.67337,-4.767726,0.029679722222222222,9.247051666666666,False,False,False,Within SLA
Closed,1755,High,Email,Product setup,1st line support,Sheela Cutten,2023-04-03 04:51:54,2023-04-05 04:51:54,2023-04-03 05:51:54,2023-04-03 05:44:07.647,Within SLA,2023-04-04 18:05:12.020,Within SLA,2023-04-07 10:02:06.721,8,5.0,Ready to use Software,Tier 1,Poland,52.536273,19.050639,0.8704575,37.22167222222222,False,False,False,Within SLA
Resolved,1756,Low,Email,Product setup,1st line support,Bernard Beckley,2023-04-03 05:19:08,2023-04-05 05:19:08,2023-04-03 06:19:08,2023-04-03 05:47:52.792,Within SLA,2023-04-04 09:47:28.263,Within SLA,,2,,Other,Tier 1,Germany,51.165691,10.451526,0.47910888888888886,28.47229527777778,False,False,False,Within SLA
In progress,1757,High,Chat,Product setup,1st line support,Kristos Westoll,2023-04-03 07:05:23,2023-04-04 07:05:23,2023-04-03 07:07:23,2023-04-03 07:05:26.004,Within SLA,,SLA Violated,,7,,Ready to use Software,Tier 1,Austria,47.6964719,13.3457347,0.0008344444444444444,,False,False,True,
Closed,1759,Low,Chat,Feature request,1st line support,Bernard Beckley,2023-04-03 17:17:33,2023-04-04 17:17:33,2023-04-03 17:19:33,2023-04-03 17:18:17.892,Within SLA,2023-04-04 14:06:49.476,Within SLA,2023-04-06 04:50:03.120,6,3.0,Custom software development,Tier 1,Austria,47.6964719,13.3457347,0.01247,20.82124333333333,False,False,False,Within SLA
Closed,1761,Low,Email,Other,1st line support,Sheela Cutten,2023-04-04 13:34:57,2023-04-06 13:34:57,2023-04-04 14:34:57,2023-04-04 20:15:59.898,SLA Violated,2023-04-05 02:47:10.683,Within SLA,2023-04-06 09:45:39.852,2,4.0,Custom software development,Tier 1,Austria,47.6964719,13.3457347,6.684138333333333,13.203800833333332,False,False,False,Within SLA
Closed,1762,Low,Chat,Product setup,1st line support,Kristos Westoll,2023-04-04 22:42:38,2023-04-05 22:42:38,2023-04-04 22:44:38,2023-04-04 22:44:33.326,Within SLA,2023-04-06 16:31:45.536,SLA Violated,2023-04-06 18:42:09.362,6,3.0,Ready to use Software,Tier 1,France,48.864716,2.349014,0.032035,41.81876,False,False,False,SLA Violated
Resolved,1763,Low,Chat,Bug report,1st line support,Kristos Westoll,2023-04-04 12:31:49,2023-04-05 12:31:49,2023-04-04 12:33:49,2023-04-04 12:36:46.201,SLA Violated,2023-04-05 02:55:34.212,Within SLA,,6,,Ready to use Software,Tier 1,Poland,52.536273,19.050639,0.08255583333333334,14.395892222222223,False,False,False,Within SLA
Closed,1764,Low,Chat,Bug report,1st line support,Bernard Beckley,2023-04-04 08:56:01,2023-04-05 08:56:01,2023-04-04 08:58:01,2023-04-04 08:57:43.259,Within SLA,2023-04-04 18:34:43.842,Within SLA,2023-04-11 13:23:00.322,5,4.0,Training and Consulting Services,Tier 1,Austria,47.6964719,13.3457347,0.02840527777777778,9.645233888888889,False,False,False,Within SLA
Resolved,1765,Low,Chat,Pricing and licensing,2nd line support,Heather Urry,2023-04-04 11:05:30,2023-04-05 11:05:30,2023-04-04 11:07:30,2023-04-04 11:05:38.316,Within SLA,2023-04-05 01:55:44.008,Within SLA,,6,,Ready to use Software,Tier 2,United Kingdom,55.378052,-3.435973,0.00231,14.837224444444445,False,False,False,Within SLA
Closed,1766,Low,Email,Other,2nd line support,Michele Whyatt,2023-04-05 02:02:11,2023-04-07 02:02:11,2023-04-05 03:02:11,2023-04-05 02:51:18.094,Within SLA,2023-04-05 08:47:58.502,Within SLA,2023-04-10 05:37:15.775,1,4.0,Other,Tier 2,United Kingdom,55.378052,-3.435973,0.8186372222222222,6.7631950000000005,False,False,False,Within SLA
Closed,1767,High,Chat,Product setup,1st line support,Connor Danielovitch,2023-04-05 10:03:11,2023-04-06 10:03:11,2023-04-05 10:05:11,2023-04-05 10:04:28.180,Within SLA,2023-04-07 11:19:05.354,SLA Violated,2023-04-07 19:31:44.116,5,3.0,Ready to use Software,Tier 1,Poland,52.536273,19.050639,0.02143888888888889,49.265098333333334,False,False,False,SLA Violated
In progress,1768,Low,Chat,Product setup,1st line support,Nicola Wane,2023-04-05 21:15:23,2023-04-06 21:15:23,2023-04-05 21:17:23,2023-04-05 21:16:40.783,Within SLA,,SLA Violated,,8,,Training and Consulting Services,Tier 1,Bulgaria,42.7249925,25.4833039,0.02160638888888889,,False,False,True,
In progress,1769,Low,Email,Feature request,2nd line support,Heather Urry,2023-04-05 11:07:48,2023-04-07 11:07:48,2023-04-05 12:07:48,2023-04-05 11:37:02.660,Within SLA,,SLA Violated,,3,,Custom software development,Tier 2,Germany,51.165691,10.451526,0.4874055555555556,,False,False,True,
Closed,1771,High,Chat,Product setup,1st line support,Connor Danielovitch,2023-04-05 07:14:31,2023-04-06 07:14:31,2023-04-05 07:16:31,2023-04-05 07:15:05.002,Within SLA,2023-04-06 02:39:11.419,Within SLA,2023-04-10 11:50:46.185,4,4.0,Ready to use Software,Tier 1,Poland,52.536273,19.050639,0.009445,19.4112275,False,False,False,Within SLA
Closed,1772,Medium,Chat,Feature request,1st line support,Nicola Wane,2023-04-06 03:30:54,2023-04-07 03:30:54,2023-04-06 03:32:54,2023-04-06 03:32:38.347,Within SLA,2023-04-06 04:31:02.587,Within SLA,2023-04-10 06:27:41.963,4,5.0,Ready to use Software,Tier 1,Germany,51.165691,10.451526,0.028985277777777776,1.0023852777777778,False,False,False,Within SLA
Resolved,1773,High,Email,Pricing and licensing,1st line support,Sheela Cutten,2023-04-06 17:18:15,2023-04-08 17:18:15,2023-04-06 18:18:15,2023-04-06 17:45:14.492,Within SLA,2023-04-07 07:13:28.117,Within SLA,,8,,Custom software development,Tier 1,Italy,43.036776,12.678565,0.44985888888888886,13.920310277777777,False,False,False,Within SLA
Closed,1774,Medium,Email,Bug report,2nd line support,Heather Urry,2023-04-06 02:59:03,2023-04-08 02:59:03,2023-04-06 03:59:03,2023-04-06 03:39:49.376,Within SLA,2023-04-07 02:15:49.015,Within SLA,2023-04-10 20:43:22.970,5,4.0,Custom software development,Tier 2,Slovenia,46.1491664,14.9860106,0.679548888888889,23.27944861111111,False,False,False,Within SLA
Closed,1775,Medium,Email,Product setup,1st line support,Connor Danielovitch,2023-04-06 18:15:46,2023-04-08 18:15:46,2023-04-06 19:15:46,2023-04-06 19:00:39.845,Within SLA,2023-04-08 07:58:44.577,Within SLA,2023-04-11 18:33:56.302,2,4.0,Ready to use Software,Tier 1,Republic of Ireland,53.094024,-8.019675,0.7482902777777777,37.716271388888885,False,False,False,Within SLA
Closed,1777,Medium,Email,Product setup,1st line support,Sheela Cutten,2023-04-06 04:54:37,2023-04-08 04:54:37,2023-04-06 05:54:37,2023-04-06 05:44:36.797,Within SLA,2023-04-06 14:47:23.162,Within SLA,2023-04-13 05:41:34.713,2,4.0,Other,Tier 1,Italy,43.036776,12.678565,0.8332769444444444,9.879489444444443,False,False,False,Within SLA
In progress,1778,Medium,Email,Training request,2nd line support,Heather Urry,2023-04-06 18:43:11,2023-04-08 18:43:11,2023-04-06 19:43:11,2023-04-06 19:34:18.735,Within SLA,,SLA Violated,,4,,Training and Consulting Services,Tier 2,France,48.864716,2.349014,0.8521486111111112,,False,False,True,
Closed,1779,Medium,Email,Product setup,1st line support,Connor Danielovitch,2023-04-07 02:13:34,2023-04-09 02:13:34,2023-04-07 03:13:34,2023-04-07 03:01:51.838,Within SLA,2023-04-08 13:42:13.194,Within SLA,2023-04-08 22:53:40.684,3,3.0,Ready to use Software,Tier 1,Bulgaria,42.7249925,25.4833039,0.8049550000000001,35.47755388888889,False,False,False,Within SLA
Resolved,1780,Low,Chat,Product setup,2nd line support,Adolpho Messingham,2023-04-07 22:19:14,2023-04-08 22:19:14,2023-04-07 22:21:14,2023-04-07 22:24:33.772,SLA Violated,2023-04-09 11:25:33.590,SLA Violated,,4,,Ready to use Software,Tier 2,Germany,51.165691,10.451526,0.08882555555555555,37.105441666666664,False,False,False,SLA Violated
In progress,1782,Low,Email,Pricing and licensing,1st line support,Nicola Wane,2023-04-07 18:21:00,2023-04-09 18:21:00,2023-04-07 19:21:00,2023-04-07 18:39:32.472,Within SLA,,SLA Violated,,1,,Ready to use Software,Tier 1,Germany,51.165691,10.451526,0.30902,,False,False,True,
Closed,1783,Medium,Email,Feature request,2nd line support,Heather Urry,2023-04-07 05:02:22,2023-04-09 05:02:22,2023-04-07 06:02:22,2023-04-07 05:18:28.230,Within SLA,2023-04-07 21:08:59.618,Within SLA,2023-04-13 14:00:07.175,1,1.0,Ready to use Software,Tier 2,Slovenia,46.1491664,14.9860106,0.26839722222222223,16.110449444444445,False,False,False,Within SLA
Closed,1784,Medium,Email,Product setup,1st line support,Kristos Westoll,2023-04-07 07:46:50,2023-04-09 07:46:50,2023-04-07 08:46:50,2023-04-07 08:03:59.019,Within SLA,2023-04-08 18:08:43.269,Within SLA,2023-04-08 18:41:52.978,2,4.0,Ready to use Software,Tier 1,Italy,43.036776,12.678565,0.2858386111111111,34.36479694444444,False,False,False,Within SLA
In progress,1801,High,Phone,Feature request,1st line support,Connor Danielovitch,2023-04-09 11:16:06,2023-04-11 11:16:06,2023-04-09 11:18:06,2023-04-09 11:17:29.546,Within SLA,,SLA Violated,,2,,Custom software development,Tier 1,Poland,52.536273,19.050639,0.023207222222222223,,False,False,True,
In progress,1802,Low,Chat,Pricing and licensing,1st line support,Nicola Wane,2023-04-09 18:24:07,2023-04-10 18:24:07,2023-04-09 18:26:07,2023-04-09 18:24:07.401,Within SLA,,SLA Violated,,7,,Custom software development,Tier 1,Greece,39.368279,21.863141,0.0001113888888888889,,False,False,True,
Closed,1803,Low,Email,Other,1st line support,Connor Danielovitch,2023-04-09 01:54:49,2023-04-11 01:54:49,2023-04-09 02:54:49,2023-04-09 02:31:16.053,Within SLA,2023-04-10 22:57:35.709,Within SLA,2023-04-16 04:28:36.335,1,4.0,Custom software development,Tier 1,Spain,39.67337,-4.767726,0.6075147222222221,45.046308055555556,False,False,False,Within SLA
In progress,1804,Medium,Chat,Product setup,2nd line support,Michele Whyatt,2023-04-09 17:35:53,2023-04-10 17:35:53,2023-04-09 17:37:53,2023-04-09 17:36:50.882,Within SLA,,SLA Violated,,6,,Ready to use Software,Tier 2,Bulgaria,42.7249925,25.4833039,0.016078333333333333,,False,False,True,
Resolved,1805,Low,Email,Pricing and licensing,1st line support,Connor Danielovitch,2023-04-09 16:50:10,2023-04-11 16:50:10,2023-04-09 17:50:10,2023-04-09 17:34:55.558,Within SLA,2023-04-10 08:09:14.993,Within SLA,,1,,Ready to use Software,Tier 1,Austria,47.6964719,13.3457347,0.7459883333333334,15.318053611111111,False,False,False,Within SLA
Closed,1806,Low,Email,Pricing and licensing,1st line support,Kristos Westoll,2023-04-09 01:08:39,2023-04-11 01:08:39,2023-04-09 02:08:39,2023-04-09 03:45:29.349,SLA Violated,2023-04-10 08:28:57.837,Within SLA,2023-04-13 05:14:08.222,4,1.0,Custom software development,Tier 1,France,48.864716,2.349014,2.6139858333333335,31.338565833333334,False,False,False,Within SLA
In progress,1807,Medium,Email,Product setup,1st line support,Nicola Wane,2023-04-10 16:07:38,2023-04-12 16:07:38,2023-04-10 17:07:38,2023-04-10 16:39:13.721,Within SLA,,SLA Violated,,10,,Other,Tier 1,France,48.864716,2.349014,0.5265891666666667,,False,False,True,
Resolved,1808,Low,Chat,Feature request,1st line support,Kristos Westoll,2023-04-10 22:37:41,2023-04-11 22:37:41,2023-04-10 22:39:41,2023-04-10 22:37:48.134,Within SLA,2023-04-11 11:57:15.881,Within SLA,,60,,Ready to use Software,Tier 1,Italy,43.036776,12.678565,0.0019816666666666667,13.326355833333334,False,True,False,Within SLA
Closed,1809,High,Chat,Feature request,1st line support,Nicola Wane,2023-04-10 12:36:32,2023-04-11 12:36:32,2023-04-10 12:38:32,2023-04-10 12:38:22.629,Within SLA,2023-04-10 12:50:51.911,Within SLA,2023-04-12 22:16:29.206,3,4.0,Ready to use Software,Tier 1,United Kingdom,55.378052,-3.435973,0.03073027777777778,0.23886416666666666,False,False,False,Within SLA
Closed,1810,Medium,Chat,Product setup,1st line support,Sheela Cutten,2023-04-10 12:46:24,2023-04-11 12:46:24,2023-04-10 12:48:24,2023-04-10 12:50:10.895,SLA Violated,2023-04-11 00:11:43.652,Within SLA,2023-04-14 15:06:51.153,3,2.0,Training and Consulting Services,Tier 1,Bulgaria,42.7249925,25.4833039,0.0630263888888889,11.422125555555557,False,False,False,Within SLA
Closed,1811,Medium,Email,Pricing and licensing,1st line support,Kristos Westoll,2023-04-10 16:21:25,2023-04-12 16:21:25,2023-04-10 17:21:25,2023-04-10 16:40:07.242,Within SLA,2023-04-12 07:12:02.988,Within SLA,2023-04-17 09:26:21.572,1,4.0,Custom software development,Tier 1,Italy,43.036776,12.678565,0.31173388888888887,38.84388555555556,False,False,False,Within SLA
In progress,1812,High,Phone,Product setup,1st line support,Kristos Westoll,2023-04-10 19:44:07,2023-04-12 19:44:07,2023-04-10 19:46:07,2023-04-10 19:44:18.651,Within SLA,,SLA Violated,,1,,Ready to use Software,Tier 1,United Kingdom,55.378052,-3.435973,0.003236388888888889,,False,False,True,
In progress,1813,High,Chat,Purchasing and invoicing,2nd line support,Heather Urry,2023-04-10 22:39:59,2023-04-11 22:39:59,2023-04-10 22:41:59,2023-04-10 22:41:25.915,Within SLA,,SLA Violated,,60,,Ready to use Software,Tier 2,Greece,39.368279,21.863141,0.024143055555555556,,False,True,True,
Closed,1814,Medium,Email,Pricing and licensing,1st line support,Connor Danielovitch,2023-04-11 08:22:38,2023-04-13 08:22:38,2023-04-11 09:22:38,2023-04-11 09:17:03.241,Within SLA,2023-04-13 10:31:22.837,SLA Violated,2023-04-14 13:24:10.560,1,4.0,Other,Tier 1,Greece,39.368279,21.863141,0.9070113888888889,50.145788055555556,False,False,False,SLA Violated
Closed,1815,Low,Chat,Training request,1st line support,Sheela Cutten,2023-04-11 17:54:18,2023-04-12 17:54:18,2023-04-11 17:56:18,2023-04-11 17:54:44.069,Within SLA,2023-04-11 19:39:36.310,Within SLA,2023-04-17 12:34:42.697,4,5.0,Training and Consulting Services,Tier 1,Italy,43.036776,12.678565,0.007241388888888888,1.7550861111111111,False,False,False,Within SLA
Closed,1816,Low,Phone,Feature request,1st line support,Bernard Beckley,2023-04-11 01:46:54,2023-04-13 01:46:54,2023-04-11 01:48:54,2023-04-11 01:50:42.780,SLA Violated,2023-04-11 05:46:09.190,Within SLA,2023-04-13 14:50:31.114,5,1.0,Ready to use Software,Tier 1,Austria,47.6964719,13.3457347,0.06355,3.9875527777777777,False,False,False,Within SLA
Resolved,1817,Low,Email,Purchasing and invoicing,1st line support,Bernard Beckley,2023-04-11 01:35:11,2023-04-13 01:35:11,2023-04-11 02:35:11,2023-04-11 01:46:52.065,Within SLA,2023-04-11 22:55:17.358,Within SLA,,2,,Ready to use Software,Tier 1,Germany,51.165691,10.451526,0.1947402777777778,21.33509944444444,False,False,False,Within SLA
Resolved,1818,Low,Chat,Pricing and licensing,1st line support,Sheela Cutten,2023-04-11 09:01:04,2023-04-12 09:01:04,2023-04-11 09:03:04,2023-04-11 09:01:56.891,Within SLA,2023-04-11 11:41:50.880,Within SLA,,4,,Custom software development,Tier 1,United Kingdom,55.378052,-3.435973,0.014691944444444443,2.679688888888889,False,False,False,Within SLA
Resolved,1819,Low,Email,Product setup,2nd line support,Heather Urry,2023-04-11 11:17:59,2023-04-13 11:17:59,2023-04-11 12:17:59,2023-04-11 11:43:48.712,Within SLA,2023-04-12 05:01:52.062,Within SLA,,3,,Other,Tier 2,Republic of Ireland,53.094024,-8.019675,0.43047555555555556,17.73140611111111,False,False,False,Within SLA
Resolved,1820,Low,Email,Other,1st line support,Bernard Beckley,2023-04-11 17:12:33,2023-04-13 17:12:33,2023-04-11 18:12:33,2023-04-11 17:38:03.466,Within SLA,2023-04-13 04:22:46.522,Within SLA,,5,,Ready to use Software,Tier 1,Slovenia,46.1491664,14.9860106,0.4251294444444444,35.17042277777778,False,False,False,Within SLA
In progress,1821,Low,Email,Feature request,2nd line support,Heather Urry,2023-04-11 17:28:21,2023-04-13 17:28:21,2023-04-11 18:28:21,2023-04-11 17:57:04.242,Within SLA,,SLA Violated,,9,,Custom software development,Tier 2,United Kingdom,55.378052,-3.435973,0.4786783333333333,,False,False,True,
Closed,1822,Low,Phone,Pricing and licensing,1st line support,Nicola Wane,2023-04-11 17:15:06,2023-04-13 17:15:06,2023-04-11 17:17:06,2023-04-11 17:16:14.068,Within SLA,2023-04-13 14:36:20.240,Within SLA,2023-04-16 23:25:21.555,1,3.0,Ready to use Software,Tier 1,Italy,43.036776,12.678565,0.018907777777777777,45.35395555555555,False,False,False,Within SLA
In progress,1823,Medium,Chat,Product setup,1st line support,Bernard Beckley,2023-04-11 07:16:39,2023-04-12 07:16:39,2023-04-11 07:18:39,2023-04-11 07:18:12.058,Within SLA,,SLA Violated,,7,,Other,Tier 1,Italy,43.036776,12.678565,0.025849444444444446,,False,False,True,
Resolved,1824,Low,Chat,Purchasing and invoicing,1st line support,Kristos Westoll,2023-04-11 00:07:48,2023-04-12 00:07:48,2023-04-11 00:09:48,2023-04-11 00:08:37.165,Within SLA,2023-04-11 11:06:40.521,Within SLA,,4,,Ready to use Software,Tier 1,France,48.864716,2.349014,0.013656944444444444,10.981255833333334,False,False,False,Within SLA
Closed,1825,Low,Email,Feature request,1st line support,Sheela Cutten,2023-04-11 13:44:37,2023-04-13 13:44:37,2023-04-11 14:44:37,2023-04-11 13:49:27.132,Within SLA,2023-04-12 15:40:00.658,Within SLA,2023-04-18 01:29:04.747,2,4.0,Ready to use Software,Tier 1,Poland,52.536273,19.050639,0.08059222222222222,25.923238333333334,False,False,False,Within SLA
Resolved,1826,Low,Chat,Pricing and licensing,2nd line support,Michele Whyatt,2023-04-12 05:24:50,2023-04-13 05:24:50,2023-04-12 05:26:50,2023-04-12 05:24:52.171,Within SLA,2023-04-12 06:26:02.502,Within SLA,,4,,Ready to use Software,Tier 2,Germany,51.165691,10.451526,0.0006030555555555555,1.0201394444444445,False,False,False,Within SLA
Resolved,1827,Medium,Email,Pricing and licensing,1st line support,Connor Danielovitch,2023-04-12 02:54:55,2023-04-14 02:54:55,2023-04-12 03:54:55,2023-04-12 09:25:30.528,SLA Violated,2023-04-14 02:45:59.718,Within SLA,,2,,Custom software development,Tier 1,Italy,43.036776,12.678565,6.509868888888889,47.85131055555556,False,False,False,Within SLA
Closed,1828,Low,Phone,Pricing and licensing,1st line support,Kristos Westoll,2023-04-12 15:36:14,2023-04-14 15:36:14,2023-04-12 15:38:14,2023-04-12 15:36:18.309,Within SLA,2023-04-15 13:19:55.038,SLA Violated,2023-04-17 09:41:54.173,7,4.0,Custom software development,Tier 1,United Kingdom,55.378052,-3.435973,0.0011969444444444445,69.7280661111111,False,False,False,SLA Violated
Resolved,1829,Low,Chat,Feature request,2nd line support,Adolpho Messingham,2023-04-12 23:18:18,2023-04-13 23:18:18,2023-04-12 23:20:18,2023-04-12 23:22:07.115,SLA Violated,2023-04-15 21:38:33.388,SLA Violated,,6,,Ready to use Software,Tier 2,Poland,52.536273,19.050639,0.06364305555555556,70.33760777777778,False,False,False,SLA Violated
Closed,1830,High,Chat,Pricing and licensing,1st line support,Bernard Beckley,2023-04-12 23:28:44,2023-04-13 23:28:44,2023-04-12 23:30:44,2023-04-12 23:29:29.286,Within SLA,2023-04-16 14:22:47.527,SLA Violated,2023-04-17 08:07:14.575,60,5.0,Ready to use Software,Tier 1,Bulgaria,42.7249925,25.4833039,0.012579444444444445,86.90097972222222,False,True,False,SLA Violated
In progress,1831,Medium,Email,Feature request,1st line support,Nicola Wane,2023-04-12 08:21:31,2023-04-14 08:21:31,2023-04-12 09:21:31,2023-04-12 08:59:02.751,Within SLA,,SLA Violated,,7,,Custom software development,Tier 1,United Kingdom,55.378052,-3.435973,0.625486388888889,,False,False,True,
In progress,1832,Medium,Email,Feature request,1st line support,Connor Danielovitch,2023-04-12 08:29:48,2023-04-14 08:29:48,2023-04-12 09:29:48,2023-04-12 09:00:22.868,Within SLA,,SLA Violated,,1,,Custom software development,Tier 1,Italy,43.036776,12.678565,0.5096855555555555,,False,False,True,
Resolved,1833,High,Email,Product setup,1st line support,Nicola Wane,2023-04-12 14:38:23,2023-04-14 14:38:23,2023-04-12 15:38:23,2023-04-12 15:07:18.399,Within SLA,2023-04-14 04:45:43.148,Within SLA,,1,,Other,Tier 1,Republic of Ireland,53.094024,-8.019675,0.48205527777777774,38.12226333333333,False,False,False,Within SLA
Resolved,1834,Medium,Email,Purchasing and invoicing,1st line support,Nicola Wane,2023-04-13 18:53:11,2023-04-15 18:53:11,2023-04-13 19:53:11,2023-04-13 19:51:19.635,Within SLA,2023-04-14 03:27:43.216,Within SLA,,1,,Ready to use Software,Tier 1,United Kingdom,55.378052,-3.435973,0.9690652777777778,8.575615555555556,False,False,False,Within SLA
Closed,1835,Low,Phone,Pricing and licensing,1st line support,Connor Danielovitch,2023-04-13 19:59:15,2023-04-15 19:59:15,2023-04-13 20:01:15,2023-04-13 20:01:13.321,Within SLA,2023-04-15 15:27:18.168,Within SLA,2023-04-19 10:09:15.945,2,5.0,Training and Consulting Services,Tier 1,United Kingdom,55.378052,-3.435973,0.03286694444444444,43.46754666666667,False,False,False,Within SLA
Closed,1836,Low,Chat,Product setup,2nd line support,Heather Urry,2023-04-13 22:21:58,2023-04-14 22:21:58,2023-04-13 22:23:58,2023-04-13 22:23:11.243,Within SLA,2023-04-14 10:07:33.970,Within SLA,2023-04-20 04:09:59.004,5,3.0,Ready to use Software,Tier 2,Czech Republic,49.8037633,15.4749126,0.020345277777777778,11.759991666666666,False,False,False,Within SLA
Resolved,1838,Low,Chat,Bug report,1st line support,Bernard Beckley,2023-04-13 01:38:11,2023-04-14 01:38:11,2023-04-13 01:40:11,2023-04-13 01:39:04.045,Within SLA,2023-04-13 15:40:36.604,Within SLA,,6,,Custom software development,Tier 1,Poland,52.536273,19.050639,0.014734722222222222,14.040445555555555,False,False,False,Within SLA
Closed,1839,Low,Email,Training request,1st line support,Nicola Wane,2023-04-13 21:53:53,2023-04-15 21:53:53,2023-04-13 22:53:53,2023-04-13 22:01:38.380,Within SLA,2023-04-14 11:07:40.907,Within SLA,2023-04-19 17:15:10.178,10,5.0,Training and Consulting Services,Tier 1,Poland,52.536273,19.050639,0.12927222222222223,13.229974166666667,False,False,False,Within SLA
In progress,1840,Low,Chat,Bug report,1st line support,Sheela Cutten,2023-04-13 00:46:33,2023-04-14 00:46:33,2023-04-13 00:48:33,2023-04-13 00:47:29.777,Within SLA,,SLA Violated,,6,,Custom software development,Tier 1,United Kingdom,55.378052,-3.435973,0.01577138888888889,,False,False,True,
Closed,1841,Low,Email,Purchasing and invoicing,1st line support,Nicola Wane,2023-04-13 03:49:42,2023-04-15 03:49:42,2023-04-13 04:49:42,2023-04-13 03:51:05.711,Within SLA,2023-04-14 14:03:48.646,Within SLA,2023-04-16 09:35:22.230,6,5.0,Training and Consulting Services,Tier 1,Slovenia,46.1491664,14.9860106,0.023253055555555555,34.23517944444444,False,False,False,Within SLA
Closed,1842,Medium,Chat,Pricing and licensing,1st line support,Nicola Wane,2023-04-14 10:24:24,2023-04-15 10:24:24,2023-04-14 10:26:24,2023-04-14 10:25:12.466,Within SLA,2023-04-15 09:53:26.213,Within SLA,2023-04-15 10:06:11.334,6,3.0,Training and Consulting Services,Tier 1,Spain,39.67337,-4.767726,0.013462777777777778,23.483948055555558,False,False,False,Within SLA
Resolved,1844,Low,Chat,Feature request,1st line support,Kristos Westoll,2023-04-14 01:08:18,2023-04-15 01:08:18,2023-04-14 01:10:18,2023-04-14 01:08:36.110,Within SLA,2023-04-16 12:44:37.851,SLA Violated,,3,,Custom software development,Tier 1,Greece,39.368279,21.863141,0.0050305555555555555,59.605514166666666,False,False,False,SLA Violated
Closed,1845,Medium,Chat,Bug report,1st line support,Kristos Westoll,2023-04-14 13:04:45,2023-04-15 13:04:45,2023-04-14 13:06:45,2023-04-14 13:10:26.911,SLA Violated,2023-04-14 15:01:36.222,Within SLA,2023-04-18 01:11:25.657,60,5.0,Ready to use Software,Tier 1,Germany,51.165691,10.451526,0.09497527777777778,1.9475616666666666,False,True,False,Within SLA
Closed,1846,Medium,Email,Purchasing and invoicing,2nd line support,Michele Whyatt,2023-04-15 19:19:28,2023-04-17 19:19:28,2023-04-15 20:19:28,2023-04-15 19:25:52.928,Within SLA,2023-04-16 09:26:26.061,Within SLA,2023-04-16 13:58:36.418,5,4.0,Ready to use Software,Tier 2,Bulgaria,42.7249925,25.4833039,0.10692444444444445,14.116128055555556,False,False,False,Within SLA
Closed,1847,Medium,Email,Feature request,2nd line support,Adolpho Messingham,2023-04-15 19:16:48,2023-04-17 19:16:48,2023-04-15 20:16:48,2023-04-15 19:58:48.300,Within SLA,2023-04-17 13:55:14.173,Within SLA,2023-04-20 13:10:26.823,1,1.0,Ready to use Software,Tier 2,Italy,43.036776,12.678565,0.7000833333333334,42.64060361111111,False,False,False,Within SLA
In progress,1849,High,Chat,Pricing and licensing,1st line support,Connor Danielovitch,2023-04-15 14:20:11,2023-04-16 14:20:11,2023-04-15 14:22:11,2023-04-15 14:23:24.764,SLA Violated,,SLA Violated,,4,,Custom software development,Tier 1,Italy,43.036776,12.678565,0.053823333333333334,,False,False,True,
Resolved,1858,Low,Chat,Purchasing and invoicing,1st line support,Bernard Beckley,2023-04-16 08:24:34,2023-04-17 08:24:34,2023-04-16 08:26:34,2023-04-16 08:25:45.449,Within SLA,2023-04-16 11:39:02.144,Within SLA,,9,,Ready to use Software,Tier 1,Italy,43.036776,12.678565,0.019846944444444445,3.2411511111111113,False,False,False,Within SLA
In progress,1859,High,Chat,Other,1st line support,Nicola Wane,2023-04-16 21:38:28,2023-04-17 21:38:28,2023-04-16 21:40:28,2023-04-16 21:40:14.403,Within SLA,,SLA Violated,,3,,Custom software development,Tier 1,Bulgaria,42.7249925,25.4833039,0.02955638888888889,,False,False,True,
Resolved,1860,Medium,Email,Bug report,1st line support,Nicola Wane,2023-04-16 08:37:24,2023-04-18 08:37:24,2023-04-16 09:37:24,2023-04-16 09:12:12.725,Within SLA,2023-04-18 14:42:57.722,SLA Violated,,1,,Custom software development,Tier 1,Germany,51.165691,10.451526,0.5802013888888888,54.09270055555556,False,False,False,SLA Violated
Resolved,1861,Medium,Email,Product setup,1st line support,Bernard Beckley,2023-04-16 08:28:16,2023-04-18 08:28:16,2023-04-16 09:28:16,2023-04-16 12:58:06.634,SLA Violated,2023-04-16 08:51:36.925,Within SLA,,4,,Training and Consulting Services,Tier 1,Czech Republic,49.8037633,15.4749126,4.497398333333333,0.3891458333333333,False,False,False,Within SLA
Resolved,1862,Medium,Chat,Purchasing and invoicing,2nd line support,Adolpho Messingham,2023-04-16 22:55:36,2023-04-17 22:55:36,2023-04-16 22:57:36,2023-04-16 22:56:49.060,Within SLA,2023-04-17 08:29:33.606,Within SLA,,4,,Training and Consulting Services,Tier 2,Germany,51.165691,10.451526,0.020294444444444445,9.566001666666667,False,False,False,Within SLA
Closed,1863,High,Email,Purchasing and invoicing,2nd line support,Adolpho Messingham,2023-04-17 15:18:43,2023-04-19 15:18:43,2023-04-17 16:18:43,2023-04-17 15:45:07.405,Within SLA,2023-04-19 11:13:21.997,Within SLA,2023-04-23 12:00:06.343,1,3.0,Other,Tier 2,Italy,43.036776,12.678565,0.4401125,43.9108325,False,False,False,Within SLA
Closed,1864,Medium,Email,Feature request,1st line support,Bernard Beckley,2023-04-17 16:20:30,2023-04-19 16:20:30,2023-04-17 17:20:30,2023-04-17 17:14:28.563,Within SLA,2023-04-17 20:16:38.485,Within SLA,2023-04-24 09:26:46.462,2,4.0,Custom software development,Tier 1,Germany,51.165691,10.451526,0.8996008333333334,3.935690277777778,False,False,False,Within SLA
Closed,1865,Low,Chat,Feature request,2nd line support,Adolpho Messingham,2023-04-17 12:14:44,2023-04-18 12:14:44,2023-04-17 12:16:44,2023-04-17 12:16:25.429,Within SLA,2023-04-17 17:46:34.565,Within SLA,2023-04-22 19:46:28.047,4,4.0,Custom software development,Tier 2,United Kingdom,55.378052,-3.435973,0.028174722222222223,5.5307125,False,False,False,Within SLA
In progress,1866,Medium,Email,Purchasing and invoicing,1st line support,Connor Danielovitch,2023-04-17 19:02:22,2023-04-19 19:02:22,2023-04-17 20:02:22,2023-04-18 01:19:45.954,SLA Violated,,SLA Violated,,7,,Custom software development,Tier 1,Slovenia,46.1491664,14.9860106,6.289987222222223,,False,False,True,
Closed,1867,Medium,Chat,Product setup,1st line support,Kristos Westoll,2023-04-17 15:48:18,2023-04-18 15:48:18,2023-04-17 15:50:18,2023-04-17 15:48:45.481,Within SLA,2023-04-18 11:31:09.609,Within SLA,2023-04-21 01:58:28.038,4,1.0,Ready to use Software,Tier 1,Poland,52.536273,19.050639,0.007633611111111112,19.714335833333333,False,False,False,Within SLA
Resolved,1868,Low,Phone,Pricing and licensing,1st line support,Bernard Beckley,2023-04-17 13:01:40,2023-04-19 13:01:40,2023-04-17 13:03:40,2023-04-17 13:01:46.665,Within SLA,2023-04-22 06:28:14.225,SLA Violated,,2,,Custom software development,Tier 1,Austria,47.6964719,13.3457347,0.001851388888888889,113.44284027777778,False,False,False,SLA Violated
Resolved,1869,Medium,Email,Purchasing and invoicing,1st line support,Connor Danielovitch,2023-04-17 04:59:54,2023-04-19 04:59:54,2023-04-17 05:59:54,2023-04-17 05:06:25.426,Within SLA,2023-04-18 18:14:34.093,Within SLA,,2,,Custom software development,Tier 1,Poland,52.536273,19.050639,0.10872944444444443,37.24447027777778,False,False,False,Within SLA
Closed,1870,High,Email,Product setup,1st line support,Kristos Westoll,2023-04-18 21:47:02,2023-04-20 21:47:02,2023-04-18 22:47:02,2023-04-18 21:51:37.001,Within SLA,2023-04-19 08:04:05.220,Within SLA,2023-04-20 18:48:35.089,8,5.0,Ready to use Software,Tier 1,Italy,43.036776,12.678565,0.07638916666666666,10.284227777777778,False,False,False,Within SLA
Closed,1871,Low,Email,Training request,1st line support,Nicola Wane,2023-04-18 17:48:33,2023-04-20 17:48:33,2023-04-18 18:48:33,2023-04-18 18:19:58.939,Within SLA,2023-04-19 06:10:27.493,Within SLA,2023-04-23 15:41:16.353,1,1.0,Training and Consulting Services,Tier 1,Slovenia,46.1491664,14.9860106,0.5238719444444445,12.365136944444446,False,False,False,Within SLA
Closed,1872,High,Email,Product setup,2nd line support,Michele Whyatt,2023-04-18 13:56:21,2023-04-20 13:56:21,2023-04-18 14:56:21,2023-04-18 14:25:41.720,Within SLA,2023-04-19 02:06:18.149,Within SLA,2023-04-20 14:58:10.640,3,5.0,Ready to use Software,Tier 2,Slovenia,46.1491664,14.9860106,0.4890888888888889,12.165874722222222,False,False,False,Within SLA
Closed,1873,Low,Phone,Feature request,1st line support,Kristos Westoll,2023-04-18 16:22:40,2023-04-20 16:22:40,2023-04-18 16:24:40,2023-04-18 16:23:05.826,Within SLA,2023-04-19 09:22:55.824,Within SLA,2023-04-19 04:02:03.461,5,1.0,Custom software development,Tier 1,Poland,52.536273,19.050639,0.007173888888888889,17.004395555555554,False,False,False,Within SLA
In progress,1874,Low,Email,Other,2nd line support,Michele Whyatt,2023-04-18 08:58:20,2023-04-20 08:58:20,2023-04-18 09:58:20,2023-04-18 09:04:16.695,Within SLA,,SLA Violated,,10,,Ready to use Software,Tier 2,Italy,43.036776,12.678565,0.09908194444444444,,False,False,True,
Resolved,1875,Medium,Chat,Pricing and licensing,2nd line support,Adolpho Messingham,2023-04-18 12:00:17,2023-04-19 12:00:17,2023-04-18 12:02:17,2023-04-18 12:02:08.282,Within SLA,2023-04-18 17:27:12.720,Within SLA,,3,,Ready to use Software,Tier 2,Germany,51.165691,10.451526,0.030911666666666667,5.4488111111111115,False,False,False,Within SLA
Closed,1876,Low,Email,Feature request,1st line support,Kristos Westoll,2023-04-18 18:29:18,2023-04-20 18:29:18,2023-04-18 19:29:18,2023-04-18 18:48:22.082,Within SLA,2023-04-19 10:02:20.830,Within SLA,2023-04-24 00:05:29.801,6,4.0,Ready to use Software,Tier 1,Poland,52.536273,19.050639,0.3178005555555556,15.550786111111112,False,False,False,Within SLA
Resolved,1877,Medium,Email,Product setup,1st line support,Kristos Westoll,2023-04-18 17:37:19,2023-04-20 17:37:19,2023-04-18 18:37:19,2023-04-18 17:41:28.270,Within SLA,2023-04-20 13:23:07.856,Within SLA,,5,,Other,Tier 1,Germany,51.165691,10.451526,0.06924166666666667,43.76357111111111,False,False,False,Within SLA
Closed,1878,Low,Email,Product setup,1st line support,Bernard Beckley,2023-04-18 12:51:38,2023-04-20 12:51:38,2023-04-18 13:51:38,2023-04-18 13:00:28.733,Within SLA,2023-04-20 02:33:18.943,Within SLA,2023-04-19 03:52:50.806,7,4.0,Ready to use Software,Tier 1,Austria,47.6964719,13.3457347,0.1474258333333333,37.69470638888889,False,False,False,Within SLA
In progress,1879,Low,Email,Purchasing and invoicing,1st line support,Sheela Cutten,2023-04-18 22:00:04,2023-04-20 22:00:04,2023-04-18 23:00:04,2023-04-18 22:02:29.953,Within SLA,,SLA Violated,,3,,Ready to use Software,Tier 1,Italy,43.036776,12.678565,0.0405425,,False,False,True,
Resolved,1880,Low,Email,Bug report,1st line support,Kristos Westoll,2023-04-19 13:44:33,2023-04-21 13:44:33,2023-04-19 14:44:33,2023-04-19 14:41:13.167,Within SLA,2023-04-20 15:08:42.506,Within SLA,,1,,Custom software development,Tier 1,Germany,51.165691,10.451526,0.9444908333333333,25.402640555555553,False,False,False,Within SLA
Resolved,1881,High,Chat,Purchasing and invoicing,1st line support,Bernard Beckley,2023-04-19 22:56:27,2023-04-20 22:56:27,2023-04-19 22:58:27,2023-04-19 22:58:21.525,Within SLA,2023-04-20 22:01:24.127,Within SLA,,6,,Ready to use Software,Tier 1,Italy,43.036776,12.678565,0.0318125,23.082535277777776,False,False,False,Within SLA
Resolved,1882,Medium,Chat,Feature request,1st line support,Sheela Cutten,2023-04-19 02:54:38,2023-04-20 02:54:38,2023-04-19 02:56:38,2023-04-19 02:59:46.073,SLA Violated,2023-04-22 03:55:56.484,SLA Violated,,4,,Ready to use Software,Tier 1,United Kingdom,55.378052,-3.435973,0.08557583333333332,73.02180111111112,False,False,False,SLA Violated
In progress,1883,Low,Chat,Feature request,1st line support,Connor Danielovitch,2023-04-19 15:12:56,2023-04-20 15:12:56,2023-04-19 15:14:56,2023-04-19 15:14:04.275,Within SLA,,SLA Violated,,4,,Custom software development,Tier 1,Slovenia,46.1491664,14.9860106,0.01896527777777778,,False,False,True,
Closed,1884,High,Email,Bug report,2nd line support,Heather Urry,2023-04-19 13:35:20,2023-04-21 13:35:20,2023-04-19 14:35:20,2023-04-19 20:51:45.427,SLA Violated,2023-04-19 16:33:08.898,Within SLA,2023-04-24 01:51:49.879,5,3.0,Custom software development,Tier 2,Spain,39.67337,-4.767726,7.273729722222222,2.9635827777777775,False,False,False,Within SLA
Closed,1885,Medium,Phone,Other,1st line support,Sheela Cutten,2023-04-19 00:38:17,2023-04-21 00:38:17,2023-04-19 00:40:17,2023-04-19 00:40:54.091,SLA Violated,2023-04-20 13:31:09.370,Within SLA,2023-04-22 22:31:35.947,5,3.0,Ready to use Software,Tier 1,Italy,43.036776,12.678565,0.04363638888888889,36.88121388888889,False,False,False,Within SLA
Resolved,1886,Low,Chat,Bug report,2nd line support,Michele Whyatt,2023-04-19 05:03:07,2023-04-20 05:03:07,2023-04-19 05:05:07,2023-04-19 05:04:44.830,Within SLA,2023-04-20 00:54:55.133,Within SLA,,6,,Ready to use Software,Tier 2,France,48.864716,2.349014,0.027175,19.86337027777778,False,False,False,Within SLA
Closed,1887,Low,Chat,Pricing and licensing,1st line support,Sheela Cutten,2023-04-19 05:08:23,2023-04-20 05:08:23,2023-04-19 05:10:23,2023-04-19 05:09:56.791,Within SLA,2023-04-21 12:57:06.675,SLA Violated,2023-04-23 09:56:22.695,6,2.0,Custom software development,Tier 1,Germany,51.165691,10.451526,0.026053055555555555,55.81213194444444,False,False,False,SLA Violated
In progress,1888,Low,Email,Purchasing and invoicing,1st line support,Sheela Cutten,2023-04-20 05:20:43,2023-04-22 05:20:43,2023-04-20 06:20:43,2023-04-20 06:12:17.519,Within SLA,,SLA Violated,,7,,Ready to use Software,Tier 1,Poland,52.536273,19.050639,0.8595886111111111,,False,False,True,
Closed,1889,Low,Email,Pricing and licensing,1st line support,Nicola Wane,2023-04-20 03:15:00,2023-04-22 03:15:00,2023-04-20 04:15:00,2023-04-20 04:02:36.991,Within SLA,2023-04-21 03:15:12.579,Within SLA,2023-04-24 13:20:29.936,7,1.0,Custom software development,Tier 1,Italy,43.036776,12.678565,0.7936086111111111,24.003494166666666,False,False,False,Within SLA
Resolved,1890,High,Email,Purchasing and invoicing,1st line support,Connor Danielovitch,2023-04-20 02:50:32,2023-04-22 02:50:32,2023-04-20 03:50:32,2023-04-20 02:54:32.078,Within SLA,2023-04-21 03:23:22.855,Within SLA,,7,,Ready to use Software,Tier 1,Greece,39.368279,21.863141,0.06668833333333334,24.54745972222222,False,False,False,Within SLA
Resolved,1891,Low,Email,Pricing and licensing,1st line support,Bernard Beckley,2023-04-20 04:04:48,2023-04-22 04:04:48,2023-04-20 05:04:48,2023-04-20 04:17:18.221,Within SLA,2023-04-21 06:25:31.320,Within SLA,,4,,Other,Tier 1,Germany,51.165691,10.451526,0.20839472222222222,26.345366666666667,False,False,False,Within SLA
Resolved,1892,Low,Email,Other,1st line support,Sheela Cutten,2023-04-20 10:08:09,2023-04-22 10:08:09,2023-04-20 11:08:09,2023-04-20 10:24:12.633,Within SLA,2023-04-20 19:51:38.004,Within SLA,,8,,Custom software development,Tier 1,Republic of Ireland,53.094024,-8.019675,0.26767583333333334,9.724723333333333,False,False,False,Within SLA
Closed,1893,Low,Phone,Feature request,1st line support,Sheela Cutten,2023-04-20 08:25:00,2023-04-22 08:25:00,2023-04-20 08:27:00,2023-04-20 08:26:22.985,Within SLA,2023-04-21 04:14:40.511,Within SLA,2023-04-24 10:46:09.992,4,4.0,Ready to use Software,Tier 1,Slovenia,46.1491664,14.9860106,0.02305138888888889,19.827919722222223,False,False,False,Within SLA
Resolved,1894,Medium,Chat,Feature request,1st line support,Nicola Wane,2023-04-20 23:58:35,2023-04-21 23:58:35,2023-04-21 00:00:35,2023-04-20 23:58:37.889,Within SLA,2023-04-25 04:53:54.712,SLA Violated,,6,,Other,Tier 1,Germany,51.165691,10.451526,0.0008024999999999999,100.92214222222222,False,False,False,SLA Violated
Closed,1895,Low,Email,Product setup,1st line support,Connor Danielovitch,2023-04-20 00:51:56,2023-04-22 00:51:56,2023-04-20 01:51:56,2023-04-20 01:28:01.350,Within SLA,2023-04-21 10:08:57.985,Within SLA,2023-04-22 20:20:52.445,6,3.0,Other,Tier 1,Republic of Ireland,53.094024,-8.019675,0.601486111111111,33.283884722222226,False,False,False,Within SLA
Closed,1896,Low,Email,Other,1st line support,Connor Danielovitch,2023-04-20 19:33:22,2023-04-22 19:33:22,2023-04-20 20:33:22,2023-04-20 20:16:58.100,Within SLA,2023-04-22 16:26:36.944,Within SLA,2023-04-22 04:49:52.724,10,4.0,Training and Consulting Services,Tier 1,Republic of Ireland,53.094024,-8.019675,0.7266944444444444,44.88748444444444,False,False,False,Within SLA
Resolved,1897,Medium,Chat,Purchasing and invoicing,1st line support,Nicola Wane,2023-04-21 14:40:38,2023-04-22 14:40:38,2023-04-21 14:42:38,2023-04-21 14:40:48.142,Within SLA,2023-04-22 04:29:32.153,Within SLA,,6,,Training and Consulting Services,Tier 1,Germany,51.165691,10.451526,0.0028172222222222223,13.815042499999999,False,False,False,Within SLA
Resolved,1898,Low,Email,Product setup,2nd line support,Adolpho Messingham,2023-04-21 18:39:35,2023-04-23 18:39:35,2023-04-21 19:39:35,2023-04-21 18:42:07.282,Within SLA,2023-04-22 00:37:36.335,Within SLA,,5,,Custom software development,Tier 2,Germany,51.165691,10.451526,0.042300555555555557,5.9670375,False,False,False,Within SLA
In progress,1899,Low,Email,Purchasing and invoicing,2nd line support,Michele Whyatt,2023-04-21 15:42:29,2023-04-23 15:42:29,2023-04-21 16:42:29,2023-04-21 15:55:25.605,Within SLA,,SLA Violated,,2,,Training and Consulting Services,Tier 2,Italy,43.036776,12.678565,0.21572361111111113,,False,False,True,
In progress,1900,Low,Email,Other,2nd line support,Adolpho Messingham,2023-04-21 18:14:08,2023-04-23 18:14:08,2023-04-21 19:14:08,2023-04-21 18:56:24.155,Within SLA,,SLA Violated,,7,,Other,Tier 2,Spain,39.67337,-4.767726,0.7044875,,False,False,True,
Closed,1901,Medium,Email,Feature request,1st line support,Bernard Beckley,2023-04-21 03:00:43,2023-04-23 03:00:43,2023-04-21 04:00:43,2023-04-21 03:19:12.917,Within SLA,2023-04-22 07:33:19.142,Within SLA,2023-04-27 14:31:30.072,1,4.0,Ready to use Software,Tier 1,Republic of Ireland,53.094024,-8.019675,0.30831027777777775,28.54337277777778,False,False,False,Within SLA
Resolved,1902,Low,Chat,Product setup,1st line support,Connor Danielovitch,2023-04-21 22:59:18,2023-04-22 22:59:18,2023-04-21 23:01:18,2023-04-21 23:02:53.646,SLA Violated,2023-04-25 06:52:11.439,SLA Violated,,60,,Training and Consulting Services,Tier 1,Germany,51.165691,10.451526,0.059901666666666666,79.88151083333334,False,True,False,SLA Violated
Resolved,1903,High,Phone,Training request,1st line support,Sheela Cutten,2023-04-21 17:29:36,2023-04-23 17:29:36,2023-04-21 17:31:36,2023-04-21 17:34:48.030,SLA Violated,2023-04-23 04:28:01.678,Within SLA,,2,,Training and Consulting Services,Tier 1,Bulgaria,42.7249925,25.4833039,0.08667499999999999,34.973799444444445,False,False,False,Within SLA
Resolved,1904,Low,Chat,Other,2nd line support,Heather Urry,2023-04-21 06:37:18,2023-04-22 06:37:18,2023-04-21 06:39:18,2023-04-21 06:38:29.234,Within SLA,2023-04-21 16:34:17.277,Within SLA,,8,,Ready to use Software,Tier 2,Spain,39.67337,-4.767726,0.01978722222222222,9.949799166666667,False,False,False,Within SLA
In progress,1905,Low,Email,Product setup,2nd line support,Michele Whyatt,2023-04-22 22:56:34,2023-04-24 22:56:34,2023-04-22 23:56:34,2023-04-23 00:51:10.020,SLA Violated,,SLA Violated,,9,,Ready to use Software,Tier 2,United Kingdom,55.378052,-3.435973,1.9100055555555557,,False,False,True,
Closed,1911,High,Email,Product setup,2nd line support,Adolpho Messingham,2023-04-23 06:37:05,2023-04-25 06:37:05,2023-04-23 07:37:05,2023-04-23 07:11:55.098,Within SLA,2023-04-23 15:12:44.230,Within SLA,2023-04-27 17:42:53.357,1,5.0,Other,Tier 2,Republic of Ireland,53.094024,-8.019675,0.5805827777777778,8.594230555555555,False,False,False,Within SLA
Resolved,1912,Medium,Chat,Product setup,1st line support,Bernard Beckley,2023-04-23 16:15:55,2023-04-24 16:15:55,2023-04-23 16:17:55,2023-04-23 16:17:46.758,Within SLA,2023-04-24 02:33:04.212,Within SLA,,4,,Other,Tier 1,Germany,51.165691,10.451526,0.031043888888888888,10.285892222222222,False,False,False,Within SLA
Resolved,1913,Medium,Chat,Other,1st line support,Bernard Beckley,2023-04-23 17:18:47,2023-04-24 17:18:47,2023-04-23 17:20:47,2023-04-23 17:19:40.224,Within SLA,2023-04-24 10:50:46.021,Within SLA,,9,,Training and Consulting Services,Tier 1,Slovenia,46.1491664,14.9860106,0.014784444444444444,17.53306138888889,False,False,False,Within SLA
Closed,1914,Low,Email,Product setup,1st line support,Nicola Wane,2023-04-24 11:26:34,2023-04-26 11:26:34,2023-04-24 12:26:34,2023-04-24 12:13:04.786,Within SLA,2023-04-24 13:32:01.408,Within SLA,2023-04-24 19:02:43.998,8,1.0,Ready to use Software,Tier 1,Greece,39.368279,21.863141,0.7752183333333333,2.090946666666667,False,False,False,Within SLA
In progress,1915,Low,Phone,Product setup,1st line support,Connor Danielovitch,2023-04-24 07:32:10,2023-04-26 07:32:10,2023-04-24 07:34:10,2023-04-24 07:33:15.801,Within SLA,,SLA Violated,,5,,Ready to use Software,Tier 1,Czech Republic,49.8037633,15.4749126,0.018278055555555558,,False,False,True,
Closed,1916,Low,Email,Product setup,1st line support,Sheela Cutten,2023-04-24 08:29:14,2023-04-26 08:29:14,2023-04-24 09:29:14,2023-04-24 08:30:13.582,Within SLA,2023-04-26 00:55:27.002,Within SLA,2023-04-28 01:09:48.054,2,4.0,Ready to use Software,Tier 1,United Kingdom,55.378052,-3.435973,0.016550555555555554,40.436945,False,False,False,Within SLA
Closed,1917,Low,Email,Bug report,1st line support,Connor Danielovitch,2023-04-24 09:05:20,2023-04-26 09:05:20,2023-04-24 10:05:20,2023-04-24 09:46:46.587,Within SLA,2023-04-24 19:12:42.998,Within SLA,2023-04-27 15:40:55.781,5,4.0,Custom software development,Tier 1,Republic of Ireland,53.094024,-8.019675,0.6907186111111111,10.123054999999999,False,False,False,Within SLA
Resolved,1918,Medium,Email,Product setup,1st line support,Sheela Cutten,2023-04-24 02:39:48,2023-04-26 02:39:48,2023-04-24 03:39:48,2023-04-24 03:23:36.675,Within SLA,2023-04-26 01:17:47.832,Within SLA,,10,,Ready to use Software,Tier 1,Italy,43.036776,12.678565,0.7301875000000001,46.63328666666666,False,False,False,Within SLA
In progress,1919,Low,Chat,Other,1st line support,Sheela Cutten,2023-04-24 05:18:34,2023-04-25 05:18:34,2023-04-24 05:20:34,2023-04-24 05:22:48.089,SLA Violated,,SLA Violated,,60,,Other,Tier 1,Germany,51.165691,10.451526,0.07058027777777778,,False,True,True,
Closed,1920,Medium,Email,Purchasing and invoicing,2nd line support,Adolpho Messingham,2023-04-24 17:08:16,2023-04-26 17:08:16,2023-04-24 18:08:16,2023-04-24 17:16:07.826,Within SLA,2023-04-25 16:33:11.829,Within SLA,2023-04-29 19:56:54.432,6,5.0,Custom software development,Tier 2,Slovenia,46.1491664,14.9860106,0.13106277777777778,23.415508055555556,False,False,False,Within SLA
Resolved,1921,Medium,Chat,Other,1st line support,Sheela Cutten,2023-04-24 13:49:38,2023-04-25 13:49:38,2023-04-24 13:51:38,2023-04-24 13:49:54.649,Within SLA,2023-04-24 18:16:37.347,Within SLA,,3,,Ready to use Software,Tier 1,United Kingdom,55.378052,-3.435973,0.004624722222222223,4.449818611111111,False,False,False,Within SLA
In progress,1922,Low,Email,Feature request,1st line support,Connor Danielovitch,2023-04-24 01:45:52,2023-04-26 01:45:52,2023-04-24 02:45:52,2023-04-24 01:49:11.007,Within SLA,,SLA Violated,,8,,Custom software development,Tier 1,Germany,51.165691,10.451526,0.05527972222222222,,False,False,True,
Closed,1923,Medium,Chat,Feature request,1st line support,Connor Danielovitch,2023-04-25 19:44:53,2023-04-26 19:44:53,2023-04-25 19:46:53,2023-04-25 19:46:04.927,Within SLA,2023-04-29 19:50:10.060,SLA Violated,2023-05-01 03:22:27.372,6,4.0,Custom software development,Tier 1,United Kingdom,55.378052,-3.435973,0.019979722222222225,96.08807222222222,False,False,False,SLA Violated
Closed,1924,High,Chat,Pricing and licensing,1st line support,Connor Danielovitch,2023-04-25 21:29:53,2023-04-26 21:29:53,2023-04-25 21:31:53,2023-04-25 21:31:03.482,Within SLA,2023-04-28 17:26:42.569,SLA Violated,2023-04-30 08:26:32.999,4,3.0,Training and Consulting Services,Tier 1,Austria,47.6964719,13.3457347,0.019578333333333333,67.9471025,False,False,False,SLA Violated
Resolved,1925,High,Email,Product setup,2nd line support,Heather Urry,2023-04-25 04:12:52,2023-04-27 04:12:52,2023-04-25 05:12:52,2023-04-25 09:34:16.723,SLA Violated,2023-04-25 07:22:50.074,Within SLA,,8,,Ready to use Software,Tier 2,Poland,52.536273,19.050639,5.356867500000001,3.166131666666667,False,False,False,Within SLA
In progress,1927,Low,Chat,Other,2nd line support,Adolpho Messingham,2023-04-25 15:06:36,2023-04-26 15:06:36,2023-04-25 15:08:36,2023-04-25 15:07:02.461,Within SLA,,SLA Violated,,4,,Custom software development,Tier 2,France,48.864716,2.349014,0.007350277777777778,,False,False,True,
In progress,1928,Medium,Email,Training request,2nd line support,Adolpho Messingham,2023-04-25 00:40:34,2023-04-27 00:40:34,2023-04-25 01:40:34,2023-04-25 00:55:20.044,Within SLA,,SLA Violated,,1,,Training and Consulting Services,Tier 2,United Kingdom,55.378052,-3.435973,0.24612333333333333,,False,False,True,
Closed,1929,Medium,Email,Other,1st line support,Bernard Beckley,2023-04-25 23:46:34,2023-04-27 23:46:34,2023-04-26 00:46:34,2023-04-25 23:49:39.697,Within SLA,2023-04-27 06:08:07.734,Within SLA,2023-04-27 22:46:32.011,2,1.0,Other,Tier 1,France,48.864716,2.349014,0.0515825,30.359370555555554,False,False,False,Within SLA
Closed,1930,Low,Chat,Feature request,1st line support,Kristos Westoll,2023-04-25 16:29:32,2023-04-26 16:29:32,2023-04-25 16:31:32,2023-04-25 16:29:48.033,Within SLA,2023-04-25 21:14:27.484,Within SLA,2023-04-29 19:03:39.818,4,2.0,Ready to use Software,Tier 1,Italy,43.036776,12.678565,0.004453611111111111,4.748745555555556,False,False,False,Within SLA
Closed,1931,Low,Email,Bug report,2nd line support,Adolpho Messingham,2023-04-26 03:07:27,2023-04-28 03:07:27,2023-04-26 04:07:27,2023-04-26 03:24:25.422,Within SLA,2023-04-28 01:51:22.632,Within SLA,2023-05-01 13:19:37.868,2,4.0,Training and Consulting Services,Tier 2,Spain,39.67337,-4.767726,0.282895,46.73212,False,False,False,Within SLA
Closed,1933,Low,Chat,Feature request,2nd line support,Heather Urry,2023-04-26 21:03:39,2023-04-27 21:03:39,2023-04-26 21:05:39,2023-04-26 21:09:02.475,SLA Violated,2023-04-27 05:16:26.730,Within SLA,2023-04-28 16:58:24.213,6,4.0,Custom software development,Tier 2,United Kingdom,55.378052,-3.435973,0.08985416666666668,8.213258333333334,False,False,False,Within SLA
Closed,1934,Low,Email,Pricing and licensing,1st line support,Kristos Westoll,2023-04-26 12:39:40,2023-04-28 12:39:40,2023-04-26 13:39:40,2023-04-26 12:47:26.240,Within SLA,2023-04-27 01:18:01.745,Within SLA,2023-04-27 19:21:47.828,10,2.0,Custom software development,Tier 1,France,48.864716,2.349014,0.1295111111111111,12.639373611111111,False,False,False,Within SLA
Closed,1937,Low,Email,Other,1st line support,Kristos Westoll,2023-04-28 04:17:19,2023-04-30 04:17:19,2023-04-28 05:17:19,2023-04-28 04:21:06.983,Within SLA,2023-04-28 18:03:59.063,Within SLA,2023-04-29 09:04:12.218,7,4.0,Ready to use Software,Tier 1,Italy,43.036776,12.678565,0.06332861111111111,13.777795277777779,False,False,False,Within SLA
Closed,1938,Medium,Email,Pricing and licensing,2nd line support,Heather Urry,2023-04-28 12:45:26,2023-04-30 12:45:26,2023-04-28 13:45:26,2023-04-28 13:10:11.975,Within SLA,2023-04-28 15:11:05.386,Within SLA,2023-04-29 10:51:18.165,8,5.0,Ready to use Software,Tier 2,Germany,51.165691,10.451526,0.4127708333333333,2.4276072222222225,False,False,False,Within SLA
In progress,1939,Low,Chat,Other,1st line support,Bernard Beckley,2023-04-28 01:42:28,2023-04-29 01:42:28,2023-04-28 01:44:28,2023-04-28 01:43:46.920,Within SLA,,SLA Violated,,3,,Custom software development,Tier 1,Czech Republic,49.8037633,15.4749126,0.02192222222222222,,False,False,True,
Closed,1940,Low,Chat,Feature request,1st line support,Connor Danielovitch,2023-04-28 08:54:40,2023-04-29 08:54:40,2023-04-28 08:56:40,2023-04-28 08:58:35.290,SLA Violated,2023-04-28 09:16:42.380,Within SLA,2023-04-29 18:02:21.327,3,4.0,Ready to use Software,Tier 1,Germany,51.165691,10.451526,0.06535833333333334,0.3673277777777778,False,False,False,Within SLA
Closed,1942,Medium,Email,Other,1st line support,Kristos Westoll,2023-04-28 00:22:07,2023-04-30 00:22:07,2023-04-28 01:22:07,2023-04-28 00:54:02.721,Within SLA,2023-04-29 11:03:58.694,Within SLA,2023-05-01 19:11:46.252,1,4.0,Ready to use Software,Tier 1,Austria,47.6964719,13.3457347,0.5321447222222222,34.69769277777778,False,False,False,Within SLA
Resolved,1943,Low,Email,Product setup,1st line support,Kristos Westoll,2023-04-28 23:21:47,2023-04-30 23:21:47,2023-04-29 00:21:47,2023-04-28 23:22:59.319,Within SLA,2023-04-29 12:31:17.176,Within SLA,,9,,Ready to use Software,Tier 1,Italy,43.036776,12.678565,0.020088611111111113,13.158382222222222,False,False,False,Within SLA
Resolved,1945,Medium,Chat,Feature request,1st line support,Bernard Beckley,2023-04-29 13:16:32,2023-04-30 13:16:32,2023-04-29 13:18:32,2023-04-29 13:17:00.488,Within SLA,2023-04-30 05:55:36.523,Within SLA,,3,,Ready to use Software,Tier 1,Spain,39.67337,-4.767726,0.007913333333333333,16.65125638888889,False,False,False,Within SLA
Closed,1946,High,Email,Training request,2nd line support,Heather Urry,2023-04-29 09:39:04,2023-05-01 09:39:04,2023-04-29 10:39:04,2023-04-29 09:50:32.752,Within SLA,2023-05-01 15:12:24.500,SLA Violated,2023-05-03 13:30:12.106,3,4.0,Training and Consulting Services,Tier 2,Italy,43.036776,12.678565,0.19132,53.55569444444444,False,False,False,SLA Violated
Resolved,1956,Low,Email,Pricing and licensing,1st line support,Connor Danielovitch,2023-04-29 02:53:31,2023-05-01 02:53:31,2023-04-29 03:53:31,2023-04-29 03:52:54.094,Within SLA,2023-04-29 03:39:12.723,Within SLA,,5,,Other,Tier 1,Bulgaria,42.7249925,25.4833039,0.9897483333333333,0.7615897222222222,False,False,False,Within SLA
Resolved,1957,Low,Email,Feature request,1st line support,Nicola Wane,2023-04-29 01:59:28,2023-05-01 01:59:28,2023-04-29 02:59:28,2023-04-29 08:17:20.367,SLA Violated,2023-04-29 12:42:42.538,Within SLA,,3,,Ready to use Software,Tier 1,Slovenia,46.1491664,14.9860106,6.297879722222222,10.720705,False,False,False,Within SLA
Resolved,1958,Low,Chat,Product setup,2nd line support,Michele Whyatt,2023-04-29 18:57:03,2023-04-30 18:57:03,2023-04-29 18:59:03,2023-04-29 18:58:57.242,Within SLA,2023-04-29 19:09:44.405,Within SLA,,4,,Other,Tier 2,France,48.864716,2.349014,0.03173388888888889,0.2115013888888889,False,False,False,Within SLA
Closed,1959,Low,Email,Other,1st line support,Nicola Wane,2023-04-29 09:21:27,2023-05-01 09:21:27,2023-04-29 10:21:27,2023-04-29 09:35:19.362,Within SLA,2023-04-29 13:49:53.616,Within SLA,2023-05-02 17:33:29.038,10,2.0,Other,Tier 1,Czech Republic,49.8037633,15.4749126,0.23121166666666665,4.47406,False,False,False,Within SLA
Closed,1960,Low,Email,Bug report,1st line support,Kristos Westoll,2023-04-30 04:40:44,2023-05-02 04:40:44,2023-04-30 05:40:44,2023-04-30 04:42:41.615,Within SLA,2023-04-30 23:16:11.135,Within SLA,2023-05-04 23:59:04.013,6,2.0,Ready to use Software,Tier 1,Poland,52.536273,19.050639,0.03267083333333333,18.59087083333333,False,False,False,Within SLA
Closed,1961,High,Email,Purchasing and invoicing,1st line support,Kristos Westoll,2023-04-30 11:33:18,2023-05-02 11:33:18,2023-04-30 12:33:18,2023-04-30 11:42:53.472,Within SLA,2023-05-04 09:47:43.268,SLA Violated,2023-05-05 05:15:28.633,1,5.0,Ready to use Software,Tier 1,Poland,52.536273,19.050639,0.15985333333333332,94.24035222222221,False,False,False,SLA Violated
In progress,1962,Low,Email,Pricing and licensing,1st line support,Bernard Beckley,2023-04-30 19:22:21,2023-05-02 19:22:21,2023-04-30 20:22:21,2023-04-30 19:23:19.974,Within SLA,,SLA Violated,,1,,Custom software development,Tier 1,Germany,51.165691,10.451526,0.016381666666666666,,False,False,True,
Closed,1963,Medium,Phone,Purchasing and invoicing,2nd line support,Heather Urry,2023-04-30 20:47:07,2023-05-02 20:47:07,2023-04-30 20:49:07,2023-04-30 20:51:49.046,SLA Violated,2023-05-01 07:56:37.571,Within SLA,2023-05-02 16:49:26.699,2,4.0,Custom software development,Tier 2,Slovenia,46.1491664,14.9860106,0.0783461111111111,11.158491944444446,False,False,False,Within SLA
Resolved,1964,Low,Email,Bug report,1st line support,Bernard Beckley,2023-04-30 19:57:12,2023-05-02 19:57:12,2023-04-30 20:57:12,2023-04-30 20:23:23.619,Within SLA,2023-05-02 10:27:38.849,Within SLA,,3,,Custom software development,Tier 1,Spain,39.67337,-4.767726,0.4365608333333333,38.50745805555555,False,False,False,Within SLA
Closed,1965,Medium,Email,Product setup,2nd line support,Adolpho Messingham,2023-04-30 01:00:56,2023-05-02 01:00:56,2023-04-30 02:00:56,2023-04-30 01:42:02.795,Within SLA,2023-05-01 16:23:02.503,Within SLA,2023-05-04 18:24:21.580,10,2.0,Ready to use Software,Tier 2,Germany,51.165691,10.451526,0.6852208333333334,39.368473055555555,False,False,False,Within SLA
Closed,1966,High,Chat,Product setup,2nd line support,Heather Urry,2023-04-30 08:01:49,2023-05-01 08:01:49,2023-04-30 08:03:49,2023-04-30 08:02:01.768,Within SLA,2023-04-30 12:47:31.050,Within SLA,2023-05-04 00:08:58.706,9,2.0,Ready to use Software,Tier 2,Czech Republic,49.8037633,15.4749126,0.0035466666666666667,4.7616805555555555,False,False,False,Within SLA
In progress,1974,Medium,Email,Other,1st line support,Bernard Beckley,2023-05-01 03:26:27,2023-05-03 03:26:27,2023-05-01 04:26:27,2023-05-01 03:54:44.619,Within SLA,,SLA Violated,,5,,Custom software development,Tier 1,United Kingdom,55.378052,-3.435973,0.4715608333333333,,False,False,True,
Resolved,1975,Low,Email,Pricing and licensing,1st line support,Sheela Cutten,2023-05-01 00:15:50,2023-05-03 00:15:50,2023-05-01 01:15:50,2023-05-01 00:32:59.619,Within SLA,2023-05-02 07:29:48.377,Within SLA,,2,,Other,Tier 1,Czech Republic,49.8037633,15.4749126,0.28600527777777773,31.2328825,False,False,False,Within SLA
Closed,1976,Medium,Email,Feature request,1st line support,Kristos Westoll,2023-05-01 17:16:37,2023-05-03 17:16:37,2023-05-01 18:16:37,2023-05-01 18:06:31.413,Within SLA,2023-05-03 01:01:26.155,Within SLA,2023-05-04 05:39:04.898,1,5.0,Custom software development,Tier 1,Italy,43.036776,12.678565,0.8317813888888889,31.7469875,False,False,False,Within SLA
Closed,1977,Low,Email,Feature request,1st line support,Kristos Westoll,2023-05-01 19:32:21,2023-05-03 19:32:21,2023-05-01 20:32:21,2023-05-01 22:13:54.495,SLA Violated,2023-05-02 18:41:22.634,Within SLA,2023-05-07 22:43:07.487,2,4.0,Ready to use Software,Tier 1,Poland,52.536273,19.050639,2.6926375,23.15045388888889,False,False,False,Within SLA
Resolved,1978,Low,Phone,Pricing and licensing,2nd line support,Adolpho Messingham,2023-05-01 14:14:01,2023-05-03 14:14:01,2023-05-01 14:16:01,2023-05-01 14:15:42.173,Within SLA,2023-05-04 01:10:48.671,SLA Violated,,3,,Custom software development,Tier 2,Poland,52.536273,19.050639,0.02810361111111111,58.946575277777775,False,False,False,SLA Violated
Closed,1979,Low,Phone,Purchasing and invoicing,1st line support,Nicola Wane,2023-05-01 21:28:26,2023-05-03 21:28:26,2023-05-01 21:30:26,2023-05-01 21:29:49.954,Within SLA,2023-05-06 08:49:13.738,SLA Violated,2023-05-07 20:51:15.920,1,4.0,Training and Consulting Services,Tier 1,France,48.864716,2.349014,0.023320555555555553,107.34659388888889,False,False,False,SLA Violated
Closed,1980,Low,Email,Pricing and licensing,2nd line support,Michele Whyatt,2023-05-01 06:56:45,2023-05-03 06:56:45,2023-05-01 07:56:45,2023-05-01 07:10:39.985,Within SLA,2023-05-02 00:53:28.369,Within SLA,2023-05-06 20:19:11.231,8,3.0,Ready to use Software,Tier 2,Austria,47.6964719,13.3457347,0.2319402777777778,17.945380277777776,False,False,False,Within SLA
Resolved,1981,Low,Email,Product setup,1st line support,Kristos Westoll,2023-05-01 08:53:32,2023-05-03 08:53:32,2023-05-01 09:53:32,2023-05-01 09:50:19.644,Within SLA,2023-05-02 02:25:44.137,Within SLA,,6,,Custom software development,Tier 1,Italy,43.036776,12.678565,0.9465677777777777,17.536704722222222,False,False,False,Within SLA
Closed,1982,Low,Phone,Purchasing and invoicing,1st line support,Kristos Westoll,2023-05-01 18:01:41,2023-05-03 18:01:41,2023-05-01 18:03:41,2023-05-01 18:03:40.166,Within SLA,2023-05-02 04:36:28.119,Within SLA,2023-05-05 01:20:09.634,7,4.0,Ready to use Software,Tier 1,Germany,51.165691,10.451526,0.03310166666666667,10.579755277777778,False,False,False,Within SLA
In progress,1983,Low,Chat,Product setup,2nd line support,Michele Whyatt,2023-05-01 16:05:00,2023-05-02 16:05:00,2023-05-01 16:07:00,2023-05-01 16:06:25.825,Within SLA,,SLA Violated,,60,,Custom software development,Tier 2,Republic of Ireland,53.094024,-8.019675,0.02384027777777778,,False,True,True,
In progress,1984,Low,Chat,Feature request,1st line support,Connor Danielovitch,2023-05-01 10:53:43,2023-05-02 10:53:43,2023-05-01 10:55:43,2023-05-01 10:59:27.415,SLA Violated,,SLA Violated,,4,,Custom software development,Tier 1,Czech Republic,49.8037633,15.4749126,0.09567083333333334,,False,False,True,
Resolved,1985,Medium,Email,Training request,1st line support,Nicola Wane,2023-05-02 10:43:37,2023-05-04 10:43:37,2023-05-02 11:43:37,2023-05-02 11:21:02.987,Within SLA,2023-05-03 08:39:01.662,Within SLA,,9,,Training and Consulting Services,Tier 1,France,48.864716,2.349014,0.6238852777777778,21.92351722222222,False,False,False,Within SLA
Closed,1986,Low,Email,Pricing and licensing,1st line support,Sheela Cutten,2023-05-02 23:45:36,2023-05-04 23:45:36,2023-05-03 00:45:36,2023-05-03 00:25:13.679,Within SLA,2023-05-03 07:32:27.458,Within SLA,2023-05-05 23:30:12.998,3,4.0,Training and Consulting Services,Tier 1,Republic of Ireland,53.094024,-8.019675,0.6604663888888889,7.780960555555555,False,False,False,Within SLA
Closed,1987,Medium,Email,Product setup,2nd line support,Michele Whyatt,2023-05-02 08:46:52,2023-05-04 08:46:52,2023-05-02 09:46:52,2023-05-02 09:11:44.158,Within SLA,2023-05-05 20:31:52.790,SLA Violated,2023-05-05 21:47:00.763,1,5.0,Custom software development,Tier 2,Czech Republic,49.8037633,15.4749126,0.4144883333333333,83.75021944444444,False,False,False,SLA Violated
Resolved,1988,Low,Chat,Purchasing and invoicing,2nd line support,Heather Urry,2023-05-02 15:29:28,2023-05-03 15:29:28,2023-05-02 15:31:28,2023-05-02 15:31:05.404,Within SLA,2023-05-02 21:10:46.769,Within SLA,,4,,Other,Tier 2,Greece,39.368279,21.863141,0.027056666666666666,5.688546944444444,False,False,False,Within SLA
In progress,1989,High,Phone,Pricing and licensing,1st line support,Bernard Beckley,2023-05-02 17:56:22,2023-05-04 17:56:22,2023-05-02 17:58:22,2023-05-02 17:58:19.756,Within SLA,,SLA Violated,,2,,Custom software development,Tier 1,United Kingdom,55.378052,-3.435973,0.03271,,False,False,True,
Resolved,1990,Low,Email,Purchasing and invoicing,2nd line support,Adolpho Messingham,2023-05-02 04:01:40,2023-05-04 04:01:40,2023-05-02 05:01:40,2023-05-02 04:12:46.131,Within SLA,2023-05-03 06:28:56.095,Within SLA,,7,,Ready to use Software,Tier 2,Poland,52.536273,19.050639,0.18503638888888888,26.454470833333335,False,False,False,Within SLA
Closed,1991,Low,Chat,Pricing and licensing,1st line support,Nicola Wane,2023-05-02 11:10:59,2023-05-03 11:10:59,2023-05-02 11:12:59,2023-05-02 11:12:22.226,Within SLA,2023-05-02 12:18:08.074,Within SLA,2023-05-10 06:41:46.943,7,3.0,Custom software development,Tier 1,Bulgaria,42.7249925,25.4833039,0.023118333333333334,1.1191872222222223,False,False,False,Within SLA
Resolved,1992,Medium,Phone,Feature request,1st line support,Connor Danielovitch,2023-05-02 16:16:34,2023-05-04 16:16:34,2023-05-02 16:18:34,2023-05-02 16:18:17.560,Within SLA,2023-05-05 23:29:22.395,SLA Violated,,3,,Custom software development,Tier 1,Bulgaria,42.7249925,25.4833039,0.028766666666666666,79.21344305555556,False,False,False,SLA Violated
Closed,1993,Medium,Phone,Training request,1st line support,Nicola Wane,2023-05-02 16:37:56,2023-05-04 16:37:56,2023-05-02 16:39:56,2023-05-02 16:39:09.619,Within SLA,2023-05-03 10:24:16.776,Within SLA,2023-05-05 13:49:51.492,4,3.0,Training and Consulting Services,Tier 1,Germany,51.165691,10.451526,0.020449722222222223,17.772437777777778,False,False,False,Within SLA
Resolved,1994,Low,Chat,Other,1st line support,Nicola Wane,2023-05-02 21:28:57,2023-05-03 21:28:57,2023-05-02 21:30:57,2023-05-02 21:29:54.758,Within SLA,2023-05-03 05:45:44.283,Within SLA,,7,,Ready to use Software,Tier 1,Germany,51.165691,10.451526,0.01604388888888889,8.279800833333333,False,False,False,Within SLA
Resolved,1995,Medium,Phone,Other,1st line support,Kristos Westoll,2023-05-03 04:53:08,2023-05-05 04:53:08,2023-05-03 04:55:08,2023-05-03 04:53:46.091,Within SLA,2023-05-03 14:13:03.669,Within SLA,,2,,Ready to use Software,Tier 1,United Kingdom,55.378052,-3.435973,0.010580833333333334,9.332130277777779,False,False,False,Within SLA
Closed,1996,Medium,Phone,Pricing and licensing,1st line support,Bernard Beckley,2023-05-03 16:14:03,2023-05-05 16:14:03,2023-05-03 16:16:03,2023-05-03 16:14:30.816,Within SLA,2023-05-08 06:38:13.888,SLA Violated,2023-05-09 21:07:26.470,1,3.0,Ready to use Software,Tier 1,Poland,52.536273,19.050639,0.007726666666666666,110.40302444444444,False,False,False,SLA Violated
Resolved,1997,Low,Email,Product setup,2nd line support,Adolpho Messingham,2023-05-03 13:03:01,2023-05-05 13:03:01,2023-05-03 14:03:01,2023-05-03 13:20:50.595,Within SLA,2023-05-05 08:17:17.568,Within SLA,,2,,Custom software development,Tier 2,United Kingdom,55.378052,-3.435973,0.2971097222222222,43.23793555555555,False,False,False,Within SLA
Closed,1998,Medium,Email,Product setup,2nd line support,Heather Urry,2023-05-03 16:48:44,2023-05-05 16:48:44,2023-05-03 17:48:44,2023-05-03 17:44:25.215,Within SLA,2023-05-03 17:12:10.716,Within SLA,2023-05-05 20:58:19.062,4,3.0,Other,Tier 2,United Kingdom,55.378052,-3.435973,0.9281152777777778,0.3907544444444444,False,False,False,Within SLA
In progress,1999,Low,Phone,Product setup,2nd line support,Adolpho Messingham,2023-05-03 18:09:48,2023-05-05 18:09:48,2023-05-03 18:11:48,2023-05-03 18:13:46.254,SLA Violated,,SLA Violated,,4,,Custom software development,Tier 2,Slovenia,46.1491664,14.9860106,0.06618166666666667,,False,False,True,
In progress,2000,Low,Email,Feature request,1st line support,Sheela Cutten,2023-05-03 10:20:16,2023-05-05 10:20:16,2023-05-03 11:20:16,2023-05-03 11:08:44.076,Within SLA,,SLA Violated,,1,,Custom software development,Tier 1,Republic of Ireland,53.094024,-8.019675,0.8077988888888888,,False,False,True,
Resolved,2001,Medium,Email,Bug report,1st line support,Sheela Cutten,2023-05-03 08:38:01,2023-05-05 08:38:01,2023-05-03 09:38:01,2023-05-03 14:06:43.016,SLA Violated,2023-05-05 00:13:10.479,Within SLA,,1,,Ready to use Software,Tier 1,Bulgaria,42.7249925,25.4833039,5.478337777777778,39.585966388888885,False,False,False,Within SLA
In progress,2002,Low,Email,Pricing and licensing,1st line support,Nicola Wane,2023-05-03 06:59:01,2023-05-05 06:59:01,2023-05-03 07:59:01,2023-05-03 07:25:36.678,Within SLA,,SLA Violated,,2,,Custom software development,Tier 1,Italy,43.036776,12.678565,0.44324388888888894,,False,False,True,
Resolved,2003,High,Chat,Product setup,2nd line support,Adolpho Messingham,2023-05-03 23:36:36,2023-05-04 23:36:36,2023-05-03 23:38:36,2023-05-03 23:37:39.061,Within SLA,2023-05-04 21:33:15.774,Within SLA,,6,,Training and Consulting Services,Tier 2,Spain,39.67337,-4.767726,0.017516944444444446,21.94438166666667,False,False,False,Within SLA
Resolved,2004,Medium,Email,Product setup,1st line support,Kristos Westoll,2023-05-03 09:38:59,2023-05-05 09:38:59,2023-05-03 10:38:59,2023-05-03 10:06:09.512,Within SLA,2023-05-05 06:42:26.940,Within SLA,,7,,Custom software development,Tier 1,Greece,39.368279,21.863141,0.45292,45.05776111111111,False,False,False,Within SLA
Closed,2005,Low,Email,Other,1st line support,Sheela Cutten,2023-05-03 21:34:00,2023-05-05 21:34:00,2023-05-03 22:34:00,2023-05-03 21:54:32.021,Within SLA,2023-05-04 12:04:50.547,Within SLA,2023-05-07 16:44:26.494,2,4.0,Custom software development,Tier 1,Germany,51.165691,10.451526,0.3422280555555555,14.514040833333333,False,False,False,Within SLA
Closed,2006,High,Email,Feature request,1st line support,Kristos Westoll,2023-05-03 05:48:01,2023-05-05 05:48:01,2023-05-03 06:48:01,2023-05-03 06:00:32.429,Within SLA,2023-05-03 23:26:56.894,Within SLA,2023-05-09 23:40:36.389,1,5.0,Ready to use Software,Tier 1,Italy,43.036776,12.678565,0.20873027777777778,17.648859444444444,False,False,False,Within SLA
Closed,2007,Low,Chat,Product setup,1st line support,Nicola Wane,2023-05-04 19:26:02,2023-05-05 19:26:02,2023-05-04 19:28:02,2023-05-04 19:27:18.236,Within SLA,2023-05-05 15:30:31.785,Within SLA,2023-05-07 04:27:03.391,5,1.0,Ready to use Software,Tier 1,Republic of Ireland,53.094024,-8.019675,0.021176666666666667,20.074940277777777,False,False,False,Within SLA
Closed,2008,Medium,Chat,Product setup,2nd line support,Heather Urry,2023-05-04 01:22:03,2023-05-05 01:22:03,2023-05-04 01:24:03,2023-05-04 01:22:36.976,Within SLA,2023-05-07 16:18:42.599,SLA Violated,2023-05-09 11:15:04.640,7,5.0,Other,Tier 2,France,48.864716,2.349014,0.009437777777777778,86.94433305555555,False,False,False,SLA Violated
In progress,2010,Medium,Email,Product setup,1st line support,Kristos Westoll,2023-05-04 11:42:39,2023-05-06 11:42:39,2023-05-04 12:42:39,2023-05-04 12:55:02.410,SLA Violated,,SLA Violated,,3,,Custom software development,Tier 1,France,48.864716,2.349014,1.2065027777777777,,False,False,True,
Closed,2011,Medium,Chat,Pricing and licensing,1st line support,Kristos Westoll,2023-05-05 14:09:14,2023-05-06 14:09:14,2023-05-05 14:11:14,2023-05-05 14:12:30.724,SLA Violated,2023-05-06 01:28:08.321,Within SLA,2023-05-07 13:49:05.673,9,4.0,Ready to use Software,Tier 1,Slovenia,46.1491664,14.9860106,0.05464555555555555,11.315089166666668,False,False,False,Within SLA
Closed,2012,Low,Chat,Bug report,1st line support,Nicola Wane,2023-05-05 23:50:12,2023-05-06 23:50:12,2023-05-05 23:52:12,2023-05-05 23:50:35.625,Within SLA,2023-05-06 09:49:23.216,Within SLA,2023-05-12 06:20:38.867,9,5.0,Custom software development,Tier 1,Austria,47.6964719,13.3457347,0.0065625,9.986448888888889,False,False,False,Within SLA
Closed,2014,High,Email,Other,1st line support,Kristos Westoll,2023-05-05 10:41:49,2023-05-07 10:41:49,2023-05-05 11:41:49,2023-05-05 10:42:30.168,Within SLA,2023-05-06 17:28:10.023,Within SLA,2023-05-09 05:07:17.942,5,2.0,Training and Consulting Services,Tier 1,Republic of Ireland,53.094024,-8.019675,0.011435555555555555,30.77250638888889,False,False,False,Within SLA
Closed,2015,Low,Email,Feature request,1st line support,Connor Danielovitch,2023-05-05 03:03:46,2023-05-07 03:03:46,2023-05-05 04:03:46,2023-05-05 03:22:22.394,Within SLA,2023-05-05 04:38:40.402,Within SLA,2023-05-11 07:17:16.574,5,5.0,Ready to use Software,Tier 1,Italy,43.036776,12.678565,0.31010944444444444,1.5817783333333333,False,False,False,Within SLA
In progress,2016,Medium,Email,Purchasing and invoicing,1st line support,Nicola Wane,2023-05-05 16:30:48,2023-05-07 16:30:48,2023-05-05 17:30:48,2023-05-05 16:52:26.152,Within SLA,,SLA Violated,,1,,Ready to use Software,Tier 1,Spain,39.67337,-4.767726,0.3605977777777778,,False,False,True,
Closed,2017,Low,Email,Product setup,2nd line support,Adolpho Messingham,2023-05-05 01:32:00,2023-05-07 01:32:00,2023-05-05 02:32:00,2023-05-05 02:07:44.793,Within SLA,2023-05-06 01:50:44.624,Within SLA,2023-05-10 13:56:52.380,1,3.0,Ready to use Software,Tier 2,Czech Republic,49.8037633,15.4749126,0.5957758333333334,24.312395555555554,False,False,False,Within SLA
Closed,2018,Low,Chat,Feature request,1st line support,Connor Danielovitch,2023-05-05 15:10:06,2023-05-06 15:10:06,2023-05-05 15:12:06,2023-05-05 15:10:20.262,Within SLA,2023-05-06 02:33:43.785,Within SLA,2023-05-06 06:11:03.256,5,5.0,Ready to use Software,Tier 1,Republic of Ireland,53.094024,-8.019675,0.003961666666666667,11.393829166666668,False,False,False,Within SLA
Resolved,2019,Low,Chat,Bug report,1st line support,Kristos Westoll,2023-05-05 05:54:12,2023-05-06 05:54:12,2023-05-05 05:56:12,2023-05-05 05:55:04.599,Within SLA,2023-05-05 08:51:42.589,Within SLA,,5,,Ready to use Software,Tier 1,Austria,47.6964719,13.3457347,0.014610833333333332,2.958496944444444,False,False,False,Within SLA
Closed,2020,High,Email,Feature request,1st line support,Kristos Westoll,2023-05-05 09:06:10,2023-05-07 09:06:10,2023-05-05 10:06:10,2023-05-05 09:48:53.779,Within SLA,2023-05-05 14:45:31.902,Within SLA,2023-05-11 05:38:05.478,6,4.0,Custom software development,Tier 1,United Kingdom,55.378052,-3.435973,0.7121608333333334,5.6560838888888885,False,False,False,Within SLA
In progress,2021,High,Chat,Feature request,1st line support,Connor Danielovitch,2023-05-05 15:16:20,2023-05-06 15:16:20,2023-05-05 15:18:20,2023-05-05 15:17:50.007,Within SLA,,SLA Violated,,4,,Ready to use Software,Tier 1,Slovenia,46.1491664,14.9860106,0.025001944444444445,,False,False,True,
Closed,2022,Low,Email,Training request,1st line support,Connor Danielovitch,2023-05-05 06:02:46,2023-05-07 06:02:46,2023-05-05 07:02:46,2023-05-05 06:50:01.092,Within SLA,2023-05-06 13:19:59.362,Within SLA,2023-05-07 00:45:15.866,2,5.0,Training and Consulting Services,Tier 1,Italy,43.036776,12.678565,0.7875255555555556,31.287045,False,False,False,Within SLA
Closed,2023,Low,Email,Product setup,1st line support,Kristos Westoll,2023-05-05 07:13:24,2023-05-07 07:13:24,2023-05-05 08:13:24,2023-05-05 11:48:57.581,SLA Violated,2023-05-08 02:26:46.490,SLA Violated,2023-05-09 20:00:44.554,1,5.0,Custom software development,Tier 1,Poland,52.536273,19.050639,4.592661388888889,67.22291388888888,False,False,False,SLA Violated
Closed,2028,Low,Email,Pricing and licensing,1st line support,Sheela Cutten,2023-05-06 23:05:51,2023-05-08 23:05:51,2023-05-07 00:05:51,2023-05-07 00:05:45.064,Within SLA,2023-05-12 16:23:19.750,SLA Violated,2023-05-14 10:58:08.130,5,2.0,Custom software development,Tier 1,Czech Republic,49.8037633,15.4749126,0.9983511111111111,137.29131944444444,False,False,False,SLA Violated
Resolved,2029,Medium,Email,Pricing and licensing,1st line support,Bernard Beckley,2023-05-06 08:37:48,2023-05-08 08:37:48,2023-05-06 09:37:48,2023-05-06 12:57:00.492,SLA Violated,2023-05-07 10:03:24.288,Within SLA,,1,,Other,Tier 1,Italy,43.036776,12.678565,4.3201366666666665,25.426746666666666,False,False,False,Within SLA
Closed,2030,Low,Email,Pricing and licensing,1st line support,Kristos Westoll,2023-05-06 21:39:46,2023-05-08 21:39:46,2023-05-06 22:39:46,2023-05-06 21:52:02.501,Within SLA,2023-05-08 16:57:35.272,Within SLA,2023-05-12 05:55:44.029,5,1.0,Custom software development,Tier 1,France,48.864716,2.349014,0.2045836111111111,43.297019999999996,False,False,False,Within SLA
In progress,2031,Low,Chat,Bug report,1st line support,Connor Danielovitch,2023-05-07 20:26:09,2023-05-08 20:26:09,2023-05-07 20:28:09,2023-05-07 20:26:27.168,Within SLA,,SLA Violated,,6,,Custom software development,Tier 1,United Kingdom,55.378052,-3.435973,0.005046666666666666,,False,False,True,
Resolved,2032,Low,Chat,Purchasing and invoicing,1st line support,Sheela Cutten,2023-05-07 08:37:05,2023-05-08 08:37:05,2023-05-07 08:39:05,2023-05-07 08:39:15.192,SLA Violated,2023-05-08 00:45:53.564,Within SLA,,6,,Training and Consulting Services,Tier 1,Czech Republic,49.8037633,15.4749126,0.036164444444444444,16.146823333333334,False,False,False,Within SLA
Closed,2034,Low,Email,Purchasing and invoicing,1st line support,Sheela Cutten,2023-05-07 02:10:20,2023-05-09 02:10:20,2023-05-07 03:10:20,2023-05-07 02:16:33.732,Within SLA,2023-05-08 22:05:41.204,Within SLA,2023-05-08 03:56:39.793,1,4.0,Other,Tier 1,United Kingdom,55.378052,-3.435973,0.10381444444444445,43.922556666666665,False,False,False,Within SLA
Closed,2035,Low,Email,Product setup,1st line support,Bernard Beckley,2023-05-07 05:31:03,2023-05-09 05:31:03,2023-05-07 06:31:03,2023-05-07 06:21:14.601,Within SLA,2023-05-07 18:18:45.985,Within SLA,2023-05-12 19:11:35.054,9,3.0,Training and Consulting Services,Tier 1,Czech Republic,49.8037633,15.4749126,0.8365558333333334,12.795273611111112,False,False,False,Within SLA
Closed,2036,Medium,Email,Product setup,1st line support,Bernard Beckley,2023-05-08 13:48:01,2023-05-10 13:48:01,2023-05-08 14:48:01,2023-05-08 13:57:58.406,Within SLA,2023-05-08 22:33:52.210,Within SLA,2023-05-10 14:39:58.288,10,1.0,Ready to use Software,Tier 1,Czech Republic,49.8037633,15.4749126,0.1659461111111111,8.764225,False,False,False,Within SLA
Closed,2039,Low,Email,Purchasing and invoicing,1st line support,Connor Danielovitch,2023-05-08 17:48:29,2023-05-10 17:48:29,2023-05-08 18:48:29,2023-05-08 17:59:51.334,Within SLA,2023-05-08 18:48:43.959,Within SLA,2023-05-14 08:42:36.152,5,4.0,Ready to use Software,Tier 1,Poland,52.536273,19.050639,0.18953722222222222,1.0041552777777778,False,False,False,Within SLA
Resolved,2040,Low,Email,Pricing and licensing,1st line support,Bernard Beckley,2023-05-08 01:35:22,2023-05-10 01:35:22,2023-05-08 02:35:22,2023-05-08 02:05:51.306,Within SLA,2023-05-09 01:17:11.475,Within SLA,,5,,Training and Consulting Services,Tier 1,United Kingdom,55.378052,-3.435973,0.5081405555555556,23.697076388888892,False,False,False,Within SLA
Resolved,2041,Low,Email,Bug report,1st line support,Bernard Beckley,2023-05-08 11:40:37,2023-05-10 11:40:37,2023-05-08 12:40:37,2023-05-08 12:03:56.692,Within SLA,2023-05-09 21:05:57.417,Within SLA,,1,,Ready to use Software,Tier 1,Poland,52.536273,19.050639,0.38880333333333333,33.42233805555556,False,False,False,Within SLA
In progress,2042,Low,Email,Other,1st line support,Connor Danielovitch,2023-05-08 20:38:25,2023-05-10 20:38:25,2023-05-08 21:38:25,2023-05-08 21:00:54.838,Within SLA,,SLA Violated,,5,,Training and Consulting Services,Tier 1,Czech Republic,49.8037633,15.4749126,0.374955,,False,False,True,
In progress,2044,High,Chat,Product setup,1st line support,Nicola Wane,2023-05-09 04:50:43,2023-05-10 04:50:43,2023-05-09 04:52:43,2023-05-09 04:52:13.975,Within SLA,,SLA Violated,,8,,Ready to use Software,Tier 1,Italy,43.036776,12.678565,0.025270833333333333,,False,False,True,
Closed,2045,Low,Chat,Product setup,1st line support,Connor Danielovitch,2023-05-09 12:52:20,2023-05-10 12:52:20,2023-05-09 12:54:20,2023-05-09 12:53:08.934,Within SLA,2023-05-09 16:16:19.166,Within SLA,2023-05-12 11:00:54.393,6,4.0,Custom software development,Tier 1,Italy,43.036776,12.678565,0.013592777777777777,3.3997683333333333,False,False,False,Within SLA
Resolved,2046,Low,Email,Other,1st line support,Kristos Westoll,2023-05-09 05:51:28,2023-05-11 05:51:28,2023-05-09 06:51:28,2023-05-09 06:11:37.086,Within SLA,2023-05-10 14:49:35.589,Within SLA,,1,,Ready to use Software,Tier 1,Italy,43.036776,12.678565,0.33585722222222225,32.96877472222222,False,False,False,Within SLA
In progress,2048,Medium,Email,Product setup,1st line support,Nicola Wane,2023-05-09 11:18:13,2023-05-11 11:18:13,2023-05-09 12:18:13,2023-05-09 11:24:30.640,Within SLA,,SLA Violated,,10,,Training and Consulting Services,Tier 1,Bulgaria,42.7249925,25.4833039,0.1049,,False,False,True,
In progress,2049,Low,Email,Product setup,1st line support,Bernard Beckley,2023-05-09 14:34:05,2023-05-11 14:34:05,2023-05-09 15:34:05,2023-05-09 14:38:01.358,Within SLA,,SLA Violated,,1,,Ready to use Software,Tier 1,Poland,52.536273,19.050639,0.065655,,False,False,True,
Resolved,2050,Low,Chat,Pricing and licensing,2nd line support,Michele Whyatt,2023-05-09 17:18:14,2023-05-10 17:18:14,2023-05-09 17:20:14,2023-05-09 17:19:21.083,Within SLA,2023-05-10 02:22:10.847,Within SLA,,9,,Training and Consulting Services,Tier 2,Poland,52.536273,19.050639,0.018634166666666667,9.065790833333335,False,False,False,Within SLA
Closed,2051,Low,Chat,Product setup,1st line support,Bernard Beckley,2023-05-09 10:37:17,2023-05-10 10:37:17,2023-05-09 10:39:17,2023-05-09 10:40:58.018,SLA Violated,2023-05-11 11:01:14.464,SLA Violated,2023-05-13 08:21:45.922,6,3.0,Training and Consulting Services,Tier 1,Slovenia,46.1491664,14.9860106,0.06139388888888889,48.39929555555556,False,False,False,SLA Violated
Closed,2052,Low,Email,Other,1st line support,Connor Danielovitch,2023-05-09 04:26:33,2023-05-11 04:26:33,2023-05-09 05:26:33,2023-05-09 09:03:44.653,SLA Violated,2023-05-10 13:57:57.258,Within SLA,2023-05-14 20:12:07.971,6,4.0,Ready to use Software,Tier 1,Italy,43.036776,12.678565,4.619903611111111,33.523405000000004,False,False,False,Within SLA
Closed,2053,High,Chat,Pricing and licensing,2nd line support,Adolpho Messingham,2023-05-10 08:52:46,2023-05-11 08:52:46,2023-05-10 08:54:46,2023-05-10 08:57:06.480,SLA Violated,2023-05-11 08:04:29.005,Within SLA,2023-05-16 11:15:13.130,4,5.0,Training and Consulting Services,Tier 2,Greece,39.368279,21.863141,0.07235555555555556,23.19527916666667,False,False,False,Within SLA
In progress,2054,Medium,Email,Feature request,1st line support,Bernard Beckley,2023-05-10 05:10:23,2023-05-12 05:10:23,2023-05-10 06:10:23,2023-05-10 05:25:19.630,Within SLA,,SLA Violated,,6,,Custom software development,Tier 1,Greece,39.368279,21.863141,0.2490638888888889,,False,False,True,
In progress,2055,Medium,Email,Pricing and licensing,1st line support,Sheela Cutten,2023-05-10 11:21:39,2023-05-12 11:21:39,2023-05-10 12:21:39,2023-05-10 12:02:50.066,Within SLA,,SLA Violated,,9,,Custom software development,Tier 1,Czech Republic,49.8037633,15.4749126,0.6864072222222222,,False,False,True,
Resolved,2056,Medium,Chat,Product setup,1st line support,Bernard Beckley,2023-05-10 07:53:38,2023-05-11 07:53:38,2023-05-10 07:55:38,2023-05-10 07:55:32.444,Within SLA,2023-05-10 18:42:29.622,Within SLA,,4,,Other,Tier 1,Austria,47.6964719,13.3457347,0.03179,10.814339444444446,False,False,False,Within SLA
In progress,2057,Medium,Chat,Pricing and licensing,2nd line support,Michele Whyatt,2023-05-10 07:28:39,2023-05-11 07:28:39,2023-05-10 07:30:39,2023-05-10 07:29:55.719,Within SLA,,SLA Violated,,6,,Ready to use Software,Tier 2,Czech Republic,49.8037633,15.4749126,0.02131083333333333,,False,False,True,
Closed,2058,Medium,Chat,Product setup,1st line support,Connor Danielovitch,2023-05-11 17:27:13,2023-05-12 17:27:13,2023-05-11 17:29:13,2023-05-11 17:28:18.420,Within SLA,2023-05-16 23:14:33.948,SLA Violated,2023-05-17 23:39:28.797,9,3.0,Ready to use Software,Tier 1,Austria,47.6964719,13.3457347,0.01817222222222222,125.78915222222221,False,False,False,SLA Violated
Closed,2059,High,Email,Pricing and licensing,1st line support,Sheela Cutten,2023-05-11 09:22:13,2023-05-13 09:22:13,2023-05-11 10:22:13,2023-05-11 09:23:09.564,Within SLA,2023-05-12 02:00:11.956,Within SLA,2023-05-15 22:40:49.380,9,4.0,Ready to use Software,Tier 1,Bulgaria,42.7249925,25.4833039,0.01571222222222222,16.633043333333333,False,False,False,Within SLA
Resolved,2060,Medium,Email,Other,1st line support,Kristos Westoll,2023-05-11 12:59:40,2023-05-13 12:59:40,2023-05-11 13:59:40,2023-05-11 13:19:08.848,Within SLA,2023-05-12 02:02:25.814,Within SLA,,3,,Custom software development,Tier 1,France,48.864716,2.349014,0.32467999999999997,13.046059444444444,False,False,False,Within SLA
Resolved,2061,Low,Email,Product setup,2nd line support,Heather Urry,2023-05-11 08:25:23,2023-05-13 08:25:23,2023-05-11 09:25:23,2023-05-11 09:10:28.429,Within SLA,2023-05-11 12:30:53.457,Within SLA,,9,,Custom software development,Tier 2,Austria,47.6964719,13.3457347,0.7515080555555556,4.091793611111111,False,False,False,Within SLA
Resolved,2062,Low,Email,Purchasing and invoicing,1st line support,Nicola Wane,2023-05-11 20:43:34,2023-05-13 20:43:34,2023-05-11 21:43:34,2023-05-11 21:19:15.484,Within SLA,2023-05-11 23:58:43.935,Within SLA,,2,,Training and Consulting Services,Tier 1,France,48.864716,2.349014,0.5948566666666667,3.252759722222222,False,False,False,Within SLA
In progress,2063,Medium,Phone,Product setup,1st line support,Connor Danielovitch,2023-05-11 23:30:50,2023-05-13 23:30:50,2023-05-11 23:32:50,2023-05-11 23:31:07.992,Within SLA,,SLA Violated,,3,,Ready to use Software,Tier 1,Poland,52.536273,19.050639,0.004997777777777778,,False,False,True,
In progress,2064,Low,Email,Pricing and licensing,1st line support,Bernard Beckley,2023-05-12 14:34:05,2023-05-14 14:34:05,2023-05-12 15:34:05,2023-05-12 14:51:45.048,Within SLA,,SLA Violated,,3,,Custom software development,Tier 1,Republic of Ireland,53.094024,-8.019675,0.29445777777777776,,False,False,True,
Resolved,2065,Low,Phone,Training request,1st line support,Bernard Beckley,2023-05-12 07:03:57,2023-05-14 07:03:57,2023-05-12 07:05:57,2023-05-12 07:07:10.888,SLA Violated,2023-05-18 04:31:39.882,SLA Violated,,1,,Training and Consulting Services,Tier 1,Spain,39.67337,-4.767726,0.05385777777777778,141.46191166666665,False,False,False,SLA Violated
In progress,2066,Medium,Chat,Pricing and licensing,1st line support,Nicola Wane,2023-05-12 18:22:10,2023-05-13 18:22:10,2023-05-12 18:24:10,2023-05-12 18:24:05.897,Within SLA,,SLA Violated,,60,,Other,Tier 1,France,48.864716,2.349014,0.03219361111111111,,False,True,True,
Resolved,2067,Low,Phone,Purchasing and invoicing,1st line support,Connor Danielovitch,2023-05-12 14:15:05,2023-05-14 14:15:05,2023-05-12 14:17:05,2023-05-12 14:15:36.568,Within SLA,2023-05-14 10:04:49.175,Within SLA,,2,,Training and Consulting Services,Tier 1,United Kingdom,55.378052,-3.435973,0.008768888888888889,43.828937499999995,False,False,False,Within SLA
Closed,2068,Low,Phone,Feature request,1st line support,Nicola Wane,2023-05-12 07:15:56,2023-05-14 07:15:56,2023-05-12 07:17:56,2023-05-12 07:16:02.175,Within SLA,2023-05-12 12:32:57.242,Within SLA,2023-05-17 15:43:19.310,6,3.0,Ready to use Software,Tier 1,Austria,47.6964719,13.3457347,0.0017152777777777778,5.283678333333333,False,False,False,Within SLA
Resolved,2069,Low,Email,Feature request,1st line support,Sheela Cutten,2023-05-12 03:53:23,2023-05-14 03:53:23,2023-05-12 04:53:23,2023-05-12 04:28:29.823,Within SLA,2023-05-14 02:40:55.462,Within SLA,,3,,Custom software development,Tier 1,France,48.864716,2.349014,0.585228611111111,46.79235055555556,False,False,False,Within SLA
Closed,2070,Low,Email,Purchasing and invoicing,1st line support,Connor Danielovitch,2023-05-12 06:59:06,2023-05-14 06:59:06,2023-05-12 07:59:06,2023-05-12 07:12:03.336,Within SLA,2023-05-13 20:25:54.939,Within SLA,2023-05-19 00:28:36.111,1,3.0,Training and Consulting Services,Tier 1,Greece,39.368279,21.863141,0.21592666666666668,37.4469275,False,False,False,Within SLA
Closed,2071,Medium,Email,Feature request,1st line support,Bernard Beckley,2023-05-12 14:29:08,2023-05-14 14:29:08,2023-05-12 15:29:08,2023-05-12 15:28:57.292,Within SLA,2023-05-12 22:22:36.043,Within SLA,2023-05-15 13:07:59.014,5,2.0,Other,Tier 1,Germany,51.165691,10.451526,0.9970255555555555,7.891123055555556,False,False,False,Within SLA
Closed,2072,High,Email,Other,2nd line support,Adolpho Messingham,2023-05-12 04:35:31,2023-05-14 04:35:31,2023-05-12 05:35:31,2023-05-12 11:43:55.116,SLA Violated,2023-05-14 04:16:55.736,Within SLA,2023-05-18 19:50:49.099,2,5.0,Ready to use Software,Tier 2,Slovenia,46.1491664,14.9860106,7.140032222222223,47.69020444444445,False,False,False,Within SLA
Closed,2073,Medium,Phone,Pricing and licensing,1st line support,Sheela Cutten,2023-05-12 11:55:15,2023-05-14 11:55:15,2023-05-12 11:57:15,2023-05-12 11:56:57.229,Within SLA,2023-05-13 06:14:04.007,Within SLA,2023-05-17 11:57:22.626,6,5.0,Ready to use Software,Tier 1,Italy,43.036776,12.678565,0.028396944444444443,18.313613055555553,False,False,False,Within SLA
Closed,2074,Low,Chat,Product setup,1st line support,Bernard Beckley,2023-05-12 19:05:07,2023-05-13 19:05:07,2023-05-12 19:07:07,2023-05-12 19:06:05.866,Within SLA,2023-05-12 19:26:29.322,Within SLA,2023-05-17 22:22:44.909,6,5.0,Custom software development,Tier 1,Poland,52.536273,19.050639,0.016351666666666667,0.3562005555555555,False,False,False,Within SLA
Resolved,2075,Low,Phone,Feature request,1st line support,Sheela Cutten,2023-05-12 06:29:46,2023-05-14 06:29:46,2023-05-12 06:31:46,2023-05-12 06:32:04.606,SLA Violated,2023-05-12 19:20:42.894,Within SLA,,2,,Other,Tier 1,Republic of Ireland,53.094024,-8.019675,0.03850166666666666,12.849137222222222,False,False,False,Within SLA
Resolved,2076,Medium,Phone,Feature request,2nd line support,Heather Urry,2023-05-12 15:03:27,2023-05-14 15:03:27,2023-05-12 15:05:27,2023-05-12 15:05:02.114,Within SLA,2023-05-14 02:14:54.840,Within SLA,,4,,Ready to use Software,Tier 2,Germany,51.165691,10.451526,0.026420555555555558,35.191066666666664,False,False,False,Within SLA
In progress,2077,Low,Phone,Other,1st line support,Nicola Wane,2023-05-12 20:05:30,2023-05-14 20:05:30,2023-05-12 20:07:30,2023-05-12 20:05:59.057,Within SLA,,SLA Violated,,1,,Custom software development,Tier 1,Austria,47.6964719,13.3457347,0.008071388888888888,,False,False,True,
Resolved,2078,Low,Chat,Feature request,1st line support,Kristos Westoll,2023-05-13 02:46:34,2023-05-14 02:46:34,2023-05-13 02:48:34,2023-05-13 02:48:24.070,Within SLA,2023-05-13 13:28:03.905,Within SLA,,6,,Custom software development,Tier 1,Italy,43.036776,12.678565,0.030574999999999998,10.691640277777777,False,False,False,Within SLA
Closed,2079,Medium,Email,Pricing and licensing,2nd line support,Heather Urry,2023-05-13 08:43:04,2023-05-15 08:43:04,2023-05-13 09:43:04,2023-05-13 09:24:35.982,Within SLA,2023-05-14 04:08:00.352,Within SLA,2023-05-19 18:40:24.604,6,2.0,Custom software development,Tier 2,Republic of Ireland,53.094024,-8.019675,0.6922172222222223,19.41565333333333,False,False,False,Within SLA
Closed,2080,Medium,Email,Purchasing and invoicing,1st line support,Bernard Beckley,2023-05-13 05:51:33,2023-05-15 05:51:33,2023-05-13 06:51:33,2023-05-13 06:37:53.206,Within SLA,2023-05-14 03:27:24.795,Within SLA,2023-05-15 20:37:24.205,8,1.0,Other,Tier 1,France,48.864716,2.349014,0.7722794444444445,21.597720833333334,False,False,False,Within SLA
Closed,2081,Medium,Phone,Other,1st line support,Connor Danielovitch,2023-05-13 05:21:54,2023-05-15 05:21:54,2023-05-13 05:23:54,2023-05-13 05:22:36.532,Within SLA,2023-05-14 06:11:29.428,Within SLA,2023-05-17 08:58:41.127,1,4.0,Ready to use Software,Tier 1,Bulgaria,42.7249925,25.4833039,0.011814444444444443,24.826507777777778,False,False,False,Within SLA
Resolved,2082,High,Email,Pricing and licensing,1st line support,Nicola Wane,2023-05-13 19:26:09,2023-05-15 19:26:09,2023-05-13 20:26:09,2023-05-13 20:02:43.980,Within SLA,2023-05-14 01:20:56.997,Within SLA,,5,,Ready to use Software,Tier 1,Germany,51.165691,10.451526,0.6097166666666667,5.9133325,False,False,False,Within SLA
Closed,2098,Low,Chat,Product setup,1st line support,Nicola Wane,2023-05-14 07:00:55,2023-05-15 07:00:55,2023-05-14 07:02:55,2023-05-14 07:05:25.195,SLA Violated,2023-05-14 22:24:32.608,Within SLA,2023-05-16 17:36:53.922,4,3.0,Ready to use Software,Tier 1,France,48.864716,2.349014,0.07505416666666666,15.39378,False,False,False,Within SLA
Closed,2099,Low,Chat,Product setup,2nd line support,Adolpho Messingham,2023-05-14 20:14:21,2023-05-15 20:14:21,2023-05-14 20:16:21,2023-05-14 20:15:57.308,Within SLA,2023-05-14 22:28:57.772,Within SLA,2023-05-18 02:09:46.952,6,4.0,Custom software development,Tier 2,Austria,47.6964719,13.3457347,0.026752222222222226,2.2435477777777777,False,False,False,Within SLA
Closed,2100,Medium,Chat,Product setup,1st line support,Connor Danielovitch,2023-05-14 10:45:06,2023-05-15 10:45:06,2023-05-14 10:47:06,2023-05-14 10:46:34.433,Within SLA,2023-05-14 22:29:27.453,Within SLA,2023-05-17 15:59:08.430,4,4.0,Other,Tier 1,Germany,51.165691,10.451526,0.024564722222222224,11.739292500000001,False,False,False,Within SLA
In progress,2101,High,Phone,Purchasing and invoicing,2nd line support,Heather Urry,2023-05-14 08:14:16,2023-05-16 08:14:16,2023-05-14 08:16:16,2023-05-14 08:14:46.756,Within SLA,,SLA Violated,,3,,Ready to use Software,Tier 2,France,48.864716,2.349014,0.008543333333333333,,False,False,True,
In progress,2102,High,Phone,Product setup,2nd line support,Adolpho Messingham,2023-05-15 01:57:53,2023-05-17 01:57:53,2023-05-15 01:59:53,2023-05-15 02:01:46.073,SLA Violated,,SLA Violated,,1,,Ready to use Software,Tier 2,Germany,51.165691,10.451526,0.06474250000000001,,False,False,True,
Resolved,2103,Medium,Chat,Feature request,1st line support,Kristos Westoll,2023-05-15 03:43:26,2023-05-16 03:43:26,2023-05-15 03:45:26,2023-05-15 03:44:45.515,Within SLA,2023-05-15 07:37:48.997,Within SLA,,3,,Custom software development,Tier 1,Poland,52.536273,19.050639,0.0220875,3.9063880555555555,False,False,False,Within SLA
Closed,2104,Low,Email,Purchasing and invoicing,1st line support,Connor Danielovitch,2023-05-15 12:26:38,2023-05-17 12:26:38,2023-05-15 13:26:38,2023-05-15 13:23:57.995,Within SLA,2023-05-17 03:21:21.865,Within SLA,2023-05-22 05:05:17.071,2,5.0,Training and Consulting Services,Tier 1,Bulgaria,42.7249925,25.4833039,0.9555541666666666,38.91218472222222,False,False,False,Within SLA
Resolved,2105,Medium,Chat,Product setup,1st line support,Nicola Wane,2023-05-15 16:01:57,2023-05-16 16:01:57,2023-05-15 16:03:57,2023-05-15 16:02:19.660,Within SLA,2023-05-16 05:45:17.104,Within SLA,,5,,Training and Consulting Services,Tier 1,United Kingdom,55.378052,-3.435973,0.0062944444444444445,13.722251111111111,False,False,False,Within SLA
Resolved,2106,Low,Email,Pricing and licensing,1st line support,Bernard Beckley,2023-05-15 23:05:02,2023-05-17 23:05:02,2023-05-16 00:05:02,2023-05-15 23:10:32.153,Within SLA,2023-05-20 10:53:53.323,SLA Violated,,2,,Ready to use Software,Tier 1,Austria,47.6964719,13.3457347,0.09170916666666667,107.81425638888888,False,False,False,SLA Violated
Closed,2107,Medium,Email,Product setup,1st line support,Bernard Beckley,2023-05-15 19:19:14,2023-05-17 19:19:14,2023-05-15 20:19:14,2023-05-15 19:38:15.768,Within SLA,2023-05-21 14:45:59.006,SLA Violated,2023-05-21 20:05:18.878,2,4.0,Ready to use Software,Tier 1,Greece,39.368279,21.863141,0.31715777777777776,139.445835,False,False,False,SLA Violated
Closed,2108,High,Chat,Feature request,1st line support,Connor Danielovitch,2023-05-15 15:39:38,2023-05-16 15:39:38,2023-05-15 15:41:38,2023-05-15 15:40:37.682,Within SLA,2023-05-16 07:03:48.967,Within SLA,2023-05-20 03:56:32.959,9,4.0,Ready to use Software,Tier 1,Austria,47.6964719,13.3457347,0.016578333333333334,15.403046388888889,False,False,False,Within SLA
Resolved,2109,Medium,Chat,Purchasing and invoicing,1st line support,Nicola Wane,2023-05-15 16:04:49,2023-05-16 16:04:49,2023-05-15 16:06:49,2023-05-15 16:05:08.583,Within SLA,2023-05-16 05:20:20.273,Within SLA,,4,,Ready to use Software,Tier 1,Bulgaria,42.7249925,25.4833039,0.005439722222222222,13.258686944444445,False,False,False,Within SLA
In progress,2110,Low,Email,Feature request,1st line support,Sheela Cutten,2023-05-16 18:30:30,2023-05-18 18:30:30,2023-05-16 19:30:30,2023-05-16 19:24:04.137,Within SLA,,SLA Violated,,1,,Custom software development,Tier 1,Italy,43.036776,12.678565,0.8928158333333334,,False,False,True,
Resolved,2111,Low,Email,Pricing and licensing,1st line support,Bernard Beckley,2023-05-16 10:50:40,2023-05-18 10:50:40,2023-05-16 11:50:40,2023-05-16 11:21:54.186,Within SLA,2023-05-17 08:13:44.902,Within SLA,,8,,Ready to use Software,Tier 1,Greece,39.368279,21.863141,0.5206072222222222,21.384695,False,False,False,Within SLA
Closed,2112,Low,Chat,Product setup,1st line support,Sheela Cutten,2023-05-16 07:04:29,2023-05-17 07:04:29,2023-05-16 07:06:29,2023-05-16 07:05:52.092,Within SLA,2023-05-16 23:28:03.701,Within SLA,2023-05-20 00:12:06.972,5,4.0,Custom software development,Tier 1,Germany,51.165691,10.451526,0.02308111111111111,16.3929725,False,False,False,Within SLA
Closed,2113,Low,Chat,Product setup,1st line support,Sheela Cutten,2023-05-16 19:50:27,2023-05-17 19:50:27,2023-05-16 19:52:27,2023-05-16 19:52:12.842,Within SLA,2023-05-17 06:41:44.548,Within SLA,2023-05-21 23:08:04.531,6,4.0,Other,Tier 1,Italy,43.036776,12.678565,0.029400555555555555,10.854874444444444,False,False,False,Within SLA
Closed,2114,Low,Chat,Pricing and licensing,2nd line support,Adolpho Messingham,2023-05-16 05:34:49,2023-05-17 05:34:49,2023-05-16 05:36:49,2023-05-16 05:35:43.410,Within SLA,2023-05-21 20:32:28.700,SLA Violated,2023-05-23 19:59:02.103,4,3.0,Custom software development,Tier 2,Austria,47.6964719,13.3457347,0.015113888888888889,134.9610277777778,False,False,False,SLA Violated
Closed,2115,Low,Chat,Product setup,1st line support,Connor Danielovitch,2023-05-16 20:33:58,2023-05-17 20:33:58,2023-05-16 20:35:58,2023-05-16 20:34:38.292,Within SLA,2023-05-17 08:39:00.966,Within SLA,2023-05-20 18:40:34.701,6,4.0,Ready to use Software,Tier 1,Bulgaria,42.7249925,25.4833039,0.011192222222222223,12.084157222222222,False,False,False,Within SLA
Closed,2117,Medium,Chat,Product setup,2nd line support,Michele Whyatt,2023-05-16 00:32:51,2023-05-17 00:32:51,2023-05-16 00:34:51,2023-05-16 00:35:09.642,SLA Violated,2023-05-16 02:56:44.490,Within SLA,2023-05-19 00:41:34.497,6,3.0,Custom software development,Tier 2,Italy,43.036776,12.678565,0.038511666666666666,2.3981916666666665,False,False,False,Within SLA
Closed,2118,Medium,Chat,Feature request,1st line support,Nicola Wane,2023-05-16 20:59:57,2023-05-17 20:59:57,2023-05-16 21:01:57,2023-05-16 21:00:20.046,Within SLA,2023-05-17 07:42:31.231,Within SLA,2023-05-19 12:57:54.594,5,1.0,Custom software development,Tier 1,Germany,51.165691,10.451526,0.006401666666666667,10.709508611111112,False,False,False,Within SLA
Closed,2120,Low,Chat,Bug report,1st line support,Bernard Beckley,2023-05-17 04:10:13,2023-05-18 04:10:13,2023-05-17 04:12:13,2023-05-17 04:15:02.102,SLA Violated,2023-05-18 03:01:22.613,Within SLA,2023-05-22 22:29:27.089,6,3.0,Ready to use Software,Tier 1,Italy,43.036776,12.678565,0.0803061111111111,22.852670277777776,False,False,False,Within SLA
In progress,2121,Low,Phone,Purchasing and invoicing,2nd line support,Heather Urry,2023-05-17 20:17:37,2023-05-19 20:17:37,2023-05-17 20:19:37,2023-05-17 20:19:28.696,Within SLA,,SLA Violated,,3,,Training and Consulting Services,Tier 2,France,48.864716,2.349014,0.031026666666666668,,False,False,True,
In progress,2122,Medium,Email,Product setup,1st line support,Nicola Wane,2023-05-17 01:38:33,2023-05-19 01:38:33,2023-05-17 02:38:33,2023-05-17 02:33:38.545,Within SLA,,SLA Violated,,1,,Training and Consulting Services,Tier 1,Germany,51.165691,10.451526,0.9182069444444445,,False,False,True,
Resolved,2123,High,Chat,Bug report,2nd line support,Adolpho Messingham,2023-05-17 06:42:41,2023-05-18 06:42:41,2023-05-17 06:44:41,2023-05-17 06:43:19.369,Within SLA,2023-05-17 10:34:55.518,Within SLA,,8,,Ready to use Software,Tier 2,Austria,47.6964719,13.3457347,0.010658055555555556,3.8706994444444445,False,False,False,Within SLA
Closed,2124,High,Chat,Bug report,1st line support,Nicola Wane,2023-05-17 11:46:25,2023-05-18 11:46:25,2023-05-17 11:48:25,2023-05-17 11:47:00.455,Within SLA,2023-05-18 03:28:01.201,Within SLA,2023-05-21 11:41:57.196,4,3.0,Ready to use Software,Tier 1,Germany,51.165691,10.451526,0.00984861111111111,15.693389166666666,False,False,False,Within SLA
Closed,2125,Low,Email,Product setup,1st line support,Bernard Beckley,2023-05-17 03:05:58,2023-05-19 03:05:58,2023-05-17 04:05:58,2023-05-17 08:07:55.396,SLA Violated,2023-05-18 00:58:50.982,Within SLA,2023-05-19 23:07:27.813,7,3.0,Custom software development,Tier 1,United Kingdom,55.378052,-3.435973,5.03261,21.88138388888889,False,False,False,Within SLA
In progress,2126,Medium,Email,Bug report,2nd line support,Michele Whyatt,2023-05-17 02:54:50,2023-05-19 02:54:50,2023-05-17 03:54:50,2023-05-17 03:40:38.654,Within SLA,,SLA Violated,,7,,Training and Consulting Services,Tier 2,Poland,52.536273,19.050639,0.7635149999999999,,False,False,True,
In progress,2127,Medium,Chat,Purchasing and invoicing,1st line support,Nicola Wane,2023-05-17 22:19:04,2023-05-18 22:19:04,2023-05-17 22:21:04,2023-05-17 22:20:08.704,Within SLA,,SLA Violated,,4,,Ready to use Software,Tier 1,France,48.864716,2.349014,0.01797333333333333,,False,False,True,
Closed,2128,Low,Email,Other,1st line support,Kristos Westoll,2023-05-17 01:39:16,2023-05-19 01:39:16,2023-05-17 02:39:16,2023-05-17 02:15:01.010,Within SLA,2023-05-18 11:59:55.253,Within SLA,2023-05-23 14:58:54.153,7,5.0,Ready to use Software,Tier 1,Bulgaria,42.7249925,25.4833039,0.5958361111111111,34.34423694444445,False,False,False,Within SLA
Closed,2129,Medium,Email,Pricing and licensing,1st line support,Sheela Cutten,2023-05-17 13:35:55,2023-05-19 13:35:55,2023-05-17 14:35:55,2023-05-17 14:33:24.871,Within SLA,2023-05-18 10:10:58.744,Within SLA,2023-05-23 22:33:49.608,9,5.0,Ready to use Software,Tier 1,Spain,39.67337,-4.767726,0.9582975,20.584373333333335,False,False,False,Within SLA
Resolved,2130,Low,Email,Product setup,2nd line support,Michele Whyatt,2023-05-17 08:56:49,2023-05-19 08:56:49,2023-05-17 09:56:49,2023-05-17 09:19:21.687,Within SLA,2023-05-18 14:39:36.121,Within SLA,,2,,Other,Tier 2,Greece,39.368279,21.863141,0.37574638888888884,29.713089166666666,False,False,False,Within SLA
Closed,2131,Low,Email,Feature request,2nd line support,Michele Whyatt,2023-05-17 18:09:46,2023-05-19 18:09:46,2023-05-17 19:09:46,2023-05-17 18:21:38.421,Within SLA,2023-05-19 10:51:49.899,Within SLA,2023-05-23 08:34:33.353,1,4.0,Ready to use Software,Tier 2,Italy,43.036776,12.678565,0.19789472222222224,40.70108305555556,False,False,False,Within SLA
Closed,2132,Low,Chat,Product setup,1st line support,Connor Danielovitch,2023-05-17 20:47:12,2023-05-18 20:47:12,2023-05-17 20:49:12,2023-05-17 20:48:07.824,Within SLA,2023-05-18 07:36:24.374,Within SLA,2023-05-20 23:13:04.985,4,3.0,Other,Tier 1,Bulgaria,42.7249925,25.4833039,0.015506666666666667,10.82010388888889,False,False,False,Within SLA
Closed,2133,Low,Email,Pricing and licensing,2nd line support,Adolpho Messingham,2023-05-18 04:35:32,2023-05-20 04:35:32,2023-05-18 05:35:32,2023-05-18 04:43:06.769,Within SLA,2023-05-19 14:33:32.406,Within SLA,2023-05-21 02:53:00.644,5,5.0,Training and Consulting Services,Tier 2,France,48.864716,2.349014,0.1263247222222222,33.96677944444445,False,False,False,Within SLA
In progress,2134,Low,Chat,Bug report,1st line support,Connor Danielovitch,2023-05-18 02:59:48,2023-05-19 02:59:48,2023-05-18 03:01:48,2023-05-18 03:00:05.542,Within SLA,,SLA Violated,,4,,Ready to use Software,Tier 1,Poland,52.536273,19.050639,0.004872777777777778,,False,False,True,
Resolved,2135,Low,Phone,Feature request,1st line support,Kristos Westoll,2023-05-18 05:54:00,2023-05-20 05:54:00,2023-05-18 05:56:00,2023-05-17 20:19:49.433,Within SLA,2023-05-23 16:55:35.103,SLA Violated,,1,,Ready to use Software,Tier 1,Austria,47.6964719,13.3457347,,131.0264175,True,False,False,SLA Violated
Closed,2136,Low,Chat,Product setup,2nd line support,Heather Urry,2023-05-18 14:04:54,2023-05-19 14:04:54,2023-05-18 14:06:54,2023-05-18 14:05:26.687,Within SLA,2023-05-19 12:01:01.431,Within SLA,2023-05-22 15:21:10.897,4,2.0,Ready to use Software,Tier 2,France,48.864716,2.349014,0.009079722222222222,21.9353975,False,False,False,Within SLA
Resolved,2137,High,Email,Product setup,1st line support,Connor Danielovitch,2023-05-18 06:09:03,2023-05-20 06:09:03,2023-05-18 07:09:03,2023-05-18 06:37:49.264,Within SLA,2023-05-19 00:26:29.776,Within SLA,,2,,Other,Tier 1,Bulgaria,42.7249925,25.4833039,0.47951777777777777,18.29077111111111,False,False,False,Within SLA
Resolved,2138,Low,Chat,Other,1st line support,Sheela Cutten,2023-05-18 01:02:52,2023-05-19 01:02:52,2023-05-18 01:04:52,2023-05-18 01:05:48.337,SLA Violated,2023-05-18 09:21:08.113,Within SLA,,6,,Training and Consulting Services,Tier 1,Republic of Ireland,53.094024,-8.019675,0.0489825,8.304475833333333,False,False,False,Within SLA
Resolved,2139,Medium,Email,Purchasing and invoicing,1st line support,Bernard Beckley,2023-05-18 00:56:39,2023-05-20 00:56:39,2023-05-18 01:56:39,2023-05-18 00:57:18.036,Within SLA,2023-05-18 11:58:12.600,Within SLA,,1,,Ready to use Software,Tier 1,France,48.864716,2.349014,0.010843333333333333,11.026,False,False,False,Within SLA
Closed,2140,High,Chat,Feature request,2nd line support,Michele Whyatt,2023-05-19 09:18:12,2023-05-20 09:18:12,2023-05-19 09:20:12,2023-05-19 09:19:27.975,Within SLA,2023-05-19 12:22:54.246,Within SLA,2023-05-21 02:59:57.500,4,2.0,Ready to use Software,Tier 2,Italy,43.036776,12.678565,0.021104166666666663,3.0784016666666663,False,False,False,Within SLA
Closed,2141,Low,Chat,Feature request,2nd line support,Adolpho Messingham,2023-05-19 09:21:45,2023-05-20 09:21:45,2023-05-19 09:23:45,2023-05-19 09:21:48.462,Within SLA,2023-05-19 22:06:51.869,Within SLA,2023-05-25 16:23:30.373,6,2.0,Ready to use Software,Tier 2,France,48.864716,2.349014,0.0009616666666666668,12.751908055555555,False,False,False,Within SLA
Resolved,2142,Medium,Email,Pricing and licensing,1st line support,Connor Danielovitch,2023-05-19 20:11:47,2023-05-21 20:11:47,2023-05-19 21:11:47,2023-05-19 20:32:06.213,Within SLA,2023-05-20 01:08:23.609,Within SLA,,3,,Custom software development,Tier 1,Spain,39.67337,-4.767726,0.33867027777777775,4.9435025,False,False,False,Within SLA
Closed,2143,Medium,Email,Bug report,1st line support,Sheela Cutten,2023-05-19 18:13:22,2023-05-21 18:13:22,2023-05-19 19:13:22,2023-05-19 19:04:58.632,Within SLA,2023-05-20 00:22:52.219,Within SLA,2023-05-24 01:14:10.751,5,2.0,Ready to use Software,Tier 1,United Kingdom,55.378052,-3.435973,0.8601755555555556,6.158394166666667,False,False,False,Within SLA
Closed,2144,Low,Email,Feature request,1st line support,Connor Danielovitch,2023-05-19 22:25:42,2023-05-21 22:25:42,2023-05-19 23:25:42,2023-05-20 01:02:38.519,SLA Violated,2023-05-20 02:35:07.862,Within SLA,2023-05-24 05:30:16.069,1,5.0,Ready to use Software,Tier 1,Germany,51.165691,10.451526,2.6156997222222222,4.157183888888889,False,False,False,Within SLA
Resolved,2145,Medium,Chat,Product setup,2nd line support,Michele Whyatt,2023-05-19 22:52:07,2023-05-20 22:52:07,2023-05-19 22:54:07,2023-05-19 22:52:38.824,Within SLA,2023-05-20 02:27:12.927,Within SLA,,3,,Ready to use Software,Tier 2,Italy,43.036776,12.678565,0.00884,3.584979722222222,False,False,False,Within SLA
In progress,2146,Low,Email,Feature request,1st line support,Sheela Cutten,2023-05-19 10:51:14,2023-05-21 10:51:14,2023-05-19 11:51:14,2023-05-19 11:07:04.989,Within SLA,,SLA Violated,,1,,Custom software development,Tier 1,United Kingdom,55.378052,-3.435973,0.26416361111111114,,False,False,True,
Resolved,2147,High,Email,Feature request,1st line support,Sheela Cutten,2023-05-20 00:38:09,2023-05-22 00:38:09,2023-05-20 01:38:09,2023-05-20 00:39:13.511,Within SLA,2023-05-21 16:59:32.120,Within SLA,,6,,Other,Tier 1,Germany,51.165691,10.451526,0.017919722222222222,40.35642222222222,False,False,False,Within SLA
Resolved,2151,Low,Email,Feature request,1st line support,Nicola Wane,2023-05-20 14:53:34,2023-05-22 14:53:34,2023-05-20 15:53:34,2023-05-20 15:45:13.328,Within SLA,2023-05-22 06:02:24.761,Within SLA,,6,,Ready to use Software,Tier 1,Greece,39.368279,21.863141,0.8609244444444445,39.14743361111111,False,False,False,Within SLA
In progress,2152,Low,Chat,Product setup,1st line support,Connor Danielovitch,2023-05-20 04:03:32,2023-05-21 04:03:32,2023-05-20 04:05:32,2023-05-20 04:05:33.227,SLA Violated,,SLA Violated,,3,,Ready to use Software,Tier 1,Spain,39.67337,-4.767726,0.033674166666666665,,False,False,True,
Resolved,2153,Low,Phone,Purchasing and invoicing,1st line support,Connor Danielovitch,2023-05-20 15:44:42,2023-05-22 15:44:42,2023-05-20 15:46:42,2023-05-20 15:45:10.501,Within SLA,2023-05-21 08:59:17.168,Within SLA,,6,,Ready to use Software,Tier 1,Greece,39.368279,21.863141,0.007916944444444445,17.243102222222223,False,False,False,Within SLA
In progress,2154,Medium,Email,Product setup,1st line support,Sheela Cutten,2023-05-21 10:36:31,2023-05-23 10:36:31,2023-05-21 11:36:31,2023-05-21 11:15:04.117,Within SLA,,SLA Violated,,1,,Custom software development,Tier 1,Austria,47.6964719,13.3457347,0.6425325000000001,,False,False,True,
Closed,2155,High,Email,Other,1st line support,Bernard Beckley,2023-05-21 07:27:31,2023-05-23 07:27:31,2023-05-21 08:27:31,2023-05-21 08:13:51.872,Within SLA,2023-05-23 00:09:51.154,Within SLA,2023-05-23 14:44:52.583,6,2.0,Training and Consulting Services,Tier 1,Republic of Ireland,53.094024,-8.019675,0.7724644444444444,40.705598333333334,False,False,False,Within SLA
Resolved,2156,Medium,Phone,Product setup,1st line support,Bernard Beckley,2023-05-21 20:41:47,2023-05-23 20:41:47,2023-05-21 20:43:47,2023-05-21 20:41:58.801,Within SLA,2023-05-23 04:34:37.931,Within SLA,,2,,Custom software development,Tier 1,France,48.864716,2.349014,0.0032780555555555558,31.880814166666667,False,False,False,Within SLA
Closed,2161,Medium,Phone,Product setup,2nd line support,Heather Urry,2023-05-22 16:48:25,2023-05-24 16:48:25,2023-05-22 16:50:25,2023-05-22 16:52:45.025,SLA Violated,2023-05-23 05:47:42.167,Within SLA,2023-05-25 17:34:10.715,6,3.0,Other,Tier 2,Republic of Ireland,53.094024,-8.019675,0.07222916666666666,12.988101944444445,False,False,False,Within SLA
Resolved,2162,Medium,Email,Bug report,1st line support,Nicola Wane,2023-05-22 05:23:12,2023-05-24 05:23:12,2023-05-22 06:23:12,2023-05-22 05:46:22.205,Within SLA,2023-05-23 03:27:42.818,Within SLA,,1,,Ready to use Software,Tier 1,Poland,52.536273,19.050639,0.38616805555555556,22.07522722222222,False,False,False,Within SLA
Resolved,2163,Medium,Email,Product setup,1st line support,Sheela Cutten,2023-05-22 18:39:02,2023-05-24 18:39:02,2023-05-22 19:39:02,2023-05-22 19:16:38.465,Within SLA,2023-05-22 23:56:24.080,Within SLA,,9,,Training and Consulting Services,Tier 1,United Kingdom,55.378052,-3.435973,0.6267958333333333,5.289466666666667,False,False,False,Within SLA
Resolved,2164,High,Email,Bug report,1st line support,Kristos Westoll,2023-05-22 21:17:37,2023-05-24 21:17:37,2023-05-22 22:17:37,2023-05-22 21:22:05.286,Within SLA,2023-05-23 08:17:12.298,Within SLA,,1,,Custom software development,Tier 1,Poland,52.536273,19.050639,0.07452388888888889,10.993138333333334,False,False,False,Within SLA
Closed,2165,Low,Phone,Pricing and licensing,2nd line support,Heather Urry,2023-05-22 11:49:12,2023-05-24 11:49:12,2023-05-22 11:51:12,2023-05-22 11:50:03.392,Within SLA,2023-05-22 20:54:06.182,Within SLA,2023-05-29 21:17:35.675,1,3.0,Ready to use Software,Tier 2,Greece,39.368279,21.863141,0.014275555555555557,9.081717222222222,False,False,False,Within SLA
Resolved,2166,Medium,Phone,Bug report,2nd line support,Heather Urry,2023-05-22 18:21:23,2023-05-24 18:21:23,2023-05-22 18:23:23,2023-05-22 18:22:00.161,Within SLA,2023-05-24 02:44:48.164,Within SLA,,3,,Training and Consulting Services,Tier 2,Austria,47.6964719,13.3457347,0.0103225,32.390323333333335,False,False,False,Within SLA
In progress,2167,Low,Chat,Pricing and licensing,1st line support,Sheela Cutten,2023-05-22 03:46:21,2023-05-23 03:46:21,2023-05-22 03:48:21,2023-05-22 03:47:42.098,Within SLA,,SLA Violated,,6,,Ready to use Software,Tier 1,France,48.864716,2.349014,0.022527222222222223,,False,False,True,
Resolved,2168,Medium,Phone,Pricing and licensing,1st line support,Nicola Wane,2023-05-22 07:29:34,2023-05-24 07:29:34,2023-05-22 07:31:34,2023-05-22 07:29:56.874,Within SLA,2023-05-23 22:50:45.339,Within SLA,,4,,Ready to use Software,Tier 1,Greece,39.368279,21.863141,0.006353888888888889,39.35314972222223,False,False,False,Within SLA
Closed,2169,Medium,Email,Purchasing and invoicing,2nd line support,Heather Urry,2023-05-22 12:09:17,2023-05-24 12:09:17,2023-05-22 13:09:17,2023-05-22 13:03:43.624,Within SLA,2023-05-23 05:41:09.433,Within SLA,2023-05-28 06:54:22.059,3,4.0,Training and Consulting Services,Tier 2,Republic of Ireland,53.094024,-8.019675,0.9073955555555555,17.531231388888887,False,False,False,Within SLA
Resolved,2170,Low,Email,Feature request,1st line support,Sheela Cutten,2023-05-22 10:26:47,2023-05-24 10:26:47,2023-05-22 11:26:47,2023-05-22 11:00:10.982,Within SLA,2023-05-23 22:49:45.231,Within SLA,,8,,Other,Tier 1,Spain,39.67337,-4.767726,0.5566616666666666,36.38284194444444,False,False,False,Within SLA
In progress,2171,Low,Email,Bug report,1st line support,Kristos Westoll,2023-05-22 09:23:54,2023-05-24 09:23:54,2023-05-22 10:23:54,2023-05-22 10:18:02.719,Within SLA,,SLA Violated,,1,,Ready to use Software,Tier 1,France,48.864716,2.349014,0.9024219444444445,,False,False,True,
Closed,2172,Low,Chat,Other,1st line support,Nicola Wane,2023-05-22 15:13:22,2023-05-23 15:13:22,2023-05-22 15:15:22,2023-05-22 15:14:14.795,Within SLA,2023-05-23 04:29:23.186,Within SLA,2023-05-26 02:02:06.883,4,2.0,Custom software development,Tier 1,Italy,43.036776,12.678565,0.014665277777777779,13.266996111111112,False,False,False,Within SLA
Closed,2173,Medium,Email,Pricing and licensing,1st line support,Kristos Westoll,2023-05-22 20:37:08,2023-05-24 20:37:08,2023-05-22 21:37:08,2023-05-22 21:21:46.938,Within SLA,2023-05-27 22:37:21.168,SLA Violated,2023-05-29 06:12:47.136,2,4.0,Other,Tier 1,Germany,51.165691,10.451526,0.7441494444444444,122.00365777777778,False,False,False,SLA Violated
In progress,2174,Medium,Email,Pricing and licensing,2nd line support,Adolpho Messingham,2023-05-22 01:35:36,2023-05-24 01:35:36,2023-05-22 02:35:36,2023-05-22 02:05:01.994,Within SLA,,SLA Violated,,10,,Ready to use Software,Tier 2,Slovenia,46.1491664,14.9860106,0.49055388888888884,,False,False,True,
Closed,2175,Low,Email,Pricing and licensing,1st line support,Bernard Beckley,2023-05-22 04:58:52,2023-05-24 04:58:52,2023-05-22 05:58:52,2023-05-22 05:11:08.677,Within SLA,2023-05-28 07:49:39.981,SLA Violated,2023-05-28 00:51:19.704,2,3.0,Training and Consulting Services,Tier 1,United Kingdom,55.378052,-3.435973,0.2046325,146.8466613888889,False,False,False,SLA Violated
Closed,2176,Medium,Chat,Training request,1st line support,Kristos Westoll,2023-05-23 22:40:09,2023-05-24 22:40:09,2023-05-23 22:42:09,2023-05-23 22:40:15.470,Within SLA,2023-05-24 00:35:47.711,Within SLA,2023-05-30 01:50:59.629,6,2.0,Training and Consulting Services,Tier 1,France,48.864716,2.349014,0.0017972222222222222,1.9274197222222222,False,False,False,Within SLA
Closed,2177,Medium,Chat,Pricing and licensing,1st line support,Sheela Cutten,2023-05-23 05:53:45,2023-05-24 05:53:45,2023-05-23 05:55:45,2023-05-23 05:55:37.983,Within SLA,2023-05-23 09:42:37.108,Within SLA,2023-05-27 07:39:39.441,8,3.0,Training and Consulting Services,Tier 1,United Kingdom,55.378052,-3.435973,0.031384166666666664,3.8144744444444445,False,False,False,Within SLA
Closed,2178,Low,Email,Product setup,1st line support,Connor Danielovitch,2023-05-23 00:49:48,2023-05-25 00:49:48,2023-05-23 01:49:48,2023-05-23 06:19:20.063,SLA Violated,2023-05-23 02:38:22.573,Within SLA,2023-05-26 21:17:43.611,5,4.0,Training and Consulting Services,Tier 1,United Kingdom,55.378052,-3.435973,5.492239722222222,1.8096036111111111,False,False,False,Within SLA
Closed,2179,Medium,Email,Product setup,1st line support,Connor Danielovitch,2023-05-23 11:32:40,2023-05-25 11:32:40,2023-05-23 12:32:40,2023-05-23 12:30:20.067,Within SLA,2023-05-25 01:58:51.425,Within SLA,2023-05-25 19:30:42.427,1,5.0,Other,Tier 1,Germany,51.165691,10.451526,0.9611297222222223,38.43650694444444,False,False,False,Within SLA
Closed,2180,High,Email,Product setup,1st line support,Sheela Cutten,2023-05-23 06:23:44,2023-05-25 06:23:44,2023-05-23 07:23:44,2023-05-23 07:17:06.855,Within SLA,2023-05-23 07:57:24.631,Within SLA,2023-05-26 19:57:12.185,6,3.0,Custom software development,Tier 1,Germany,51.165691,10.451526,0.8896819444444445,1.561286388888889,False,False,False,Within SLA
In progress,2183,Medium,Email,Feature request,2nd line support,Michele Whyatt,2023-05-23 02:47:45,2023-05-25 02:47:45,2023-05-23 03:47:45,2023-05-23 03:39:33.400,Within SLA,,SLA Violated,,1,,Custom software development,Tier 2,Republic of Ireland,53.094024,-8.019675,0.8634444444444445,,False,False,True,
Resolved,2184,High,Email,Product setup,1st line support,Bernard Beckley,2023-05-24 03:30:28,2023-05-26 03:30:28,2023-05-24 04:30:28,2023-05-24 03:50:07.481,Within SLA,2023-05-25 07:54:57.901,Within SLA,,9,,Training and Consulting Services,Tier 1,Bulgaria,42.7249925,25.4833039,0.3276336111111111,28.408305833333333,False,False,False,Within SLA
Resolved,2185,Low,Chat,Product setup,1st line support,Connor Danielovitch,2023-05-24 07:40:10,2023-05-25 07:40:10,2023-05-24 07:42:10,2023-05-24 07:41:41.666,Within SLA,2023-05-25 14:51:04.298,SLA Violated,,4,,Ready to use Software,Tier 1,Poland,52.536273,19.050639,0.02546277777777778,31.181749444444442,False,False,False,SLA Violated
In progress,2186,Low,Chat,Feature request,2nd line support,Michele Whyatt,2023-05-24 21:59:19,2023-05-25 21:59:19,2023-05-24 22:01:19,2023-05-24 21:59:22.990,Within SLA,,SLA Violated,,6,,Ready to use Software,Tier 2,Slovenia,46.1491664,14.9860106,0.0011083333333333333,,False,False,True,
Closed,2188,High,Chat,Product setup,1st line support,Connor Danielovitch,2023-05-24 22:52:47,2023-05-25 22:52:47,2023-05-24 22:54:47,2023-05-24 22:52:47.112,Within SLA,2023-05-24 23:10:35.102,Within SLA,2023-05-30 19:17:18.764,3,3.0,Other,Tier 1,Germany,51.165691,10.451526,3.111111111111111e-05,0.29669500000000004,False,False,False,Within SLA
Closed,2189,Low,Chat,Pricing and licensing,1st line support,Kristos Westoll,2023-05-24 13:25:23,2023-05-25 13:25:23,2023-05-24 13:27:23,2023-05-24 13:26:57.213,Within SLA,2023-05-24 21:15:35.756,Within SLA,2023-05-30 00:06:24.941,4,2.0,Ready to use Software,Tier 1,Greece,39.368279,21.863141,0.026170277777777775,7.836876666666667,False,False,False,Within SLA
Closed,2190,Low,Email,Pricing and licensing,1st line support,Bernard Beckley,2023-05-24 01:25:21,2023-05-26 01:25:21,2023-05-24 02:25:21,2023-05-24 02:09:38.955,Within SLA,2023-05-25 21:42:39.849,Within SLA,2023-05-25 15:58:34.677,2,1.0,Other,Tier 1,Italy,43.036776,12.678565,0.7383208333333333,44.28856916666666,False,False,False,Within SLA
Resolved,2192,High,Email,Feature request,1st line support,Nicola Wane,2023-05-24 00:06:54,2023-05-26 00:06:54,2023-05-24 01:06:54,2023-05-24 00:10:27.276,Within SLA,2023-05-25 18:50:48.345,Within SLA,,10,,Custom software development,Tier 1,Poland,52.536273,19.050639,0.059243333333333335,42.7317625,False,False,False,Within SLA
Closed,2193,Medium,Chat,Purchasing and invoicing,1st line support,Nicola Wane,2023-05-24 05:42:39,2023-05-25 05:42:39,2023-05-24 05:44:39,2023-05-24 05:44:43.215,SLA Violated,2023-05-24 21:37:40.275,Within SLA,2023-05-29 18:48:13.192,4,2.0,Other,Tier 1,Czech Republic,49.8037633,15.4749126,0.03450416666666667,15.917020833333334,False,False,False,Within SLA
Resolved,2194,Medium,Chat,Pricing and licensing,2nd line support,Michele Whyatt,2023-05-25 00:10:39,2023-05-26 00:10:39,2023-05-25 00:12:39,2023-05-25 00:12:31.283,Within SLA,2023-05-25 04:12:14.273,Within SLA,,60,,Custom software development,Tier 2,Spain,39.67337,-4.767726,0.031189722222222223,4.026464722222222,False,True,False,Within SLA
Closed,2195,Low,Email,Feature request,1st line support,Bernard Beckley,2023-05-25 03:02:20,2023-05-27 03:02:20,2023-05-25 04:02:20,2023-05-25 03:44:37.942,Within SLA,2023-05-25 22:02:16.697,Within SLA,2023-05-30 01:50:52.452,2,5.0,Ready to use Software,Tier 1,Slovenia,46.1491664,14.9860106,0.7049838888888889,18.9990825,False,False,False,Within SLA
In progress,2196,Low,Chat,Bug report,1st line support,Kristos Westoll,2023-05-25 16:37:26,2023-05-26 16:37:26,2023-05-25 16:39:26,2023-05-25 16:37:51.868,Within SLA,,SLA Violated,,5,,Ready to use Software,Tier 1,Germany,51.165691,10.451526,0.007185555555555555,,False,False,True,
Resolved,2197,Low,Chat,Bug report,1st line support,Bernard Beckley,2023-05-25 23:58:35,2023-05-26 23:58:35,2023-05-26 00:00:35,2023-05-26 00:00:12.187,Within SLA,2023-05-26 10:27:20.952,Within SLA,,4,,Ready to use Software,Tier 1,Slovenia,46.1491664,14.9860106,0.02699638888888889,10.47943111111111,False,False,False,Within SLA
In progress,2198,Low,Email,Purchasing and invoicing,1st line support,Nicola Wane,2023-05-25 05:26:04,2023-05-27 05:26:04,2023-05-25 06:26:04,2023-05-25 08:24:28.211,SLA Violated,,SLA Violated,,7,,Custom software development,Tier 1,Slovenia,46.1491664,14.9860106,2.9733919444444443,,False,False,True,
Closed,2199,High,Phone,Feature request,1st line support,Sheela Cutten,2023-05-25 14:47:02,2023-05-27 14:47:02,2023-05-25 14:49:02,2023-05-25 14:50:42.390,SLA Violated,2023-05-26 03:27:56.504,Within SLA,2023-05-28 10:22:53.251,6,4.0,Ready to use Software,Tier 1,Poland,52.536273,19.050639,0.06121944444444444,12.681806666666667,False,False,False,Within SLA
Resolved,2200,Low,Chat,Product setup,1st line support,Bernard Beckley,2023-05-25 20:08:06,2023-05-26 20:08:06,2023-05-25 20:10:06,2023-05-25 20:10:26.647,SLA Violated,2023-05-26 02:36:17.761,Within SLA,,4,,Custom software development,Tier 1,Austria,47.6964719,13.3457347,0.03906861111111111,6.46993361111111,False,False,False,Within SLA
Closed,2201,High,Chat,Pricing and licensing,2nd line support,Heather Urry,2023-05-25 13:55:06,2023-05-26 13:55:06,2023-05-25 13:57:06,2023-05-25 13:55:55.591,Within SLA,2023-05-26 05:14:41.304,Within SLA,2023-05-30 19:42:59.030,3,3.0,Ready to use Software,Tier 2,Bulgaria,42.7249925,25.4833039,0.013775277777777779,15.326473333333333,False,False,False,Within SLA
Closed,2202,Low,Email,Product setup,1st line support,Kristos Westoll,2023-05-25 17:33:19,2023-05-27 17:33:19,2023-05-25 18:33:19,2023-05-25 18:00:21.840,Within SLA,2023-05-25 18:22:48.338,Within SLA,2023-05-29 14:15:35.291,1,3.0,Custom software development,Tier 1,Republic of Ireland,53.094024,-8.019675,0.45078888888888885,0.8248161111111112,False,False,False,Within SLA
Resolved,2203,Medium,Email,Pricing and licensing,1st line support,Sheela Cutten,2023-05-25 13:52:26,2023-05-27 13:52:26,2023-05-25 14:52:26,2023-05-25 14:11:02.838,Within SLA,2023-05-26 01:29:28.221,Within SLA,,1,,Ready to use Software,Tier 1,United Kingdom,55.378052,-3.435973,0.31023277777777775,11.61728361111111,False,False,False,Within SLA
Resolved,2204,Low,Email,Product setup,1st line support,Sheela Cutten,2023-05-26 18:49:22,2023-05-28 18:49:22,2023-05-26 19:49:22,2023-05-26 18:51:57.383,Within SLA,2023-05-27 12:36:41.504,Within SLA,,1,,Custom software development,Tier 1,Slovenia,46.1491664,14.9860106,0.04316194444444445,17.78875111111111,False,False,False,Within SLA
Closed,2205,Medium,Email,Feature request,2nd line support,Michele Whyatt,2023-05-26 21:16:25,2023-05-28 21:16:25,2023-05-26 22:16:25,2023-05-26 21:49:29.520,Within SLA,2023-05-27 10:17:32.825,Within SLA,2023-05-29 09:39:39.304,9,1.0,Other,Tier 2,Greece,39.368279,21.863141,0.5512555555555555,13.018840277777777,False,False,False,Within SLA
Resolved,2206,Low,Email,Pricing and licensing,1st line support,Kristos Westoll,2023-05-26 11:09:54,2023-05-28 11:09:54,2023-05-26 12:09:54,2023-05-26 12:07:46.452,Within SLA,2023-05-28 08:26:58.519,Within SLA,,7,,Custom software development,Tier 1,Germany,51.165691,10.451526,0.96457,45.28458861111111,False,False,False,Within SLA
Resolved,2207,Low,Email,Other,1st line support,Nicola Wane,2023-05-26 07:39:45,2023-05-28 07:39:45,2023-05-26 08:39:45,2023-05-26 08:10:48.579,Within SLA,2023-05-27 23:42:35.745,Within SLA,,3,,Custom software development,Tier 1,France,48.864716,2.349014,0.5176608333333333,40.04742916666667,False,False,False,Within SLA
Resolved,2208,Medium,Email,Pricing and licensing,1st line support,Connor Danielovitch,2023-05-26 22:47:11,2023-05-28 22:47:11,2023-05-26 23:47:11,2023-05-26 23:33:11.804,Within SLA,2023-05-27 22:57:10.783,Within SLA,,3,,Custom software development,Tier 1,Bulgaria,42.7249925,25.4833039,0.7668900000000001,24.166606388888887,False,False,False,Within SLA
In progress,2209,Low,Chat,Product setup,1st line support,Sheela Cutten,2023-05-26 16:39:38,2023-05-27 16:39:38,2023-05-26 16:41:38,2023-05-26 16:41:14.637,Within SLA,,SLA Violated,,3,,Ready to use Software,Tier 1,Poland,52.536273,19.050639,0.02684361111111111,,False,False,True,
Closed,2219,Low,Email,Bug report,1st line support,Kristos Westoll,2023-05-28 18:01:07,2023-05-30 18:01:07,2023-05-28 19:01:07,2023-05-28 18:15:07.409,Within SLA,2023-05-29 21:22:30.456,Within SLA,2023-05-31 22:33:24.235,7,2.0,Ready to use Software,Tier 1,Poland,52.536273,19.050639,0.23344694444444444,27.356515555555557,False,False,False,Within SLA
Resolved,2220,Low,Email,Feature request,1st line support,Sheela Cutten,2023-05-28 17:35:16,2023-05-30 17:35:16,2023-05-28 18:35:16,2023-05-28 17:44:32.082,Within SLA,2023-05-29 07:33:26.993,Within SLA,,8,,Other,Tier 1,Poland,52.536273,19.050639,0.15446722222222223,13.969720277777778,False,False,False,Within SLA
Closed,2221,Medium,Chat,Feature request,1st line support,Connor Danielovitch,2023-05-28 23:04:13,2023-05-29 23:04:13,2023-05-28 23:06:13,2023-05-28 23:09:13.838,SLA Violated,2023-05-29 18:08:27.546,Within SLA,2023-06-04 15:07:12.234,6,4.0,Ready to use Software,Tier 1,Poland,52.536273,19.050639,0.08356611111111112,19.07070722222222,False,False,False,Within SLA
Resolved,2222,Low,Email,Bug report,1st line support,Bernard Beckley,2023-05-28 03:21:55,2023-05-30 03:21:55,2023-05-28 04:21:55,2023-05-28 04:15:15.331,Within SLA,2023-06-01 07:08:30.192,SLA Violated,,4,,Custom software development,Tier 1,Poland,52.536273,19.050639,0.8889808333333333,99.77644222222222,False,False,False,SLA Violated
Closed,2223,High,Email,Purchasing and invoicing,1st line support,Nicola Wane,2023-05-29 15:46:30,2023-05-31 15:46:30,2023-05-29 16:46:30,2023-05-29 20:42:24.989,SLA Violated,2023-06-03 14:50:15.360,SLA Violated,2023-06-04 07:23:00.645,2,4.0,Other,Tier 1,Spain,39.67337,-4.767726,4.931941388888889,119.06259999999999,False,False,False,SLA Violated
Resolved,2224,Medium,Chat,Product setup,1st line support,Bernard Beckley,2023-05-29 00:44:02,2023-05-30 00:44:02,2023-05-29 00:46:02,2023-05-29 00:45:05.146,Within SLA,2023-05-30 03:06:01.537,SLA Violated,,6,,Custom software development,Tier 1,Greece,39.368279,21.863141,0.017540555555555556,26.366538055555555,False,False,False,SLA Violated
Resolved,2225,Low,Chat,Purchasing and invoicing,2nd line support,Heather Urry,2023-05-30 02:42:21,2023-05-31 02:42:21,2023-05-30 02:44:21,2023-05-30 02:44:11.581,Within SLA,2023-05-30 06:31:30.921,Within SLA,,3,,Other,Tier 2,Italy,43.036776,12.678565,0.030716944444444446,3.8194225,False,False,False,Within SLA
Resolved,2226,Low,Chat,Feature request,1st line support,Sheela Cutten,2023-05-30 15:57:45,2023-05-31 15:57:45,2023-05-30 15:59:45,2023-05-30 15:57:47.010,Within SLA,2023-05-31 07:34:53.167,Within SLA,,6,,Ready to use Software,Tier 1,United Kingdom,55.378052,-3.435973,0.0005583333333333333,15.618935277777778,False,False,False,Within SLA
In progress,2227,High,Phone,Pricing and licensing,1st line support,Nicola Wane,2023-05-30 18:33:13,2023-06-01 18:33:13,2023-05-30 18:35:13,2023-05-30 18:33:21.427,Within SLA,,SLA Violated,,2,,Ready to use Software,Tier 1,Slovenia,46.1491664,14.9860106,0.0023408333333333332,,False,False,True,
In progress,2228,Medium,Chat,Pricing and licensing,2nd line support,Adolpho Messingham,2023-05-30 08:36:51,2023-05-31 08:36:51,2023-05-30 08:38:51,2023-05-30 08:37:49.841,Within SLA,,SLA Violated,,4,,Ready to use Software,Tier 2,Austria,47.6964719,13.3457347,0.016344722222222222,,False,False,True,
Closed,2229,Medium,Chat,Purchasing and invoicing,2nd line support,Heather Urry,2023-05-30 13:39:34,2023-05-31 13:39:34,2023-05-30 13:41:34,2023-05-30 13:45:14.000,SLA Violated,2023-05-30 22:02:09.417,Within SLA,2023-06-03 14:37:17.792,6,5.0,Ready to use Software,Tier 2,Czech Republic,49.8037633,15.4749126,0.09444444444444444,8.376504722222222,False,False,False,Within SLA
In progress,2230,Low,Phone,Purchasing and invoicing,1st line support,Sheela Cutten,2023-05-31 12:33:45,2023-06-02 12:33:45,2023-05-31 12:35:45,2023-05-31 12:34:21.214,Within SLA,,SLA Violated,,1,,Training and Consulting Services,Tier 1,Austria,47.6964719,13.3457347,0.010059444444444444,,False,False,True,
Resolved,2231,High,Email,Other,1st line support,Sheela Cutten,2023-05-31 17:08:54,2023-06-02 17:08:54,2023-05-31 18:08:54,2023-05-31 17:44:31.886,Within SLA,2023-06-01 11:31:29.500,Within SLA,,6,,Ready to use Software,Tier 1,United Kingdom,55.378052,-3.435973,0.5938572222222223,18.376527777777778,False,False,False,Within SLA
Resolved,2232,Low,Email,Product setup,1st line support,Nicola Wane,2023-05-31 22:08:57,2023-06-02 22:08:57,2023-05-31 23:08:57,2023-05-31 22:12:53.178,Within SLA,2023-06-01 21:29:18.731,Within SLA,,5,,Custom software development,Tier 1,France,48.864716,2.349014,0.065605,23.339369722222223,False,False,False,Within SLA
Resolved,2233,Low,Chat,Product setup,2nd line support,Heather Urry,2023-05-31 09:43:09,2023-06-01 09:43:09,2023-05-31 09:45:09,2023-05-31 09:43:29.966,Within SLA,2023-06-01 04:46:07.551,Within SLA,,4,,Ready to use Software,Tier 2,Germany,51.165691,10.451526,0.005823888888888889,19.0495975,False,False,False,Within SLA
Resolved,2234,Low,Chat,Product setup,2nd line support,Michele Whyatt,2023-05-31 01:43:07,2023-06-01 01:43:07,2023-05-31 01:45:07,2023-05-31 01:43:39.233,Within SLA,2023-05-31 20:29:31.149,Within SLA,,6,,Ready to use Software,Tier 2,Germany,51.165691,10.451526,0.00895361111111111,18.773374722222222,False,False,False,Within SLA
Closed,2235,Low,Chat,Other,2nd line support,Adolpho Messingham,2023-05-31 15:37:38,2023-06-01 15:37:38,2023-05-31 15:39:38,2023-05-31 15:38:26.735,Within SLA,2023-05-31 15:58:20.140,Within SLA,2023-06-07 20:31:06.840,5,1.0,Custom software development,Tier 2,Czech Republic,49.8037633,15.4749126,0.0135375,0.3450388888888889,False,False,False,Within SLA
Resolved,2236,Medium,Phone,Pricing and licensing,1st line support,Bernard Beckley,2023-05-31 00:42:59,2023-06-02 00:42:59,2023-05-31 00:44:59,2023-05-31 00:44:44.614,Within SLA,2023-05-31 15:33:16.078,Within SLA,,1,,Ready to use Software,Tier 1,Germany,51.165691,10.451526,0.029337222222222223,14.838077222222223,False,False,False,Within SLA
Resolved,2237,Low,Email,Feature request,1st line support,Connor Danielovitch,2023-05-31 05:35:05,2023-06-02 05:35:05,2023-05-31 06:35:05,2023-05-31 06:33:28.500,Within SLA,2023-06-01 13:32:12.919,Within SLA,,2,,Ready to use Software,Tier 1,Greece,39.368279,21.863141,0.9731944444444445,31.952199722222222,False,False,False,Within SLA
In progress,2238,High,Email,Feature request,1st line support,Sheela Cutten,2023-05-31 15:30:07,2023-06-02 15:30:07,2023-05-31 16:30:07,2023-05-31 16:09:25.963,Within SLA,,SLA Violated,,5,,Other,Tier 1,France,48.864716,2.349014,0.6552675,,False,False,True,
Closed,2239,Low,Chat,Feature request,1st line support,Nicola Wane,2023-05-31 07:51:56,2023-06-01 07:51:56,2023-05-31 07:53:56,2023-05-31 07:56:19.632,SLA Violated,2023-05-31 23:24:24.986,Within SLA,2023-06-07 23:48:01.818,9,4.0,Ready to use Software,Tier 1,Germany,51.165691,10.451526,0.07323111111111111,15.541385,False,False,False,Within SLA
Resolved,2240,Low,Email,Product setup,1st line support,Bernard Beckley,2023-05-31 18:01:38,2023-06-02 18:01:38,2023-05-31 19:01:38,2023-05-31 18:40:34.972,Within SLA,2023-06-01 10:28:53.104,Within SLA,,1,,Training and Consulting Services,Tier 1,United Kingdom,55.378052,-3.435973,0.649158888888889,16.454195555555554,False,False,False,Within SLA
Closed,2241,Medium,Chat,Feature request,1st line support,Connor Danielovitch,2023-06-01 09:58:22,2023-06-02 09:58:22,2023-06-01 10:00:22,2023-06-01 09:58:30.218,Within SLA,2023-06-01 10:14:23.294,Within SLA,2023-06-08 03:00:23.752,6,5.0,Custom software development,Tier 1,Austria,47.6964719,13.3457347,0.0022827777777777777,0.26702611111111113,False,False,False,Within SLA
In progress,2242,Low,Email,Bug report,1st line support,Connor Danielovitch,2023-06-01 06:03:01,2023-06-03 06:03:01,2023-06-01 07:03:01,2023-06-01 06:19:56.960,Within SLA,,SLA Violated,,3,,Ready to use Software,Tier 1,Poland,52.536273,19.050639,0.28221111111111113,,False,False,True,
Resolved,2243,High,Chat,Feature request,2nd line support,Adolpho Messingham,2023-06-01 07:22:16,2023-06-02 07:22:16,2023-06-01 07:24:16,2023-06-01 07:24:14.102,Within SLA,2023-06-01 15:00:46.308,Within SLA,,4,,Ready to use Software,Tier 2,Czech Republic,49.8037633,15.4749126,0.03280611111111111,7.641752222222222,False,False,False,Within SLA
Closed,2244,High,Chat,Feature request,2nd line support,Heather Urry,2023-06-01 23:48:05,2023-06-02 23:48:05,2023-06-01 23:50:05,2023-06-01 23:49:07.844,Within SLA,2023-06-02 18:18:03.994,Within SLA,2023-06-06 07:24:09.657,3,3.0,Ready to use Software,Tier 2,Poland,52.536273,19.050639,0.017456666666666665,18.49972055555556,False,False,False,Within SLA
In progress,2245,High,Chat,Product setup,1st line support,Bernard Beckley,2023-06-01 17:36:29,2023-06-02 17:36:29,2023-06-01 17:38:29,2023-06-01 17:36:59.945,Within SLA,,SLA Violated,,6,,Other,Tier 1,Bulgaria,42.7249925,25.4833039,0.008595833333333334,,False,False,True,
In progress,2246,Low,Chat,Feature request,1st line support,Connor Danielovitch,2023-06-02 15:45:26,2023-06-03 15:45:26,2023-06-02 15:47:26,2023-06-02 15:47:12.962,Within SLA,,SLA Violated,,4,,Other,Tier 1,Slovenia,46.1491664,14.9860106,0.029711666666666667,,False,False,True,
Resolved,2247,Low,Phone,Purchasing and invoicing,1st line support,Nicola Wane,2023-06-02 00:48:15,2023-06-04 00:48:15,2023-06-02 00:50:15,2023-06-02 00:49:56.451,Within SLA,2023-06-03 14:05:54.093,Within SLA,,1,,Ready to use Software,Tier 1,United Kingdom,55.378052,-3.435973,0.028180833333333332,37.2941925,False,False,False,Within SLA
In progress,2248,Low,Phone,Product setup,2nd line support,Adolpho Messingham,2023-06-02 16:43:08,2023-06-04 16:43:08,2023-06-02 16:45:08,2023-06-02 16:46:46.245,SLA Violated,,SLA Violated,,3,,Ready to use Software,Tier 2,Republic of Ireland,53.094024,-8.019675,0.060623611111111114,,False,False,True,
Closed,2249,Low,Chat,Pricing and licensing,1st line support,Connor Danielovitch,2023-06-02 17:57:50,2023-06-03 17:57:50,2023-06-02 17:59:50,2023-06-02 17:57:51.905,Within SLA,2023-06-05 21:53:17.242,SLA Violated,2023-06-06 03:42:17.913,3,5.0,Other,Tier 1,Germany,51.165691,10.451526,0.0005291666666666667,75.92423388888889,False,False,False,SLA Violated
Closed,2250,Low,Chat,Purchasing and invoicing,1st line support,Kristos Westoll,2023-06-02 03:33:53,2023-06-03 03:33:53,2023-06-02 03:35:53,2023-06-02 03:34:01.670,Within SLA,2023-06-06 09:54:33.874,SLA Violated,2023-06-07 04:57:13.459,3,5.0,Custom software development,Tier 1,Italy,43.036776,12.678565,0.0024083333333333335,102.34468722222222,False,False,False,SLA Violated
Closed,2251,Low,Email,Purchasing and invoicing,2nd line support,Michele Whyatt,2023-06-02 11:24:06,2023-06-04 11:24:06,2023-06-02 12:24:06,2023-06-02 11:33:05.889,Within SLA,2023-06-04 00:02:10.209,Within SLA,2023-06-07 17:29:48.937,1,2.0,Custom software development,Tier 2,Czech Republic,49.8037633,15.4749126,0.14996916666666668,36.6345025,False,False,False,Within SLA
Resolved,2252,Low,Email,Product setup,1st line support,Bernard Beckley,2023-06-03 09:56:16,2023-06-05 09:56:16,2023-06-03 10:56:16,2023-06-03 10:54:22.606,Within SLA,2023-06-05 05:58:07.237,Within SLA,,10,,Ready to use Software,Tier 1,Republic of Ireland,53.094024,-8.019675,0.9685016666666667,44.030899166666664,False,False,False,Within SLA
Closed,2253,Medium,Chat,Pricing and licensing,1st line support,Bernard Beckley,2023-06-03 10:52:50,2023-06-04 10:52:50,2023-06-03 10:54:50,2023-06-03 10:52:59.250,Within SLA,2023-06-03 12:12:05.978,Within SLA,2023-06-07 23:17:28.213,8,4.0,Custom software development,Tier 1,Italy,43.036776,12.678565,0.0025694444444444445,1.321105,False,False,False,Within SLA
Resolved,2254,Low,Chat,Bug report,1st line support,Sheela Cutten,2023-06-03 00:48:39,2023-06-04 00:48:39,2023-06-03 00:50:39,2023-06-03 00:53:21.064,SLA Violated,2023-06-03 13:44:11.298,Within SLA,,4,,Training and Consulting Services,Tier 1,Poland,52.536273,19.050639,0.07835111111111112,12.925638333333334,False,False,False,Within SLA
Resolved,2255,Low,Chat,Feature request,1st line support,Bernard Beckley,2023-06-03 05:01:48,2023-06-04 05:01:48,2023-06-03 05:03:48,2023-06-03 05:01:50.795,Within SLA,2023-06-04 01:34:16.396,Within SLA,,5,,Ready to use Software,Tier 1,France,48.864716,2.349014,0.0007763888888888889,20.54122111111111,False,False,False,Within SLA
Closed,2267,Low,Email,Pricing and licensing,1st line support,Connor Danielovitch,2023-06-04 05:31:08,2023-06-06 05:31:08,2023-06-04 06:31:08,2023-06-04 05:48:28.262,Within SLA,2023-06-04 12:44:12.290,Within SLA,2023-06-07 16:20:44.286,9,5.0,Ready to use Software,Tier 1,United Kingdom,55.378052,-3.435973,0.28896166666666667,7.217858333333334,False,False,False,Within SLA
Closed,2268,Medium,Email,Other,1st line support,Sheela Cutten,2023-06-04 18:21:52,2023-06-06 18:21:52,2023-06-04 19:21:52,2023-06-04 18:49:40.552,Within SLA,2023-06-06 13:09:17.950,Within SLA,2023-06-08 04:11:09.489,2,2.0,Other,Tier 1,Republic of Ireland,53.094024,-8.019675,0.46348666666666666,42.79054166666667,False,False,False,Within SLA
Closed,2269,Medium,Email,Product setup,1st line support,Connor Danielovitch,2023-06-04 12:39:07,2023-06-06 12:39:07,2023-06-04 13:39:07,2023-06-04 13:20:02.461,Within SLA,2023-06-05 14:27:56.824,Within SLA,2023-06-06 16:24:21.224,2,4.0,Ready to use Software,Tier 1,Poland,52.536273,19.050639,0.6820725,25.81384,False,False,False,Within SLA
Closed,2270,Low,Email,Pricing and licensing,1st line support,Nicola Wane,2023-06-05 16:13:03,2023-06-07 16:13:03,2023-06-05 17:13:03,2023-06-05 16:51:13.981,Within SLA,2023-06-06 00:13:30.431,Within SLA,2023-06-08 03:47:15.852,10,1.0,Ready to use Software,Tier 1,Poland,52.536273,19.050639,0.6363836111111112,8.007619722222222,False,False,False,Within SLA
Resolved,2271,Low,Chat,Purchasing and invoicing,1st line support,Kristos Westoll,2023-06-05 07:21:15,2023-06-06 07:21:15,2023-06-05 07:23:15,2023-06-05 07:26:18.842,SLA Violated,2023-06-10 05:24:56.300,SLA Violated,,4,,Ready to use Software,Tier 1,Greece,39.368279,21.863141,0.08440055555555555,118.06147222222222,False,False,False,SLA Violated
Closed,2272,Low,Email,Product setup,1st line support,Connor Danielovitch,2023-06-05 10:43:50,2023-06-07 10:43:50,2023-06-05 11:43:50,2023-06-05 11:24:19.454,Within SLA,2023-06-07 12:00:40.983,SLA Violated,2023-06-08 08:57:18.250,3,5.0,Other,Tier 1,Republic of Ireland,53.094024,-8.019675,0.6748483333333334,49.28082861111111,False,False,False,SLA Violated
Closed,2273,Medium,Chat,Pricing and licensing,1st line support,Connor Danielovitch,2023-06-05 03:19:23,2023-06-06 03:19:23,2023-06-05 03:21:23,2023-06-05 03:20:14.310,Within SLA,2023-06-05 10:25:09.907,Within SLA,2023-06-08 05:15:25.467,5,3.0,Training and Consulting Services,Tier 1,United Kingdom,55.378052,-3.435973,0.01425277777777778,7.096363055555555,False,False,False,Within SLA
Closed,2274,Low,Email,Purchasing and invoicing,2nd line support,Adolpho Messingham,2023-06-05 04:41:14,2023-06-07 04:41:14,2023-06-05 05:41:14,2023-06-05 04:53:29.991,Within SLA,2023-06-06 22:59:56.317,Within SLA,2023-06-09 15:39:17.244,1,1.0,Other,Tier 2,Slovenia,46.1491664,14.9860106,0.20444194444444444,42.311754722222226,False,False,False,Within SLA
Resolved,2275,Low,Chat,Bug report,1st line support,Kristos Westoll,2023-06-05 05:03:31,2023-06-06 05:03:31,2023-06-05 05:05:31,2023-06-05 05:04:46.437,Within SLA,2023-06-05 23:44:40.533,Within SLA,,6,,Custom software development,Tier 1,Slovenia,46.1491664,14.9860106,0.020954722222222222,18.685981388888887,False,False,False,Within SLA
In progress,2276,Medium,Chat,Purchasing and invoicing,1st line support,Bernard Beckley,2023-06-05 09:11:50,2023-06-06 09:11:50,2023-06-05 09:13:50,2023-06-05 09:13:13.955,Within SLA,,SLA Violated,,6,,Ready to use Software,Tier 1,Republic of Ireland,53.094024,-8.019675,0.023320833333333332,,False,False,True,
Closed,2277,Medium,Chat,Product setup,1st line support,Nicola Wane,2023-06-05 01:52:10,2023-06-06 01:52:10,2023-06-05 01:54:10,2023-06-05 01:54:07.472,Within SLA,2023-06-08 16:01:22.620,SLA Violated,2023-06-09 06:44:46.512,6,3.0,Ready to use Software,Tier 1,Austria,47.6964719,13.3457347,0.03263111111111111,86.15350555555555,False,False,False,SLA Violated
Closed,2278,Medium,Email,Purchasing and invoicing,1st line support,Sheela Cutten,2023-06-06 14:36:33,2023-06-08 14:36:33,2023-06-06 15:36:33,2023-06-06 15:05:14.012,Within SLA,2023-06-06 15:35:24.215,Within SLA,2023-06-09 08:15:06.293,2,5.0,Ready to use Software,Tier 1,Spain,39.67337,-4.767726,0.47805888888888887,0.9808930555555556,False,False,False,Within SLA
Closed,2279,Low,Email,Other,1st line support,Sheela Cutten,2023-06-06 01:49:25,2023-06-08 01:49:25,2023-06-06 02:49:25,2023-06-06 02:31:18.018,Within SLA,2023-06-06 13:23:41.355,Within SLA,2023-06-10 19:47:38.793,7,4.0,Training and Consulting Services,Tier 1,Republic of Ireland,53.094024,-8.019675,0.6980605555555556,11.571209722222223,False,False,False,Within SLA
Closed,2280,Low,Email,Purchasing and invoicing,1st line support,Kristos Westoll,2023-06-06 00:04:57,2023-06-08 00:04:57,2023-06-06 01:04:57,2023-06-06 00:59:37.429,Within SLA,2023-06-06 09:35:54.523,Within SLA,2023-06-09 06:23:04.326,6,5.0,Ready to use Software,Tier 1,Spain,39.67337,-4.767726,0.9112302777777778,9.51597861111111,False,False,False,Within SLA
Closed,2281,Medium,Email,Purchasing and invoicing,1st line support,Nicola Wane,2023-06-06 11:24:39,2023-06-08 11:24:39,2023-06-06 12:24:39,2023-06-06 12:08:10.475,Within SLA,2023-06-11 04:04:30.793,SLA Violated,2023-06-11 07:47:10.522,3,5.0,Other,Tier 1,Italy,43.036776,12.678565,0.7254097222222222,112.66438694444444,False,False,False,SLA Violated
Resolved,2282,Low,Phone,Pricing and licensing,1st line support,Bernard Beckley,2023-06-06 21:13:59,2023-06-08 21:13:59,2023-06-06 21:15:59,2023-06-06 21:18:15.661,SLA Violated,2023-06-07 15:28:43.330,Within SLA,,3,,Custom software development,Tier 1,Greece,39.368279,21.863141,0.07129472222222222,18.24564722222222,False,False,False,Within SLA
In progress,2283,Low,Chat,Feature request,1st line support,Nicola Wane,2023-06-06 17:27:40,2023-06-07 17:27:40,2023-06-06 17:29:40,2023-06-06 17:32:08.462,SLA Violated,,SLA Violated,,6,,Custom software development,Tier 1,Slovenia,46.1491664,14.9860106,0.07457277777777778,,False,False,True,
Resolved,2284,Medium,Phone,Pricing and licensing,1st line support,Sheela Cutten,2023-06-06 21:50:46,2023-06-08 21:50:46,2023-06-06 21:52:46,2023-06-06 21:52:39.412,Within SLA,2023-06-07 19:08:34.210,Within SLA,,4,,Other,Tier 1,Italy,43.036776,12.678565,0.031503333333333335,21.296725000000002,False,False,False,Within SLA
Closed,2285,Medium,Phone,Product setup,1st line support,Kristos Westoll,2023-06-06 06:29:54,2023-06-08 06:29:54,2023-06-06 06:31:54,2023-06-06 06:30:07.989,Within SLA,2023-06-07 19:55:28.240,Within SLA,2023-06-08 07:34:21.875,1,2.0,Ready to use Software,Tier 1,United Kingdom,55.378052,-3.435973,0.0038858333333333336,37.426177777777774,False,False,False,Within SLA
Closed,2287,Medium,Email,Feature request,1st line support,Bernard Beckley,2023-06-06 13:23:19,2023-06-08 13:23:19,2023-06-06 14:23:19,2023-06-06 13:35:01.801,Within SLA,2023-06-07 12:50:55.908,Within SLA,2023-06-13 10:43:18.557,3,5.0,Ready to use Software,Tier 1,Spain,39.67337,-4.767726,0.19522250000000002,23.46025222222222,False,False,False,Within SLA
Resolved,2288,Low,Chat,Product setup,2nd line support,Michele Whyatt,2023-06-06 11:06:41,2023-06-07 11:06:41,2023-06-06 11:08:41,2023-06-06 11:06:52.578,Within SLA,2023-06-07 05:14:52.075,Within SLA,,8,,Other,Tier 2,Austria,47.6964719,13.3457347,0.003216111111111111,18.136409722222222,False,False,False,Within SLA
Closed,2289,Medium,Chat,Pricing and licensing,1st line support,Bernard Beckley,2023-06-07 19:00:40,2023-06-08 19:00:40,2023-06-07 19:02:40,2023-06-07 19:02:10.922,Within SLA,2023-06-08 15:23:14.297,Within SLA,2023-06-12 19:42:19.144,4,4.0,Custom software development,Tier 1,Poland,52.536273,19.050639,0.02525611111111111,20.376193611111113,False,False,False,Within SLA
Resolved,2290,Low,Email,Pricing and licensing,1st line support,Connor Danielovitch,2023-06-07 18:11:08,2023-06-09 18:11:08,2023-06-07 19:11:08,2023-06-07 18:34:09.579,Within SLA,2023-06-07 19:13:20.210,Within SLA,,3,,Custom software development,Tier 1,Bulgaria,42.7249925,25.4833039,0.38377194444444446,1.0367250000000001,False,False,False,Within SLA
Closed,2291,Medium,Email,Pricing and licensing,1st line support,Nicola Wane,2023-06-07 20:16:46,2023-06-09 20:16:46,2023-06-07 21:16:46,2023-06-08 03:57:38.325,SLA Violated,2023-06-08 03:43:35.095,Within SLA,2023-06-10 16:33:19.930,1,4.0,Ready to use Software,Tier 1,Czech Republic,49.8037633,15.4749126,7.681201388888889,7.446970833333333,False,False,False,Within SLA
Closed,2293,Low,Email,Purchasing and invoicing,2nd line support,Adolpho Messingham,2023-06-07 14:19:45,2023-06-09 14:19:45,2023-06-07 15:19:45,2023-06-07 15:09:42.801,Within SLA,2023-06-07 19:33:40.299,Within SLA,2023-06-11 04:53:52.304,3,5.0,Other,Tier 2,France,48.864716,2.349014,0.8327225,5.2320275,False,False,False,Within SLA
In progress,2294,Medium,Chat,Product setup,1st line support,Connor Danielovitch,2023-06-07 20:19:54,2023-06-08 20:19:54,2023-06-07 20:21:54,2023-06-07 20:21:30.339,Within SLA,,SLA Violated,,9,,Training and Consulting Services,Tier 1,United Kingdom,55.378052,-3.435973,0.026760833333333334,,False,False,True,
In progress,2295,Low,Chat,Product setup,1st line support,Sheela Cutten,2023-06-07 10:55:09,2023-06-08 10:55:09,2023-06-07 10:57:09,2023-06-07 10:56:35.208,Within SLA,,SLA Violated,,6,,Other,Tier 1,Poland,52.536273,19.050639,0.023946666666666665,,False,False,True,
Resolved,2296,Low,Email,Pricing and licensing,1st line support,Sheela Cutten,2023-06-07 11:43:39,2023-06-09 11:43:39,2023-06-07 12:43:39,2023-06-07 12:37:01.018,Within SLA,2023-06-07 18:16:19.845,Within SLA,,7,,Ready to use Software,Tier 1,Poland,52.536273,19.050639,0.8894494444444444,6.544679166666667,False,False,False,Within SLA
Resolved,2297,High,Chat,Pricing and licensing,1st line support,Nicola Wane,2023-06-07 00:04:06,2023-06-08 00:04:06,2023-06-07 00:06:06,2023-06-07 00:04:11.338,Within SLA,2023-06-07 06:54:04.544,Within SLA,,6,,Other,Tier 1,Czech Republic,49.8037633,15.4749126,0.0014827777777777777,6.8329288888888895,False,False,False,Within SLA
In progress,2298,Low,Email,Purchasing and invoicing,2nd line support,Michele Whyatt,2023-06-07 02:16:11,2023-06-09 02:16:11,2023-06-07 03:16:11,2023-06-07 03:03:18.105,Within SLA,,SLA Violated,,3,,Custom software development,Tier 2,Poland,52.536273,19.050639,0.7853069444444445,,False,False,True,
Closed,2299,High,Email,Product setup,2nd line support,Heather Urry,2023-06-08 15:54:13,2023-06-10 15:54:13,2023-06-08 16:54:13,2023-06-08 16:20:50.505,Within SLA,2023-06-10 01:10:01.279,Within SLA,2023-06-14 13:40:06.106,1,4.0,Custom software development,Tier 2,Germany,51.165691,10.451526,0.44375138888888893,33.26341083333333,False,False,False,Within SLA
Closed,2300,Low,Email,Feature request,2nd line support,Adolpho Messingham,2023-06-08 03:34:17,2023-06-10 03:34:17,2023-06-08 04:34:17,2023-06-08 03:44:08.813,Within SLA,2023-06-09 05:49:31.680,Within SLA,2023-06-10 03:47:08.898,1,2.0,Custom software development,Tier 2,Bulgaria,42.7249925,25.4833039,0.1643925,26.254077777777777,False,False,False,Within SLA
Closed,2301,Medium,Email,Feature request,1st line support,Bernard Beckley,2023-06-08 16:52:30,2023-06-10 16:52:30,2023-06-08 17:52:30,2023-06-08 17:48:38.638,Within SLA,2023-06-14 04:55:54.469,SLA Violated,2023-06-16 00:03:37.400,3,4.0,Custom software development,Tier 1,Republic of Ireland,53.094024,-8.019675,0.9357327777777777,132.05679694444444,False,False,False,SLA Violated
In progress,2302,Low,Chat,Pricing and licensing,1st line support,Connor Danielovitch,2023-06-08 00:17:24,2023-06-09 00:17:24,2023-06-08 00:19:24,2023-06-08 00:18:02.610,Within SLA,,SLA Violated,,8,,Custom software development,Tier 1,France,48.864716,2.349014,0.010725,,False,False,True,
In progress,2304,Low,Email,Pricing and licensing,1st line support,Nicola Wane,2023-06-09 20:18:40,2023-06-11 20:18:40,2023-06-09 21:18:40,2023-06-09 21:00:30.099,Within SLA,,SLA Violated,,1,,Custom software development,Tier 1,United Kingdom,55.378052,-3.435973,0.6972497222222223,,False,False,True,
Closed,2305,Low,Email,Pricing and licensing,1st line support,Sheela Cutten,2023-06-09 15:57:03,2023-06-11 15:57:03,2023-06-09 16:57:03,2023-06-09 16:12:30.599,Within SLA,2023-06-11 11:37:38.155,Within SLA,2023-06-11 07:11:25.160,10,5.0,Training and Consulting Services,Tier 1,Poland,52.536273,19.050639,0.2576663888888889,43.676431944444445,False,False,False,Within SLA
Closed,2306,Low,Chat,Product setup,2nd line support,Heather Urry,2023-06-09 23:12:15,2023-06-10 23:12:15,2023-06-09 23:14:15,2023-06-09 23:13:57.418,Within SLA,2023-06-10 02:15:40.402,Within SLA,2023-06-14 09:57:35.631,7,3.0,Custom software development,Tier 2,Italy,43.036776,12.678565,0.028449444444444447,3.057056111111111,False,False,False,Within SLA
In progress,2307,High,Email,Bug report,2nd line support,Adolpho Messingham,2023-06-09 00:30:42,2023-06-11 00:30:42,2023-06-09 01:30:42,2023-06-09 00:36:53.195,Within SLA,,SLA Violated,,2,,Ready to use Software,Tier 2,Austria,47.6964719,13.3457347,0.10310972222222221,,False,False,True,
Closed,2309,Low,Chat,Bug report,2nd line support,Adolpho Messingham,2023-06-09 15:51:47,2023-06-10 15:51:47,2023-06-09 15:53:47,2023-06-09 15:54:22.214,SLA Violated,2023-06-10 00:04:18.344,Within SLA,2023-06-09 22:14:10.782,3,3.0,Custom software development,Tier 2,Greece,39.368279,21.863141,0.043115,8.208706666666666,False,False,False,Within SLA
Closed,2310,Low,Chat,Bug report,1st line support,Connor Danielovitch,2023-06-09 13:39:42,2023-06-10 13:39:42,2023-06-09 13:41:42,2023-06-09 13:41:25.081,Within SLA,2023-06-09 16:01:08.467,Within SLA,2023-06-13 20:23:01.365,60,3.0,Training and Consulting Services,Tier 1,Germany,51.165691,10.451526,0.028633611111111113,2.3573519444444444,False,True,False,Within SLA
Closed,2311,High,Email,Pricing and licensing,1st line support,Kristos Westoll,2023-06-09 15:21:40,2023-06-11 15:21:40,2023-06-09 16:21:40,2023-06-09 15:37:05.488,Within SLA,2023-06-10 01:55:26.131,Within SLA,2023-06-11 23:11:12.998,1,5.0,Custom software development,Tier 1,Republic of Ireland,53.094024,-8.019675,0.25708000000000003,10.562814166666668,False,False,False,Within SLA
In progress,2313,Low,Email,Pricing and licensing,1st line support,Kristos Westoll,2023-06-10 03:28:37,2023-06-12 03:28:37,2023-06-10 04:28:37,2023-06-10 03:36:28.009,Within SLA,,SLA Violated,,10,,Custom software development,Tier 1,Austria,47.6964719,13.3457347,0.13083583333333335,,False,False,True,
Resolved,2321,Medium,Chat,Product setup,2nd line support,Heather Urry,2023-06-10 05:14:08,2023-06-11 05:14:08,2023-06-10 05:16:08,2023-06-10 05:15:56.977,Within SLA,2023-06-10 16:07:44.737,Within SLA,,6,,Ready to use Software,Tier 2,France,48.864716,2.349014,0.03027138888888889,10.893538055555556,False,False,False,Within SLA
Resolved,2322,Low,Chat,Feature request,1st line support,Connor Danielovitch,2023-06-10 15:57:39,2023-06-11 15:57:39,2023-06-10 15:59:39,2023-06-10 15:59:34.109,Within SLA,2023-06-11 10:32:41.482,Within SLA,,5,,Ready to use Software,Tier 1,France,48.864716,2.349014,0.031974722222222224,18.58402277777778,False,False,False,Within SLA
Closed,2323,Low,Email,Product setup,2nd line support,Heather Urry,2023-06-10 02:58:45,2023-06-12 02:58:45,2023-06-10 03:58:45,2023-06-10 10:20:28.641,SLA Violated,2023-06-11 15:01:23.488,Within SLA,2023-06-16 15:31:34.137,2,5.0,Training and Consulting Services,Tier 2,France,48.864716,2.349014,7.3621225,36.044024444444446,False,False,False,Within SLA
Resolved,2324,High,Phone,Product setup,1st line support,Sheela Cutten,2023-06-10 03:37:03,2023-06-12 03:37:03,2023-06-10 03:39:03,2023-06-10 03:38:58.600,Within SLA,2023-06-10 09:37:15.668,Within SLA,,1,,Training and Consulting Services,Tier 1,Czech Republic,49.8037633,15.4749126,0.03211111111111111,6.003518888888889,False,False,False,Within SLA
Resolved,2325,Low,Email,Pricing and licensing,2nd line support,Heather Urry,2023-06-11 17:44:56,2023-06-13 17:44:56,2023-06-11 18:44:56,2023-06-11 18:11:38.518,Within SLA,2023-06-13 04:25:02.733,Within SLA,,8,,Ready to use Software,Tier 2,Slovenia,46.1491664,14.9860106,0.4451438888888889,34.66853694444444,False,False,False,Within SLA
Closed,2332,Medium,Chat,Pricing and licensing,1st line support,Connor Danielovitch,2023-06-12 18:07:44,2023-06-13 18:07:44,2023-06-12 18:09:44,2023-06-12 18:09:42.534,Within SLA,2023-06-12 23:16:38.136,Within SLA,2023-06-15 05:04:27.577,6,4.0,Other,Tier 1,Poland,52.536273,19.050639,0.032926111111111114,5.148371111111111,False,False,False,Within SLA
Closed,2333,Low,Chat,Purchasing and invoicing,2nd line support,Adolpho Messingham,2023-06-12 08:43:13,2023-06-13 08:43:13,2023-06-12 08:45:13,2023-06-12 08:44:40.365,Within SLA,2023-06-13 06:10:37.003,Within SLA,2023-06-15 23:36:06.006,6,1.0,Ready to use Software,Tier 2,Greece,39.368279,21.863141,0.024268055555555553,21.4566675,False,False,False,Within SLA
Resolved,2334,Low,Chat,Pricing and licensing,2nd line support,Michele Whyatt,2023-06-12 18:04:14,2023-06-13 18:04:14,2023-06-12 18:06:14,2023-06-12 18:05:44.419,Within SLA,2023-06-16 06:26:09.114,SLA Violated,,4,,Ready to use Software,Tier 2,Spain,39.67337,-4.767726,0.02511638888888889,84.36530944444445,False,False,False,SLA Violated
Closed,2335,Low,Email,Bug report,1st line support,Bernard Beckley,2023-06-12 14:05:37,2023-06-14 14:05:37,2023-06-12 15:05:37,2023-06-12 14:16:40.584,Within SLA,2023-06-13 19:56:43.473,Within SLA,2023-06-18 11:38:56.357,3,5.0,Ready to use Software,Tier 1,Republic of Ireland,53.094024,-8.019675,0.18432888888888888,29.851798055555555,False,False,False,Within SLA
In progress,2336,Low,Email,Purchasing and invoicing,1st line support,Nicola Wane,2023-06-12 04:41:42,2023-06-14 04:41:42,2023-06-12 05:41:42,2023-06-12 05:32:52.551,Within SLA,,SLA Violated,,1,,Other,Tier 1,United Kingdom,55.378052,-3.435973,0.8529308333333333,,False,False,True,
In progress,2337,Low,Chat,Feature request,2nd line support,Adolpho Messingham,2023-06-12 20:04:14,2023-06-13 20:04:14,2023-06-12 20:06:14,2023-06-12 20:05:32.430,Within SLA,,SLA Violated,,3,,Ready to use Software,Tier 2,Czech Republic,49.8037633,15.4749126,0.021786111111111114,,False,False,True,
Resolved,2338,Low,Chat,Purchasing and invoicing,1st line support,Sheela Cutten,2023-06-12 17:39:34,2023-06-13 17:39:34,2023-06-12 17:41:34,2023-06-12 17:41:15.217,Within SLA,2023-06-13 10:42:42.231,Within SLA,,5,,Other,Tier 1,United Kingdom,55.378052,-3.435973,0.028115833333333333,17.052286388888888,False,False,False,Within SLA
Closed,2339,Low,Email,Pricing and licensing,2nd line support,Adolpho Messingham,2023-06-12 02:59:16,2023-06-14 02:59:16,2023-06-12 03:59:16,2023-06-12 03:54:00.297,Within SLA,2023-06-13 07:09:26.155,Within SLA,2023-06-16 17:07:11.622,8,3.0,Custom software development,Tier 2,United Kingdom,55.378052,-3.435973,0.9123047222222223,28.1694875,False,False,False,Within SLA
Closed,2340,Medium,Email,Pricing and licensing,2nd line support,Heather Urry,2023-06-13 11:58:37,2023-06-15 11:58:37,2023-06-13 12:58:37,2023-06-13 12:28:38.598,Within SLA,2023-06-14 19:51:19.462,Within SLA,2023-06-14 02:08:26.799,9,2.0,Custom software development,Tier 2,Italy,43.036776,12.678565,0.5004438888888889,31.878461666666666,False,False,False,Within SLA
Resolved,2341,High,Chat,Feature request,2nd line support,Adolpho Messingham,2023-06-13 15:33:31,2023-06-14 15:33:31,2023-06-13 15:35:31,2023-06-13 15:35:15.649,Within SLA,2023-06-13 19:30:08.253,Within SLA,,60,,Other,Tier 2,Italy,43.036776,12.678565,0.029069166666666667,3.943681388888889,False,True,False,Within SLA
Closed,2342,Low,Email,Feature request,1st line support,Sheela Cutten,2023-06-13 07:16:46,2023-06-15 07:16:46,2023-06-13 08:16:46,2023-06-13 10:44:36.930,SLA Violated,2023-06-14 18:46:17.045,Within SLA,2023-06-16 20:37:15.102,2,4.0,Ready to use Software,Tier 1,Germany,51.165691,10.451526,3.4641472222222225,35.491956944444446,False,False,False,Within SLA
Closed,2343,High,Email,Purchasing and invoicing,1st line support,Kristos Westoll,2023-06-13 08:41:04,2023-06-15 08:41:04,2023-06-13 09:41:04,2023-06-13 09:30:05.128,Within SLA,2023-06-15 16:27:17.187,SLA Violated,2023-06-16 17:08:40.392,3,5.0,Custom software development,Tier 1,Greece,39.368279,21.863141,0.81698,55.77032972222222,False,False,False,SLA Violated
Closed,2344,Low,Chat,Feature request,1st line support,Bernard Beckley,2023-06-13 17:13:06,2023-06-14 17:13:06,2023-06-13 17:15:06,2023-06-13 17:14:23.646,Within SLA,2023-06-14 14:51:07.317,Within SLA,2023-06-18 03:31:57.421,6,5.0,Ready to use Software,Tier 1,Czech Republic,49.8037633,15.4749126,0.021568333333333335,21.633699166666666,False,False,False,Within SLA
Closed,2345,Low,Email,Product setup,1st line support,Connor Danielovitch,2023-06-13 09:35:27,2023-06-15 09:35:27,2023-06-13 10:35:27,2023-06-13 09:55:01.602,Within SLA,2023-06-14 10:40:55.305,Within SLA,2023-06-19 07:46:45.666,3,4.0,Ready to use Software,Tier 1,France,48.864716,2.349014,0.32627833333333334,25.09119583333333,False,False,False,Within SLA
Resolved,2346,Low,Email,Product setup,1st line support,Connor Danielovitch,2023-06-13 13:58:40,2023-06-15 13:58:40,2023-06-13 14:58:40,2023-06-13 14:20:11.537,Within SLA,2023-06-14 23:28:30.516,Within SLA,,9,,Ready to use Software,Tier 1,Germany,51.165691,10.451526,0.3587602777777778,33.497365555555554,False,False,False,Within SLA
Closed,2347,Medium,Email,Bug report,1st line support,Kristos Westoll,2023-06-13 01:46:10,2023-06-15 01:46:10,2023-06-13 02:46:10,2023-06-13 01:54:22.408,Within SLA,2023-06-13 20:42:09.972,Within SLA,2023-06-18 15:49:32.536,8,4.0,Custom software development,Tier 1,Poland,52.536273,19.050639,0.13678,18.933325555555555,False,False,False,Within SLA
Closed,2348,Low,Chat,Pricing and licensing,1st line support,Sheela Cutten,2023-06-14 03:36:59,2023-06-15 03:36:59,2023-06-14 03:38:59,2023-06-14 03:38:12.267,Within SLA,2023-06-15 03:32:19.971,Within SLA,2023-06-18 17:18:26.455,3,4.0,Ready to use Software,Tier 1,Republic of Ireland,53.094024,-8.019675,0.020351944444444443,23.922491944444445,False,False,False,Within SLA
Resolved,2349,Low,Phone,Purchasing and invoicing,1st line support,Nicola Wane,2023-06-14 05:05:18,2023-06-16 05:05:18,2023-06-14 05:07:18,2023-06-14 05:10:53.137,SLA Violated,2023-06-15 01:06:42.140,Within SLA,,6,,Ready to use Software,Tier 1,Germany,51.165691,10.451526,0.09309361111111111,20.02337222222222,False,False,False,Within SLA
Resolved,2350,Medium,Email,Feature request,1st line support,Sheela Cutten,2023-06-14 14:13:32,2023-06-16 14:13:32,2023-06-14 15:13:32,2023-06-14 15:01:12.471,Within SLA,2023-06-15 04:54:36.719,Within SLA,,6,,Ready to use Software,Tier 1,Germany,51.165691,10.451526,0.7945752777777778,14.684644166666667,False,False,False,Within SLA
Closed,2351,Low,Phone,Product setup,2nd line support,Adolpho Messingham,2023-06-14 07:37:55,2023-06-16 07:37:55,2023-06-14 07:39:55,2023-06-14 07:39:17.588,Within SLA,2023-06-15 11:12:43.806,Within SLA,2023-06-20 18:01:23.816,7,1.0,Ready to use Software,Tier 2,Republic of Ireland,53.094024,-8.019675,0.02294111111111111,27.580223888888888,False,False,False,Within SLA
Resolved,2352,High,Email,Training request,2nd line support,Michele Whyatt,2023-06-14 19:25:36,2023-06-16 19:25:36,2023-06-14 20:25:36,2023-06-14 19:27:39.931,Within SLA,2023-06-19 15:23:09.191,SLA Violated,,10,,Training and Consulting Services,Tier 2,Bulgaria,42.7249925,25.4833039,0.03442527777777778,115.95921972222222,False,False,False,SLA Violated
Closed,2353,Medium,Email,Product setup,1st line support,Nicola Wane,2023-06-14 08:44:11,2023-06-16 08:44:11,2023-06-14 09:44:11,2023-06-14 11:05:24.967,SLA Violated,2023-06-16 11:16:15.410,SLA Violated,2023-06-17 02:19:09.674,3,3.0,Training and Consulting Services,Tier 1,United Kingdom,55.378052,-3.435973,2.3538797222222225,50.53455833333334,False,False,False,SLA Violated
Closed,2354,Medium,Email,Bug report,1st line support,Sheela Cutten,2023-06-14 03:27:43,2023-06-16 03:27:43,2023-06-14 04:27:43,2023-06-14 03:38:56.967,Within SLA,2023-06-15 19:29:35.596,Within SLA,2023-06-19 21:50:09.315,9,4.0,Ready to use Software,Tier 1,Czech Republic,49.8037633,15.4749126,0.18721305555555556,40.03127666666666,False,False,False,Within SLA
In progress,2355,Medium,Chat,Pricing and licensing,2nd line support,Heather Urry,2023-06-15 07:44:22,2023-06-16 07:44:22,2023-06-15 07:46:22,2023-06-15 07:45:53.276,Within SLA,,SLA Violated,,7,,Ready to use Software,Tier 2,Austria,47.6964719,13.3457347,0.025354444444444443,,False,False,True,
Closed,2356,Medium,Chat,Feature request,2nd line support,Michele Whyatt,2023-06-15 09:33:18,2023-06-16 09:33:18,2023-06-15 09:35:18,2023-06-15 09:38:33.077,SLA Violated,2023-06-16 02:03:48.314,Within SLA,2023-06-17 23:06:40.787,6,3.0,Other,Tier 2,Slovenia,46.1491664,14.9860106,0.08752138888888888,16.508420555555556,False,False,False,Within SLA
In progress,2357,High,Email,Feature request,2nd line support,Michele Whyatt,2023-06-15 03:11:42,2023-06-17 03:11:42,2023-06-15 04:11:42,2023-06-15 03:36:31.562,Within SLA,,SLA Violated,,5,,Custom software development,Tier 2,United Kingdom,55.378052,-3.435973,0.4137672222222222,,False,False,True,
Closed,2358,Medium,Email,Product setup,2nd line support,Heather Urry,2023-06-15 19:11:03,2023-06-17 19:11:03,2023-06-15 20:11:03,2023-06-15 20:05:41.448,Within SLA,2023-06-16 16:58:36.187,Within SLA,2023-06-18 08:52:25.933,8,1.0,Training and Consulting Services,Tier 2,Republic of Ireland,53.094024,-8.019675,0.9106799999999999,21.792551944444448,False,False,False,Within SLA
Closed,2359,Low,Chat,Product setup,2nd line support,Adolpho Messingham,2023-06-15 03:22:26,2023-06-16 03:22:26,2023-06-15 03:24:26,2023-06-15 03:24:14.005,Within SLA,2023-06-15 10:47:43.548,Within SLA,2023-06-16 09:47:03.778,4,3.0,Custom software development,Tier 2,France,48.864716,2.349014,0.030001388888888886,7.421541111111111,False,False,False,Within SLA
Closed,2360,Low,Chat,Training request,1st line support,Nicola Wane,2023-06-15 12:47:13,2023-06-16 12:47:13,2023-06-15 12:49:13,2023-06-15 12:48:22.758,Within SLA,2023-06-16 08:59:24.434,Within SLA,2023-06-18 23:26:43.894,6,4.0,Training and Consulting Services,Tier 1,Germany,51.165691,10.451526,0.01937722222222222,20.20317611111111,False,False,False,Within SLA
Resolved,2361,Low,Email,Feature request,2nd line support,Heather Urry,2023-06-15 01:48:45,2023-06-17 01:48:45,2023-06-15 02:48:45,2023-06-15 02:17:08.247,Within SLA,2023-06-15 05:51:55.956,Within SLA,,2,,Ready to use Software,Tier 2,Greece,39.368279,21.863141,0.4731241666666667,4.053043333333333,False,False,False,Within SLA
Closed,2362,Medium,Email,Training request,2nd line support,Heather Urry,2023-06-15 21:46:17,2023-06-17 21:46:17,2023-06-15 22:46:17,2023-06-15 22:31:50.413,Within SLA,2023-06-17 08:17:10.177,Within SLA,2023-06-16 17:08:56.061,10,2.0,Training and Consulting Services,Tier 2,Poland,52.536273,19.050639,0.7592813888888889,34.51477138888889,False,False,False,Within SLA
Resolved,2363,Medium,Email,Feature request,2nd line support,Adolpho Messingham,2023-06-15 00:54:40,2023-06-17 00:54:40,2023-06-15 01:54:40,2023-06-15 01:43:03.907,Within SLA,2023-06-16 20:27:13.644,Within SLA,,7,,Custom software development,Tier 2,United Kingdom,55.378052,-3.435973,0.8066408333333334,43.54267888888889,False,False,False,Within SLA
Resolved,2364,Low,Email,Feature request,1st line support,Connor Danielovitch,2023-06-16 21:52:30,2023-06-18 21:52:30,2023-06-16 22:52:30,2023-06-16 22:45:22.744,Within SLA,2023-06-21 13:03:25.824,SLA Violated,,1,,Custom software development,Tier 1,Czech Republic,49.8037633,15.4749126,0.8813177777777779,111.18217333333334,False,False,False,SLA Violated
Closed,2365,Medium,Email,Purchasing and invoicing,1st line support,Sheela Cutten,2023-06-16 11:53:56,2023-06-18 11:53:56,2023-06-16 12:53:56,2023-06-16 12:23:33.525,Within SLA,2023-06-18 01:37:18.569,Within SLA,2023-06-20 09:46:21.072,1,4.0,Ready to use Software,Tier 1,Republic of Ireland,53.094024,-8.019675,0.49375694444444446,37.72293583333333,False,False,False,Within SLA
Closed,2366,High,Email,Other,1st line support,Kristos Westoll,2023-06-16 15:52:33,2023-06-18 15:52:33,2023-06-16 16:52:33,2023-06-16 16:28:42.319,Within SLA,2023-06-18 14:06:05.272,Within SLA,2023-06-20 00:34:47.478,5,5.0,Ready to use Software,Tier 1,Greece,39.368279,21.863141,0.6025886111111111,46.22563111111111,False,False,False,Within SLA
Closed,2367,Low,Chat,Product setup,1st line support,Kristos Westoll,2023-06-16 09:59:53,2023-06-17 09:59:53,2023-06-16 10:01:53,2023-06-16 10:01:28.658,Within SLA,2023-06-16 14:30:21.974,Within SLA,2023-06-24 02:53:52.316,3,4.0,Ready to use Software,Tier 1,Greece,39.368279,21.863141,0.026571666666666667,4.508048333333333,False,False,False,Within SLA
Resolved,2368,Low,Email,Pricing and licensing,1st line support,Connor Danielovitch,2023-06-16 16:30:16,2023-06-18 16:30:16,2023-06-16 17:30:16,2023-06-16 17:35:48.650,SLA Violated,2023-06-20 04:22:07.346,SLA Violated,,1,,Custom software development,Tier 1,Republic of Ireland,53.094024,-8.019675,1.0924027777777778,83.86426277777778,False,False,False,SLA Violated
In progress,2369,Low,Chat,Product setup,2nd line support,Michele Whyatt,2023-06-16 06:07:53,2023-06-17 06:07:53,2023-06-16 06:09:53,2023-06-16 06:09:10.194,Within SLA,,SLA Violated,,4,,Custom software development,Tier 2,France,48.864716,2.349014,0.02144277777777778,,False,False,True,
Closed,2370,Low,Email,Pricing and licensing,1st line support,Bernard Beckley,2023-06-16 14:52:30,2023-06-18 14:52:30,2023-06-16 15:52:30,2023-06-16 15:42:36.200,Within SLA,2023-06-17 11:22:04.936,Within SLA,2023-06-17 04:17:24.756,10,4.0,Custom software development,Tier 1,Greece,39.368279,21.863141,0.8350555555555556,20.49303777777778,False,False,False,Within SLA
In progress,2371,Medium,Email,Purchasing and invoicing,2nd line support,Adolpho Messingham,2023-06-16 18:36:18,2023-06-18 18:36:18,2023-06-16 19:36:18,2023-06-16 18:46:24.604,Within SLA,,SLA Violated,,1,,Ready to use Software,Tier 2,Republic of Ireland,53.094024,-8.019675,0.16850111111111113,,False,False,True,
Resolved,2372,Low,Chat,Pricing and licensing,1st line support,Bernard Beckley,2023-06-16 18:14:15,2023-06-17 18:14:15,2023-06-16 18:16:15,2023-06-16 18:14:55.205,Within SLA,2023-06-17 04:48:38.936,Within SLA,,3,,Ready to use Software,Tier 1,Spain,39.67337,-4.767726,0.011168055555555554,10.573315555555556,False,False,False,Within SLA
Closed,2373,High,Email,Bug report,1st line support,Sheela Cutten,2023-06-16 03:03:28,2023-06-18 03:03:28,2023-06-16 04:03:28,2023-06-16 04:01:06.115,Within SLA,2023-06-17 04:24:55.290,Within SLA,2023-06-18 13:38:48.154,3,4.0,Ready to use Software,Tier 1,France,48.864716,2.349014,0.9605874999999999,25.357580555555554,False,False,False,Within SLA
Closed,2374,Low,Email,Bug report,1st line support,Bernard Beckley,2023-06-17 13:06:16,2023-06-19 13:06:16,2023-06-17 14:06:16,2023-06-17 13:36:16.047,Within SLA,2023-06-18 07:10:38.935,Within SLA,2023-06-23 07:12:35.102,1,2.0,Ready to use Software,Tier 1,Poland,52.536273,19.050639,0.5000130555555555,18.073037499999998,False,False,False,Within SLA
Closed,2375,Low,Email,Pricing and licensing,1st line support,Sheela Cutten,2023-06-17 06:29:35,2023-06-19 06:29:35,2023-06-17 07:29:35,2023-06-17 07:26:15.434,Within SLA,2023-06-18 00:09:34.684,Within SLA,2023-06-22 17:38:40.370,6,4.0,Training and Consulting Services,Tier 1,United Kingdom,55.378052,-3.435973,0.9445650000000001,17.66657888888889,False,False,False,Within SLA
In progress,2376,Low,Chat,Pricing and licensing,1st line support,Kristos Westoll,2023-06-17 06:31:32,2023-06-18 06:31:32,2023-06-17 06:33:32,2023-06-17 06:37:18.816,SLA Violated,,SLA Violated,,9,,Ready to use Software,Tier 1,United Kingdom,55.378052,-3.435973,0.09633777777777777,,False,False,True,
Resolved,2381,Low,Chat,Feature request,2nd line support,Adolpho Messingham,2023-06-18 18:13:48,2023-06-19 18:13:48,2023-06-18 18:15:48,2023-06-18 18:14:17.005,Within SLA,2023-06-20 07:45:44.823,SLA Violated,,7,,Custom software development,Tier 2,United Kingdom,55.378052,-3.435973,0.008056944444444445,37.532450833333336,False,False,False,SLA Violated
Closed,2382,Low,Chat,Pricing and licensing,1st line support,Sheela Cutten,2023-06-18 14:10:22,2023-06-19 14:10:22,2023-06-18 14:12:22,2023-06-18 14:10:46.982,Within SLA,2023-06-18 19:08:10.019,Within SLA,2023-06-20 01:53:06.382,3,3.0,Custom software development,Tier 1,Poland,52.536273,19.050639,0.006939444444444444,4.963338611111111,False,False,False,Within SLA
In progress,2383,High,Chat,Product setup,1st line support,Kristos Westoll,2023-06-19 07:11:25,2023-06-20 07:11:25,2023-06-19 07:13:25,2023-06-19 07:13:43.664,SLA Violated,,SLA Violated,,6,,Ready to use Software,Tier 1,Spain,39.67337,-4.767726,0.038517777777777776,,False,False,True,
Closed,2384,Low,Chat,Pricing and licensing,1st line support,Connor Danielovitch,2023-06-19 10:06:01,2023-06-20 10:06:01,2023-06-19 10:08:01,2023-06-19 10:07:05.875,Within SLA,2023-06-20 08:41:31.953,Within SLA,2023-06-23 19:47:44.142,6,4.0,Custom software development,Tier 1,Italy,43.036776,12.678565,0.018020833333333333,22.591931388888888,False,False,False,Within SLA
In progress,2385,Low,Email,Feature request,2nd line support,Adolpho Messingham,2023-06-19 02:56:47,2023-06-21 02:56:47,2023-06-19 03:56:47,2023-06-19 03:19:46.645,Within SLA,,SLA Violated,,1,,Other,Tier 2,Slovenia,46.1491664,14.9860106,0.3832347222222222,,False,False,True,
Closed,2386,Low,Email,Product setup,2nd line support,Heather Urry,2023-06-19 09:47:32,2023-06-21 09:47:32,2023-06-19 10:47:32,2023-06-19 10:25:29.499,Within SLA,2023-06-20 05:32:37.189,Within SLA,2023-06-22 11:14:20.353,1,5.0,Ready to use Software,Tier 2,Republic of Ireland,53.094024,-8.019675,0.6326386111111111,19.75144138888889,False,False,False,Within SLA
In progress,2387,Medium,Email,Bug report,1st line support,Sheela Cutten,2023-06-19 15:00:04,2023-06-21 15:00:04,2023-06-19 16:00:04,2023-06-19 15:04:13.722,Within SLA,,SLA Violated,,9,,Custom software development,Tier 1,Austria,47.6964719,13.3457347,0.06936722222222222,,False,False,True,
In progress,2388,Low,Email,Pricing and licensing,1st line support,Sheela Cutten,2023-06-19 18:56:11,2023-06-21 18:56:11,2023-06-19 19:56:11,2023-06-19 19:55:42.995,Within SLA,,SLA Violated,,1,,Other,Tier 1,Czech Republic,49.8037633,15.4749126,0.9922208333333333,,False,False,True,
Resolved,2389,Medium,Email,Feature request,1st line support,Connor Danielovitch,2023-06-19 13:19:08,2023-06-21 13:19:08,2023-06-19 14:19:08,2023-06-19 13:32:28.836,Within SLA,2023-06-19 20:41:51.551,Within SLA,,7,,Ready to use Software,Tier 1,Austria,47.6964719,13.3457347,0.22245444444444445,7.378764166666667,False,False,False,Within SLA
Closed,2390,Low,Email,Purchasing and invoicing,1st line support,Bernard Beckley,2023-06-20 05:58:21,2023-06-22 05:58:21,2023-06-20 06:58:21,2023-06-20 06:03:16.850,Within SLA,2023-06-22 01:44:26.795,Within SLA,2023-06-22 12:41:45.311,1,5.0,Other,Tier 1,United Kingdom,55.378052,-3.435973,0.08218055555555556,43.76827638888889,False,False,False,Within SLA
In progress,2391,Low,Chat,Product setup,1st line support,Nicola Wane,2023-06-20 03:21:33,2023-06-21 03:21:33,2023-06-20 03:23:33,2023-06-20 03:22:39.769,Within SLA,,SLA Violated,,5,,Ready to use Software,Tier 1,Czech Republic,49.8037633,15.4749126,0.018546944444444446,,False,False,True,
Closed,2392,Low,Email,Pricing and licensing,1st line support,Bernard Beckley,2023-06-20 00:42:46,2023-06-22 00:42:46,2023-06-20 01:42:46,2023-06-20 01:41:53.286,Within SLA,2023-06-23 15:17:53.004,SLA Violated,2023-06-25 11:38:46.816,3,2.0,Other,Tier 1,Bulgaria,42.7249925,25.4833039,0.9853572222222222,86.5852788888889,False,False,False,SLA Violated
Closed,2393,Low,Phone,Product setup,1st line support,Connor Danielovitch,2023-06-20 03:00:12,2023-06-22 03:00:12,2023-06-20 03:02:12,2023-06-20 03:00:49.593,Within SLA,2023-06-21 10:31:17.533,Within SLA,2023-06-20 22:49:11.669,3,3.0,Ready to use Software,Tier 1,United Kingdom,55.378052,-3.435973,0.0104425,31.51820361111111,False,False,False,Within SLA
Closed,2394,Low,Chat,Other,1st line support,Connor Danielovitch,2023-06-20 04:41:46,2023-06-21 04:41:46,2023-06-20 04:43:46,2023-06-20 04:43:05.749,Within SLA,2023-06-20 23:55:56.728,Within SLA,2023-06-21 04:13:43.786,3,4.0,Ready to use Software,Tier 1,Italy,43.036776,12.678565,0.0221525,19.236313333333335,False,False,False,Within SLA
Closed,2395,High,Email,Product setup,2nd line support,Michele Whyatt,2023-06-21 19:25:13,2023-06-23 19:25:13,2023-06-21 20:25:13,2023-06-21 19:40:16.454,Within SLA,2023-06-22 16:57:48.036,Within SLA,2023-06-25 21:33:41.235,10,1.0,Ready to use Software,Tier 2,United Kingdom,55.378052,-3.435973,0.25095944444444446,21.543065555555554,False,False,False,Within SLA
Resolved,2396,High,Email,Pricing and licensing,1st line support,Bernard Beckley,2023-06-21 17:34:47,2023-06-23 17:34:47,2023-06-21 18:34:47,2023-06-21 18:09:39.661,Within SLA,2023-06-23 07:58:31.417,Within SLA,,7,,Custom software development,Tier 1,Germany,51.165691,10.451526,0.5812947222222222,38.395671388888886,False,False,False,Within SLA
Resolved,2397,Low,Email,Other,1st line support,Connor Danielovitch,2023-06-21 05:06:53,2023-06-23 05:06:53,2023-06-21 06:06:53,2023-06-21 05:32:02.043,Within SLA,2023-06-22 08:11:45.070,Within SLA,,2,,Custom software development,Tier 1,Poland,52.536273,19.050639,0.4191786111111111,27.081130555555557,False,False,False,Within SLA
Closed,2398,Low,Email,Purchasing and invoicing,1st line support,Connor Danielovitch,2023-06-21 19:47:41,2023-06-23 19:47:41,2023-06-21 20:47:41,2023-06-21 19:50:00.684,Within SLA,2023-06-22 13:39:42.319,Within SLA,2023-06-24 02:05:35.301,10,5.0,Ready to use Software,Tier 1,Bulgaria,42.7249925,25.4833039,0.03880111111111111,17.867033055555556,False,False,False,Within SLA
Closed,2399,High,Chat,Product setup,2nd line support,Heather Urry,2023-06-21 10:02:44,2023-06-22 10:02:44,2023-06-21 10:04:44,2023-06-21 10:03:27.836,Within SLA,2023-06-22 17:22:18.622,SLA Violated,2023-06-24 15:43:07.162,4,3.0,Custom software development,Tier 2,United Kingdom,55.378052,-3.435973,0.012176666666666666,31.32628388888889,False,False,False,SLA Violated
Closed,2400,High,Chat,Feature request,1st line support,Nicola Wane,2023-06-21 22:56:11,2023-06-22 22:56:11,2023-06-21 22:58:11,2023-06-21 22:57:40.323,Within SLA,2023-06-27 19:57:56.387,SLA Violated,2023-06-28 21:42:59.708,6,3.0,Ready to use Software,Tier 1,Poland,52.536273,19.050639,0.024811944444444442,141.02927416666665,False,False,False,SLA Violated
Resolved,2401,Low,Chat,Other,1st line support,Connor Danielovitch,2023-06-21 18:25:14,2023-06-22 18:25:14,2023-06-21 18:27:14,2023-06-21 18:28:56.863,SLA Violated,2023-06-22 15:59:52.150,Within SLA,,4,,Ready to use Software,Tier 1,Spain,39.67337,-4.767726,0.061906388888888886,21.577263888888886,False,False,False,Within SLA
Closed,2402,Medium,Email,Feature request,1st line support,Kristos Westoll,2023-06-21 23:30:20,2023-06-23 23:30:20,2023-06-22 00:30:20,2023-06-22 00:20:36.960,Within SLA,2023-06-22 20:43:42.698,Within SLA,2023-06-25 15:08:07.171,1,5.0,Ready to use Software,Tier 1,Germany,51.165691,10.451526,0.8380444444444445,21.222971666666666,False,False,False,Within SLA
Resolved,2403,High,Chat,Other,1st line support,Kristos Westoll,2023-06-21 11:31:28,2023-06-22 11:31:28,2023-06-21 11:33:28,2023-06-21 11:32:38.178,Within SLA,2023-06-21 11:39:04.925,Within SLA,,60,,Custom software development,Tier 1,United Kingdom,55.378052,-3.435973,0.019493888888888887,0.1269236111111111,False,True,False,Within SLA
Closed,2404,Low,Email,Training request,2nd line support,Adolpho Messingham,2023-06-21 08:31:17,2023-06-23 08:31:17,2023-06-21 09:31:17,2023-06-21 08:52:45.281,Within SLA,2023-06-21 21:32:34.318,Within SLA,2023-06-25 12:33:20.356,8,3.0,Training and Consulting Services,Tier 2,Poland,52.536273,19.050639,0.3578558333333333,13.021477222222222,False,False,False,Within SLA
In progress,2405,Medium,Email,Training request,1st line support,Connor Danielovitch,2023-06-21 18:46:11,2023-06-23 18:46:11,2023-06-21 19:46:11,2023-06-21 19:34:19.469,Within SLA,,SLA Violated,,8,,Training and Consulting Services,Tier 1,Spain,39.67337,-4.767726,0.8023525,,False,False,True,
In progress,2406,Medium,Email,Product setup,1st line support,Connor Danielovitch,2023-06-21 15:15:00,2023-06-23 15:15:00,2023-06-21 16:15:00,2023-06-21 15:57:38.559,Within SLA,,SLA Violated,,2,,Ready to use Software,Tier 1,Poland,52.536273,19.050639,0.7107108333333334,,False,False,True,
Resolved,2407,High,Email,Feature request,2nd line support,Heather Urry,2023-06-21 15:13:01,2023-06-23 15:13:01,2023-06-21 16:13:01,2023-06-21 15:51:50.811,Within SLA,2023-06-23 02:46:06.195,Within SLA,,3,,Other,Tier 2,Poland,52.536273,19.050639,0.6471697222222222,35.55144305555556,False,False,False,Within SLA
Closed,2408,Low,Phone,Pricing and licensing,1st line support,Sheela Cutten,2023-06-21 15:24:15,2023-06-23 15:24:15,2023-06-21 15:26:15,2023-06-21 15:25:00.435,Within SLA,2023-06-27 08:48:41.028,SLA Violated,2023-06-29 03:21:08.606,5,4.0,Training and Consulting Services,Tier 1,Germany,51.165691,10.451526,0.012620833333333335,137.40723,False,False,False,SLA Violated
In progress,2409,Low,Email,Product setup,1st line support,Connor Danielovitch,2023-06-21 07:58:57,2023-06-23 07:58:57,2023-06-21 08:58:57,2023-06-21 08:53:02.917,Within SLA,,SLA Violated,,2,,Other,Tier 1,United Kingdom,55.378052,-3.435973,0.9016436111111111,,False,False,True,
Closed,2410,Low,Phone,Product setup,1st line support,Nicola Wane,2023-06-21 14:09:56,2023-06-23 14:09:56,2023-06-21 14:11:56,2023-06-21 14:13:03.615,SLA Violated,2023-06-21 22:35:13.223,Within SLA,2023-06-25 16:37:27.027,1,2.0,Ready to use Software,Tier 1,Slovenia,46.1491664,14.9860106,0.05211527777777778,8.421450833333333,False,False,False,Within SLA
Resolved,2411,High,Email,Feature request,2nd line support,Heather Urry,2023-06-22 21:31:03,2023-06-24 21:31:03,2023-06-22 22:31:03,2023-06-22 21:36:58.243,Within SLA,2023-06-23 11:02:12.548,Within SLA,,1,,Custom software development,Tier 2,Austria,47.6964719,13.3457347,0.0986786111111111,13.51931888888889,False,False,False,Within SLA
In progress,2412,Medium,Phone,Pricing and licensing,1st line support,Sheela Cutten,2023-06-22 09:19:42,2023-06-24 09:19:42,2023-06-22 09:21:42,2023-06-22 09:22:03.604,SLA Violated,,SLA Violated,,1,,Custom software development,Tier 1,United Kingdom,55.378052,-3.435973,0.03933444444444445,,False,False,True,
Resolved,2413,High,Chat,Pricing and licensing,1st line support,Sheela Cutten,2023-06-22 21:24:24,2023-06-23 21:24:24,2023-06-22 21:26:24,2023-06-22 21:25:52.814,Within SLA,2023-06-23 08:25:47.428,Within SLA,,4,,Other,Tier 1,Czech Republic,49.8037633,15.4749126,0.024670555555555553,11.023174444444445,False,False,False,Within SLA
Closed,2414,Low,Email,Feature request,2nd line support,Heather Urry,2023-06-22 15:10:05,2023-06-24 15:10:05,2023-06-22 16:10:05,2023-06-22 21:32:04.914,SLA Violated,2023-06-23 01:28:52.653,Within SLA,2023-06-28 14:11:42.765,1,5.0,Custom software development,Tier 2,Poland,52.536273,19.050639,6.366642777777778,10.313236944444444,False,False,False,Within SLA
In progress,2415,Medium,Email,Other,1st line support,Kristos Westoll,2023-06-22 09:31:15,2023-06-24 09:31:15,2023-06-22 10:31:15,2023-06-22 10:12:13.866,Within SLA,,SLA Violated,,3,,Ready to use Software,Tier 1,Germany,51.165691,10.451526,0.6830183333333333,,False,False,True,
Closed,2416,Low,Chat,Product setup,1st line support,Sheela Cutten,2023-06-22 03:14:48,2023-06-23 03:14:48,2023-06-22 03:16:48,2023-06-22 03:16:00.543,Within SLA,2023-06-22 08:24:31.902,Within SLA,2023-06-27 11:55:12.397,3,4.0,Ready to use Software,Tier 1,Poland,52.536273,19.050639,0.020150833333333337,5.162195,False,False,False,Within SLA
In progress,2417,Low,Chat,Training request,2nd line support,Heather Urry,2023-06-22 05:33:00,2023-06-23 05:33:00,2023-06-22 05:35:00,2023-06-22 05:36:01.055,SLA Violated,,SLA Violated,,8,,Training and Consulting Services,Tier 2,Italy,43.036776,12.678565,0.050293055555555556,,False,False,True,
Closed,2418,Medium,Email,Purchasing and invoicing,2nd line support,Michele Whyatt,2023-06-22 15:20:02,2023-06-24 15:20:02,2023-06-22 16:20:02,2023-06-22 15:36:47.277,Within SLA,2023-06-25 01:52:58.007,SLA Violated,2023-06-26 02:42:03.712,1,4.0,Ready to use Software,Tier 2,Germany,51.165691,10.451526,0.2792436111111111,58.54889083333334,False,False,False,SLA Violated
Closed,2419,Low,Phone,Pricing and licensing,1st line support,Connor Danielovitch,2023-06-22 15:17:57,2023-06-24 15:17:57,2023-06-22 15:19:57,2023-06-22 15:18:07.592,Within SLA,2023-06-24 06:43:14.339,Within SLA,2023-06-26 13:52:24.043,2,3.0,Custom software development,Tier 1,France,48.864716,2.349014,0.0029422222222222224,39.421483055555555,False,False,False,Within SLA
Closed,2420,Medium,Chat,Other,2nd line support,Adolpho Messingham,2023-06-22 10:16:27,2023-06-23 10:16:27,2023-06-22 10:18:27,2023-06-22 10:20:45.647,SLA Violated,2023-06-22 14:53:00.216,Within SLA,2023-06-26 20:28:08.574,60,4.0,Other,Tier 2,France,48.864716,2.349014,0.07184638888888889,4.609226666666666,False,True,False,Within SLA
Resolved,2421,Low,Phone,Other,1st line support,Kristos Westoll,2023-06-23 02:51:48,2023-06-25 02:51:48,2023-06-23 02:53:48,2023-06-23 02:52:10.570,Within SLA,2023-06-23 16:17:03.654,Within SLA,,3,,Ready to use Software,Tier 1,Bulgaria,42.7249925,25.4833039,0.006269444444444445,13.421015,False,False,False,Within SLA
Resolved,2422,Low,Phone,Pricing and licensing,1st line support,Bernard Beckley,2023-06-23 02:00:34,2023-06-25 02:00:34,2023-06-23 02:02:34,2023-06-23 02:04:43.405,SLA Violated,2023-06-23 21:33:51.256,Within SLA,,2,,Training and Consulting Services,Tier 1,Austria,47.6964719,13.3457347,0.06927916666666667,19.554793333333333,False,False,False,Within SLA
Closed,2423,Low,Email,Feature request,1st line support,Connor Danielovitch,2023-06-23 11:18:18,2023-06-25 11:18:18,2023-06-23 12:18:18,2023-06-23 12:10:12.318,Within SLA,2023-06-23 23:12:52.451,Within SLA,2023-06-25 01:19:42.428,1,3.0,Ready to use Software,Tier 1,Germany,51.165691,10.451526,0.8650883333333333,11.909569722222223,False,False,False,Within SLA
Closed,2425,Medium,Email,Product setup,1st line support,Bernard Beckley,2023-06-23 13:46:19,2023-06-25 13:46:19,2023-06-23 14:46:19,2023-06-23 14:10:55.009,Within SLA,2023-06-24 23:07:51.019,Within SLA,2023-06-25 08:08:49.570,1,4.0,Ready to use Software,Tier 1,United Kingdom,55.378052,-3.435973,0.4100025,33.358894166666666,False,False,False,Within SLA
In progress,2426,Low,Email,Pricing and licensing,1st line support,Kristos Westoll,2023-06-23 20:46:30,2023-06-25 20:46:30,2023-06-23 21:46:30,2023-06-23 21:26:43.787,Within SLA,,SLA Violated,,2,,Custom software development,Tier 1,Germany,51.165691,10.451526,0.6704963888888889,,False,False,True,
Resolved,2429,Low,Email,Pricing and licensing,1st line support,Nicola Wane,2023-06-23 22:09:46,2023-06-25 22:09:46,2023-06-23 23:09:46,2023-06-23 22:20:05.369,Within SLA,2023-06-25 00:32:47.972,Within SLA,,2,,Ready to use Software,Tier 1,Italy,43.036776,12.678565,0.17204694444444446,26.38388111111111,False,False,False,Within SLA
Closed,2431,High,Email,Purchasing and invoicing,1st line support,Bernard Beckley,2023-06-24 07:16:23,2023-06-26 07:16:23,2023-06-24 08:16:23,2023-06-24 07:52:49.550,Within SLA,2023-06-30 04:11:11.694,SLA Violated,2023-07-01 07:41:40.218,1,4.0,Other,Tier 1,Italy,43.036776,12.678565,0.607375,140.9135261111111,False,False,False,SLA Violated
Closed,2433,Low,Chat,Feature request,1st line support,Sheela Cutten,2023-06-24 18:39:33,2023-06-25 18:39:33,2023-06-24 18:41:33,2023-06-24 18:40:25.542,Within SLA,2023-06-25 12:35:39.930,Within SLA,2023-06-30 22:30:51.478,3,2.0,Ready to use Software,Tier 1,Bulgaria,42.7249925,25.4833039,0.014595,17.935258333333334,False,False,False,Within SLA
Closed,2446,Low,Chat,Pricing and licensing,2nd line support,Heather Urry,2023-06-25 16:40:38,2023-06-26 16:40:38,2023-06-25 16:42:38,2023-06-25 16:42:36.679,Within SLA,2023-06-26 13:32:29.708,Within SLA,2023-06-26 19:07:13.341,6,4.0,Custom software development,Tier 2,Republic of Ireland,53.094024,-8.019675,0.03296638888888889,20.864363333333333,False,False,False,Within SLA
Resolved,2447,High,Chat,Purchasing and invoicing,1st line support,Kristos Westoll,2023-06-25 11:26:56,2023-06-26 11:26:56,2023-06-25 11:28:56,2023-06-25 11:28:22.601,Within SLA,2023-06-25 13:44:35.799,Within SLA,,8,,Ready to use Software,Tier 1,Poland,52.536273,19.050639,0.024055833333333332,2.294388611111111,False,False,False,Within SLA
Closed,2448,Low,Email,Other,2nd line support,Michele Whyatt,2023-06-26 22:38:22,2023-06-28 22:38:22,2023-06-26 23:38:22,2023-06-27 05:46:54.590,SLA Violated,2023-06-28 00:49:29.267,Within SLA,2023-06-27 15:53:11.169,2,4.0,Ready to use Software,Tier 2,France,48.864716,2.349014,7.1423861111111115,26.185351944444445,False,False,False,Within SLA
In progress,2449,Low,Email,Product setup,1st line support,Connor Danielovitch,2023-06-26 10:41:45,2023-06-28 10:41:45,2023-06-26 11:41:45,2023-06-26 11:30:50.265,Within SLA,,SLA Violated,,10,,Other,Tier 1,Italy,43.036776,12.678565,0.8181291666666667,,False,False,True,
Resolved,2450,Low,Phone,Bug report,1st line support,Sheela Cutten,2023-06-26 05:34:44,2023-06-28 05:34:44,2023-06-26 05:36:44,2023-06-26 05:35:20.020,Within SLA,2023-06-27 17:15:09.650,Within SLA,,1,,Ready to use Software,Tier 1,Spain,39.67337,-4.767726,0.010005555555555556,35.673791666666666,False,False,False,Within SLA
Closed,2451,High,Phone,Other,2nd line support,Heather Urry,2023-06-26 12:51:02,2023-06-28 12:51:02,2023-06-26 12:53:02,2023-06-26 12:52:11.772,Within SLA,2023-06-27 12:39:07.426,Within SLA,2023-06-27 16:11:49.674,3,3.0,Training and Consulting Services,Tier 2,United Kingdom,55.378052,-3.435973,0.019381111111111113,23.801507222222224,False,False,False,Within SLA
Closed,2452,Medium,Phone,Feature request,1st line support,Connor Danielovitch,2023-06-26 05:51:24,2023-06-28 05:51:24,2023-06-26 05:53:24,2023-06-26 05:53:35.532,SLA Violated,2023-06-28 03:04:16.943,Within SLA,2023-06-28 18:01:42.560,3,5.0,Custom software development,Tier 1,Spain,39.67337,-4.767726,0.03653666666666667,45.214706388888885,False,False,False,Within SLA
Closed,2453,Low,Email,Purchasing and invoicing,1st line support,Sheela Cutten,2023-06-26 11:00:12,2023-06-28 11:00:12,2023-06-26 12:00:12,2023-06-26 11:24:52.048,Within SLA,2023-06-30 19:00:36.742,SLA Violated,2023-07-02 02:57:41.449,1,3.0,Custom software development,Tier 1,Republic of Ireland,53.094024,-8.019675,0.41112444444444446,104.00687277777779,False,False,False,SLA Violated
In progress,2454,Low,Phone,Other,1st line support,Connor Danielovitch,2023-06-26 11:40:47,2023-06-28 11:40:47,2023-06-26 11:42:47,2023-06-26 11:42:18.992,Within SLA,,SLA Violated,,1,,Custom software development,Tier 1,Germany,51.165691,10.451526,0.025553333333333334,,False,False,True,
In progress,2455,Low,Email,Pricing and licensing,1st line support,Bernard Beckley,2023-06-26 20:30:04,2023-06-28 20:30:04,2023-06-26 21:30:04,2023-06-26 20:44:26.591,Within SLA,,SLA Violated,,2,,Custom software development,Tier 1,Poland,52.536273,19.050639,0.23960861111111112,,False,False,True,
Closed,2456,Medium,Phone,Feature request,1st line support,Nicola Wane,2023-06-26 07:54:40,2023-06-28 07:54:40,2023-06-26 07:56:40,2023-06-26 08:00:32.028,SLA Violated,2023-06-27 18:20:54.288,Within SLA,2023-07-01 04:16:42.888,3,5.0,Ready to use Software,Tier 1,Bulgaria,42.7249925,25.4833039,0.09778555555555556,34.43730222222222,False,False,False,Within SLA
Closed,2457,Low,Chat,Bug report,1st line support,Connor Danielovitch,2023-06-26 08:29:45,2023-06-27 08:29:45,2023-06-26 08:31:45,2023-06-26 08:31:00.763,Within SLA,2023-06-27 07:18:20.873,Within SLA,2023-06-27 12:32:59.172,9,4.0,Training and Consulting Services,Tier 1,Slovenia,46.1491664,14.9860106,0.02104527777777778,22.809964722222222,False,False,False,Within SLA
Resolved,2458,Low,Email,Bug report,2nd line support,Michele Whyatt,2023-06-26 03:46:35,2023-06-28 03:46:35,2023-06-26 04:46:35,2023-06-26 03:52:57.744,Within SLA,2023-06-29 23:39:56.007,SLA Violated,,2,,Ready to use Software,Tier 2,Slovenia,46.1491664,14.9860106,0.10631777777777779,91.8891686111111,False,False,False,SLA Violated
Closed,2459,Medium,Email,Feature request,2nd line support,Heather Urry,2023-06-27 23:17:53,2023-06-29 23:17:53,2023-06-28 00:17:53,2023-06-27 23:34:01.575,Within SLA,2023-06-28 15:33:12.414,Within SLA,2023-07-02 18:12:27.247,3,2.0,Ready to use Software,Tier 2,Italy,43.036776,12.678565,0.2690486111111111,16.25539277777778,False,False,False,Within SLA
Closed,2460,Medium,Chat,Pricing and licensing,1st line support,Bernard Beckley,2023-06-27 12:16:37,2023-06-28 12:16:37,2023-06-27 12:18:37,2023-06-27 12:17:31.010,Within SLA,2023-06-27 19:53:52.239,Within SLA,2023-06-29 10:16:52.538,6,1.0,Ready to use Software,Tier 1,Spain,39.67337,-4.767726,0.015002777777777778,7.620899722222223,False,False,False,Within SLA
Closed,2461,Low,Chat,Feature request,2nd line support,Heather Urry,2023-06-27 08:00:05,2023-06-28 08:00:05,2023-06-27 08:02:05,2023-06-27 08:00:37.818,Within SLA,2023-06-27 15:01:38.242,Within SLA,2023-06-30 04:39:46.981,3,4.0,Custom software development,Tier 2,Italy,43.036776,12.678565,0.009116111111111111,7.025900555555555,False,False,False,Within SLA
In progress,2462,Low,Chat,Purchasing and invoicing,1st line support,Sheela Cutten,2023-06-27 22:45:24,2023-06-28 22:45:24,2023-06-27 22:47:24,2023-06-27 22:48:15.691,SLA Violated,,SLA Violated,,9,,Ready to use Software,Tier 1,Spain,39.67337,-4.767726,0.047691944444444447,,False,False,True,
Closed,2463,Low,Phone,Other,1st line support,Sheela Cutten,2023-06-27 21:39:49,2023-06-29 21:39:49,2023-06-27 21:41:49,2023-06-27 21:40:30.864,Within SLA,2023-06-28 18:14:25.823,Within SLA,2023-07-05 16:31:24.949,1,2.0,Ready to use Software,Tier 1,Poland,52.536273,19.050639,0.011628888888888888,20.57689527777778,False,False,False,Within SLA
Resolved,2464,Low,Email,Pricing and licensing,1st line support,Nicola Wane,2023-06-27 06:19:27,2023-06-29 06:19:27,2023-06-27 07:19:27,2023-06-27 06:31:45.771,Within SLA,2023-07-01 14:54:34.530,SLA Violated,,2,,Custom software development,Tier 1,United Kingdom,55.378052,-3.435973,0.20521416666666664,104.585425,False,False,False,SLA Violated
Resolved,2465,High,Chat,Product setup,2nd line support,Michele Whyatt,2023-06-27 06:27:31,2023-06-28 06:27:31,2023-06-27 06:29:31,2023-06-27 06:29:31.427,SLA Violated,2023-07-01 03:25:59.551,SLA Violated,,6,,Custom software development,Tier 2,Spain,39.67337,-4.767726,0.033451944444444444,92.97459749999999,False,False,False,SLA Violated
Resolved,2466,Medium,Email,Bug report,1st line support,Bernard Beckley,2023-06-27 01:10:56,2023-06-29 01:10:56,2023-06-27 02:10:56,2023-06-27 01:50:11.180,Within SLA,2023-06-27 02:52:02.005,Within SLA,,2,,Ready to use Software,Tier 1,United Kingdom,55.378052,-3.435973,0.6542166666666667,1.6850013888888888,False,False,False,Within SLA
Resolved,2467,Low,Email,Purchasing and invoicing,2nd line support,Michele Whyatt,2023-06-27 19:26:27,2023-06-29 19:26:27,2023-06-27 20:26:27,2023-06-27 19:45:38.696,Within SLA,2023-06-28 05:55:06.051,Within SLA,,9,,Custom software development,Tier 2,Poland,52.536273,19.050639,0.3199155555555555,10.477514166666667,False,False,False,Within SLA
Closed,2468,Low,Chat,Product setup,1st line support,Bernard Beckley,2023-06-28 05:59:15,2023-06-29 05:59:15,2023-06-28 06:01:15,2023-06-28 06:00:09.545,Within SLA,2023-06-28 15:31:47.960,Within SLA,2023-06-30 06:40:58.918,4,4.0,Ready to use Software,Tier 1,Poland,52.536273,19.050639,0.01515138888888889,9.542488888888888,False,False,False,Within SLA
Closed,2469,Low,Email,Pricing and licensing,1st line support,Kristos Westoll,2023-06-28 09:54:25,2023-06-30 09:54:25,2023-06-28 10:54:25,2023-06-28 09:55:25.612,Within SLA,2023-06-29 13:39:00.578,Within SLA,2023-06-30 12:13:54.898,3,5.0,Ready to use Software,Tier 1,United Kingdom,55.378052,-3.435973,0.016836666666666666,27.74321611111111,False,False,False,Within SLA
Closed,2470,Low,Chat,Pricing and licensing,1st line support,Bernard Beckley,2023-06-28 12:57:26,2023-06-29 12:57:26,2023-06-28 12:59:26,2023-06-28 12:58:58.577,Within SLA,2023-06-28 21:24:25.158,Within SLA,2023-07-04 17:31:59.972,6,3.0,Ready to use Software,Tier 1,Germany,51.165691,10.451526,0.025715833333333334,8.449766111111112,False,False,False,Within SLA
Resolved,2471,Low,Chat,Pricing and licensing,1st line support,Kristos Westoll,2023-06-28 12:31:36,2023-06-29 12:31:36,2023-06-28 12:33:36,2023-06-28 12:31:37.464,Within SLA,2023-06-28 14:39:38.787,Within SLA,,4,,Other,Tier 1,Poland,52.536273,19.050639,0.00040666666666666667,2.1341075000000003,False,False,False,Within SLA
Resolved,2473,Medium,Email,Pricing and licensing,1st line support,Nicola Wane,2023-06-28 01:59:56,2023-06-30 01:59:56,2023-06-28 02:59:56,2023-06-28 04:06:07.773,SLA Violated,2023-06-28 04:16:02.457,Within SLA,,4,,Training and Consulting Services,Tier 1,Germany,51.165691,10.451526,2.103270277777778,2.268460277777778,False,False,False,Within SLA
Resolved,2475,Low,Chat,Product setup,1st line support,Connor Danielovitch,2023-06-28 05:47:38,2023-06-29 05:47:38,2023-06-28 05:49:38,2023-06-28 05:49:34.275,Within SLA,2023-07-02 08:50:52.648,SLA Violated,,8,,Ready to use Software,Tier 1,Germany,51.165691,10.451526,0.03229861111111111,99.05406888888888,False,False,False,SLA Violated
Closed,2476,High,Chat,Other,1st line support,Bernard Beckley,2023-06-28 10:12:07,2023-06-29 10:12:07,2023-06-28 10:14:07,2023-06-28 10:15:07.132,SLA Violated,2023-06-28 13:12:04.117,Within SLA,2023-07-03 16:03:58.531,60,3.0,Custom software development,Tier 1,Poland,52.536273,19.050639,0.05003666666666667,2.9991991666666666,False,True,False,Within SLA
In progress,2477,Medium,Chat,Feature request,1st line support,Bernard Beckley,2023-06-28 18:31:59,2023-06-29 18:31:59,2023-06-28 18:33:59,2023-06-28 18:33:07.510,Within SLA,,SLA Violated,,6,,Custom software development,Tier 1,France,48.864716,2.349014,0.019030555555555558,,False,False,True,
In progress,2478,High,Chat,Product setup,2nd line support,Adolpho Messingham,2023-06-28 18:37:55,2023-06-29 18:37:55,2023-06-28 18:39:55,2023-06-28 18:38:45.680,Within SLA,,SLA Violated,,7,,Custom software development,Tier 2,France,48.864716,2.349014,0.014077777777777778,,False,False,True,
Resolved,2479,Low,Email,Other,2nd line support,Heather Urry,2023-06-28 04:10:43,2023-06-30 04:10:43,2023-06-28 05:10:43,2023-06-28 05:08:58.321,Within SLA,2023-06-30 02:42:20.607,Within SLA,,6,,Training and Consulting Services,Tier 2,Germany,51.165691,10.451526,0.9709225,46.52711305555555,False,False,False,Within SLA
Resolved,2481,High,Chat,Other,1st line support,Kristos Westoll,2023-06-29 20:05:17,2023-06-30 20:05:17,2023-06-29 20:07:17,2023-06-29 20:05:22.761,Within SLA,2023-06-30 15:22:54.837,Within SLA,,9,,Ready to use Software,Tier 1,Bulgaria,42.7249925,25.4833039,0.0016002777777777777,19.29384361111111,False,False,False,Within SLA
Closed,2482,Low,Email,Bug report,1st line support,Kristos Westoll,2023-06-29 02:01:11,2023-07-01 02:01:11,2023-06-29 03:01:11,2023-06-29 02:56:51.645,Within SLA,2023-06-29 15:53:37.994,Within SLA,2023-07-04 06:17:18.794,1,5.0,Training and Consulting Services,Tier 1,Greece,39.368279,21.863141,0.9279569444444444,13.874165,False,False,False,Within SLA
Resolved,2483,Low,Email,Product setup,2nd line support,Heather Urry,2023-06-29 08:11:33,2023-07-01 08:11:33,2023-06-29 09:11:33,2023-06-29 08:48:39.096,Within SLA,2023-07-02 04:26:55.126,SLA Violated,,3,,Other,Tier 2,Italy,43.036776,12.678565,0.61836,68.25614611111111,False,False,False,SLA Violated
Resolved,2484,Medium,Email,Product setup,1st line support,Nicola Wane,2023-06-29 23:48:01,2023-07-01 23:48:01,2023-06-30 00:48:01,2023-06-30 00:35:39.126,Within SLA,2023-07-01 16:55:34.925,Within SLA,,4,,Training and Consulting Services,Tier 1,Italy,43.036776,12.678565,0.793923888888889,41.12609027777778,False,False,False,Within SLA
Resolved,2485,Medium,Email,Other,1st line support,Bernard Beckley,2023-06-29 01:15:34,2023-07-01 01:15:34,2023-06-29 02:15:34,2023-06-29 01:56:03.330,Within SLA,2023-06-30 04:38:43.945,Within SLA,,2,,Training and Consulting Services,Tier 1,Austria,47.6964719,13.3457347,0.6748138888888888,27.386095833333336,False,False,False,Within SLA
Resolved,2486,Low,Phone,Product setup,1st line support,Bernard Beckley,2023-06-30 11:38:07,2023-07-02 11:38:07,2023-06-30 11:40:07,2023-06-30 11:38:38.184,Within SLA,2023-06-30 21:04:35.834,Within SLA,,1,,Ready to use Software,Tier 1,Greece,39.368279,21.863141,0.008662222222222222,9.441342777777779,False,False,False,Within SLA
Resolved,2487,High,Chat,Product setup,2nd line support,Michele Whyatt,2023-06-30 01:01:06,2023-07-01 01:01:06,2023-06-30 01:03:06,2023-06-30 01:02:50.694,Within SLA,2023-06-30 21:26:04.954,Within SLA,,7,,Other,Tier 2,Poland,52.536273,19.050639,0.02908166666666667,20.41637611111111,False,False,False,Within SLA
Closed,2488,Low,Chat,Feature request,2nd line support,Adolpho Messingham,2023-06-30 00:30:35,2023-07-01 00:30:35,2023-06-30 00:32:35,2023-06-30 00:31:12.697,Within SLA,2023-06-30 22:15:28.954,Within SLA,2023-07-03 22:07:55.751,4,3.0,Custom software development,Tier 2,Poland,52.536273,19.050639,0.01047138888888889,21.748320555555555,False,False,False,Within SLA
Closed,2489,Low,Chat,Purchasing and invoicing,1st line support,Bernard Beckley,2023-06-30 11:55:24,2023-07-01 11:55:24,2023-06-30 11:57:24,2023-06-30 11:57:20.474,Within SLA,2023-06-30 19:39:20.760,Within SLA,2023-07-03 12:24:20.169,6,3.0,Custom software development,Tier 1,Slovenia,46.1491664,14.9860106,0.03235388888888889,7.732433333333333,False,False,False,Within SLA
Closed,2490,Medium,Email,Product setup,2nd line support,Heather Urry,2023-06-30 03:26:27,2023-07-02 03:26:27,2023-06-30 04:26:27,2023-06-30 04:12:24.107,Within SLA,2023-06-30 22:59:00.729,Within SLA,2023-07-05 18:15:04.935,2,4.0,Ready to use Software,Tier 2,Poland,52.536273,19.050639,0.7658630555555556,19.5427025,False,False,False,Within SLA
Closed,2491,High,Chat,Pricing and licensing,1st line support,Nicola Wane,2023-06-30 11:16:15,2023-07-01 11:16:15,2023-06-30 11:18:15,2023-06-30 11:19:23.109,SLA Violated,2023-06-30 16:23:33.454,Within SLA,2023-07-02 00:11:42.477,7,5.0,Custom software development,Tier 1,Bulgaria,42.7249925,25.4833039,0.0522525,5.121792777777778,False,False,False,Within SLA
In progress,2492,Medium,Email,Product setup,1st line support,Connor Danielovitch,2023-06-30 01:18:00,2023-07-02 01:18:00,2023-06-30 02:18:00,2023-06-30 02:03:00.657,Within SLA,,SLA Violated,,6,,Ready to use Software,Tier 1,Spain,39.67337,-4.767726,0.7501825000000001,,False,False,True,
Closed,2493,Low,Email,Product setup,2nd line support,Michele Whyatt,2023-06-30 08:43:31,2023-07-02 08:43:31,2023-06-30 09:43:31,2023-06-30 09:31:16.291,Within SLA,2023-07-02 12:41:34.908,SLA Violated,2023-07-03 13:09:01.211,5,3.0,Ready to use Software,Tier 2,Poland,52.536273,19.050639,0.7959141666666667,51.967752222222224,False,False,False,SLA Violated
In progress,2494,Medium,Chat,Feature request,1st line support,Sheela Cutten,2023-06-30 18:51:17,2023-07-01 18:51:17,2023-06-30 18:53:17,2023-06-30 18:52:54.710,Within SLA,,SLA Violated,,6,,Other,Tier 1,Greece,39.368279,21.863141,0.027141666666666665,,False,False,True,
Resolved,2495,High,Email,Feature request,2nd line support,Heather Urry,2023-06-30 11:48:13,2023-07-02 11:48:13,2023-06-30 12:48:13,2023-06-30 12:07:48.871,Within SLA,2023-07-05 11:34:09.468,SLA Violated,,6,,Other,Tier 2,Czech Republic,49.8037633,15.4749126,0.32663083333333337,119.76568555555555,False,False,False,SLA Violated
Closed,2496,Medium,Email,Purchasing and invoicing,1st line support,Sheela Cutten,2023-06-30 07:56:05,2023-07-02 07:56:05,2023-06-30 08:56:05,2023-06-30 07:58:35.338,Within SLA,2023-07-02 06:30:19.067,Within SLA,2023-07-05 10:34:08.226,5,2.0,Custom software development,Tier 1,Italy,43.036776,12.678565,0.04176055555555555,46.57057416666667,False,False,False,Within SLA
In progress,2497,Low,Email,Feature request,1st line support,Kristos Westoll,2023-07-01 19:34:25,2023-07-03 19:34:25,2023-07-01 20:34:25,2023-07-01 19:48:12.540,Within SLA,,SLA Violated,,1,,Ready to use Software,Tier 1,United Kingdom,55.378052,-3.435973,0.2298722222222222,,False,False,True,
Closed,2498,High,Chat,Product setup,1st line support,Sheela Cutten,2023-07-01 04:08:10,2023-07-02 04:08:10,2023-07-01 04:10:10,2023-07-01 04:09:13.967,Within SLA,2023-07-01 05:42:51.119,Within SLA,2023-07-05 12:24:37.455,4,5.0,Ready to use Software,Tier 1,Italy,43.036776,12.678565,0.01776861111111111,1.578088611111111,False,False,False,Within SLA
Resolved,2508,Medium,Phone,Other,1st line support,Nicola Wane,2023-07-02 11:43:22,2023-07-04 11:43:22,2023-07-02 11:45:22,2023-07-02 11:43:44.044,Within SLA,2023-07-08 05:52:44.459,SLA Violated,,1,,Ready to use Software,Tier 1,Greece,39.368279,21.863141,0.006123333333333333,138.1562386111111,False,False,False,SLA Violated
Closed,2509,Medium,Chat,Feature request,1st line support,Sheela Cutten,2023-07-02 15:34:25,2023-07-03 15:34:25,2023-07-02 15:36:25,2023-07-02 15:36:18.361,Within SLA,2023-07-03 12:17:19.994,Within SLA,2023-07-03 23:10:04.398,3,4.0,Other,Tier 1,Bulgaria,42.7249925,25.4833039,0.031489166666666665,20.715276111111113,False,False,False,Within SLA
In progress,2510,Low,Phone,Product setup,1st line support,Sheela Cutten,2023-07-02 12:17:52,2023-07-04 12:17:52,2023-07-02 12:19:52,2023-07-02 12:19:37.422,Within SLA,,SLA Violated,,2,,Ready to use Software,Tier 1,United Kingdom,55.378052,-3.435973,0.029283888888888887,,False,False,True,
In progress,2511,Low,Chat,Product setup,1st line support,Nicola Wane,2023-07-03 12:38:49,2023-07-04 12:38:49,2023-07-03 12:40:49,2023-07-03 12:42:53.124,SLA Violated,,SLA Violated,,3,,Custom software development,Tier 1,Greece,39.368279,21.863141,0.06781222222222222,,False,False,True,
Resolved,2512,Low,Email,Pricing and licensing,1st line support,Connor Danielovitch,2023-07-03 05:38:12,2023-07-05 05:38:12,2023-07-03 06:38:12,2023-07-03 05:56:44.486,Within SLA,2023-07-04 03:37:19.737,Within SLA,,6,,Ready to use Software,Tier 1,Czech Republic,49.8037633,15.4749126,0.30902388888888893,21.9854825,False,False,False,Within SLA
In progress,2513,Low,Email,Bug report,1st line support,Sheela Cutten,2023-07-03 22:38:16,2023-07-05 22:38:16,2023-07-03 23:38:16,2023-07-03 22:53:31.488,Within SLA,,SLA Violated,,1,,Custom software development,Tier 1,United Kingdom,55.378052,-3.435973,0.25430222222222226,,False,False,True,
In progress,2514,Low,Email,Bug report,1st line support,Bernard Beckley,2023-07-03 00:50:51,2023-07-05 00:50:51,2023-07-03 01:50:51,2023-07-03 01:39:05.538,Within SLA,,SLA Violated,,3,,Ready to use Software,Tier 1,Germany,51.165691,10.451526,0.8040383333333333,,False,False,True,
In progress,2515,Low,Chat,Feature request,1st line support,Sheela Cutten,2023-07-03 19:13:13,2023-07-04 19:13:13,2023-07-03 19:15:13,2023-07-03 19:14:27.372,Within SLA,,SLA Violated,,4,,Custom software development,Tier 1,Poland,52.536273,19.050639,0.02065888888888889,,False,False,True,
Resolved,2516,Medium,Email,Product setup,1st line support,Bernard Beckley,2023-07-04 23:47:01,2023-07-06 23:47:01,2023-07-05 00:47:01,2023-07-05 00:07:29.096,Within SLA,2023-07-05 13:06:08.299,Within SLA,,2,,Ready to use Software,Tier 1,Germany,51.165691,10.451526,0.34113777777777776,13.318694166666667,False,False,False,Within SLA
Closed,2517,Medium,Chat,Pricing and licensing,2nd line support,Adolpho Messingham,2023-07-04 02:36:13,2023-07-05 02:36:13,2023-07-04 02:38:13,2023-07-04 02:36:41.922,Within SLA,2023-07-04 19:31:19.455,Within SLA,2023-07-11 10:38:45.560,9,2.0,Training and Consulting Services,Tier 2,Italy,43.036776,12.678565,0.008033888888888889,16.918459722222224,False,False,False,Within SLA
Resolved,2518,Low,Email,Pricing and licensing,1st line support,Connor Danielovitch,2023-07-04 00:39:52,2023-07-06 00:39:52,2023-07-04 01:39:52,2023-07-04 01:08:13.640,Within SLA,2023-07-05 10:13:45.710,Within SLA,,3,,Ready to use Software,Tier 1,Poland,52.536273,19.050639,0.4726777777777778,33.56491944444445,False,False,False,Within SLA
Closed,2519,High,Phone,Pricing and licensing,1st line support,Bernard Beckley,2023-07-04 10:01:39,2023-07-06 10:01:39,2023-07-04 10:03:39,2023-07-04 10:01:52.846,Within SLA,2023-07-06 00:51:07.618,Within SLA,2023-07-07 01:35:22.462,1,3.0,Ready to use Software,Tier 1,United Kingdom,55.378052,-3.435973,0.0038461111111111113,38.824616111111105,False,False,False,Within SLA
In progress,2520,High,Chat,Other,1st line support,Kristos Westoll,2023-07-04 13:14:19,2023-07-05 13:14:19,2023-07-04 13:16:19,2023-07-04 13:16:13.886,Within SLA,,SLA Violated,,9,,Ready to use Software,Tier 1,Germany,51.165691,10.451526,0.031912777777777776,,False,False,True,
Closed,2521,Low,Email,Other,2nd line support,Michele Whyatt,2023-07-04 01:40:31,2023-07-06 01:40:31,2023-07-04 02:40:31,2023-07-04 04:13:22.444,SLA Violated,2023-07-05 11:19:49.687,Within SLA,2023-07-11 00:58:21.007,10,5.0,Custom software development,Tier 2,Republic of Ireland,53.094024,-8.019675,2.547623333333333,33.655190833333336,False,False,False,Within SLA
Closed,2522,Low,Email,Bug report,1st line support,Nicola Wane,2023-07-04 03:48:41,2023-07-06 03:48:41,2023-07-04 04:48:41,2023-07-04 04:48:24.876,Within SLA,2023-07-04 05:00:10.949,Within SLA,2023-07-07 04:28:48.817,8,1.0,Custom software development,Tier 1,Austria,47.6964719,13.3457347,0.9955211111111112,1.1916525,False,False,False,Within SLA
In progress,2523,Low,Chat,Bug report,2nd line support,Michele Whyatt,2023-07-04 15:19:33,2023-07-05 15:19:33,2023-07-04 15:21:33,2023-07-04 15:20:28.158,Within SLA,,SLA Violated,,6,,Ready to use Software,Tier 2,Austria,47.6964719,13.3457347,0.015321666666666667,,False,False,True,
Closed,2525,High,Chat,Bug report,2nd line support,Adolpho Messingham,2023-07-05 12:47:04,2023-07-06 12:47:04,2023-07-05 12:49:04,2023-07-05 12:52:06.016,SLA Violated,2023-07-05 21:54:27.783,Within SLA,2023-07-06 13:00:35.830,6,1.0,Ready to use Software,Tier 2,Slovenia,46.1491664,14.9860106,0.08389333333333333,9.123273055555556,False,False,False,Within SLA
Resolved,2526,Medium,Chat,Product setup,1st line support,Kristos Westoll,2023-07-05 15:03:26,2023-07-06 15:03:26,2023-07-05 15:05:26,2023-07-05 15:08:08.326,SLA Violated,2023-07-05 23:40:48.337,Within SLA,,3,,Ready to use Software,Tier 1,Germany,51.165691,10.451526,0.07842388888888889,8.622871388888889,False,False,False,Within SLA
Resolved,2527,Low,Email,Product setup,1st line support,Nicola Wane,2023-07-05 23:01:55,2023-07-07 23:01:55,2023-07-06 00:01:55,2023-07-05 23:18:19.852,Within SLA,2023-07-07 01:06:24.849,Within SLA,,1,,Ready to use Software,Tier 1,Spain,39.67337,-4.767726,0.27357,26.074958055555555,False,False,False,Within SLA
Resolved,2528,Medium,Email,Product setup,1st line support,Bernard Beckley,2023-07-05 21:03:38,2023-07-07 21:03:38,2023-07-05 22:03:38,2023-07-05 21:13:43.400,Within SLA,2023-07-07 10:11:44.110,Within SLA,,3,,Custom software development,Tier 1,Poland,52.536273,19.050639,0.16816666666666666,37.13503055555555,False,False,False,Within SLA
Resolved,2529,Medium,Chat,Product setup,1st line support,Nicola Wane,2023-07-05 22:10:12,2023-07-06 22:10:12,2023-07-05 22:12:12,2023-07-05 22:11:46.841,Within SLA,2023-07-06 17:00:02.836,Within SLA,,6,,Ready to use Software,Tier 1,Poland,52.536273,19.050639,0.02634472222222222,18.830787777777775,False,False,False,Within SLA
In progress,2530,Low,Chat,Product setup,1st line support,Sheela Cutten,2023-07-05 17:10:41,2023-07-06 17:10:41,2023-07-05 17:12:41,2023-07-05 17:10:58.804,Within SLA,,SLA Violated,,3,,Ready to use Software,Tier 1,Italy,43.036776,12.678565,0.0049455555555555555,,False,False,True,
Closed,2532,High,Email,Feature request,1st line support,Nicola Wane,2023-07-05 14:30:43,2023-07-07 14:30:43,2023-07-05 15:30:43,2023-07-05 14:36:49.992,Within SLA,2023-07-05 17:41:47.268,Within SLA,2023-07-09 00:06:21.648,2,1.0,Ready to use Software,Tier 1,United Kingdom,55.378052,-3.435973,0.10194222222222223,3.184518888888889,False,False,False,Within SLA
Resolved,2535,Low,Chat,Product setup,1st line support,Connor Danielovitch,2023-07-06 02:48:03,2023-07-07 02:48:03,2023-07-06 02:50:03,2023-07-06 02:49:33.393,Within SLA,2023-07-07 01:49:32.481,Within SLA,,6,,Ready to use Software,Tier 1,Italy,43.036776,12.678565,0.02510916666666667,23.024855833333334,False,False,False,Within SLA
In progress,2536,Low,Chat,Other,1st line support,Connor Danielovitch,2023-07-06 19:49:27,2023-07-07 19:49:27,2023-07-06 19:51:27,2023-07-06 19:49:46.347,Within SLA,,SLA Violated,,9,,Custom software development,Tier 1,Germany,51.165691,10.451526,0.005374166666666667,,False,False,True,
Closed,2537,Medium,Chat,Product setup,2nd line support,Michele Whyatt,2023-07-06 10:23:03,2023-07-07 10:23:03,2023-07-06 10:25:03,2023-07-06 10:24:37.944,Within SLA,2023-07-07 04:25:55.308,Within SLA,2023-07-11 21:20:38.482,6,5.0,Custom software development,Tier 2,Italy,43.036776,12.678565,0.026373333333333335,18.047863333333332,False,False,False,Within SLA
Closed,2539,Low,Email,Pricing and licensing,1st line support,Sheela Cutten,2023-07-06 13:22:22,2023-07-08 13:22:22,2023-07-06 14:22:22,2023-07-06 14:09:11.957,Within SLA,2023-07-08 05:15:47.159,Within SLA,2023-07-11 08:01:42.997,10,4.0,Ready to use Software,Tier 1,Poland,52.536273,19.050639,0.780543611111111,39.89032194444445,False,False,False,Within SLA
Resolved,2540,Low,Email,Other,1st line support,Kristos Westoll,2023-07-06 01:26:59,2023-07-08 01:26:59,2023-07-06 02:26:59,2023-07-06 01:30:39.801,Within SLA,2023-07-06 13:02:45.258,Within SLA,,1,,Ready to use Software,Tier 1,Greece,39.368279,21.863141,0.06133361111111111,11.596182777777779,False,False,False,Within SLA
Closed,2541,Low,Chat,Pricing and licensing,2nd line support,Adolpho Messingham,2023-07-06 16:59:58,2023-07-07 16:59:58,2023-07-06 17:01:58,2023-07-06 17:05:49.517,SLA Violated,2023-07-08 10:12:08.599,SLA Violated,2023-07-09 08:33:55.698,6,4.0,Ready to use Software,Tier 2,Poland,52.536273,19.050639,0.09764361111111111,41.20294416666666,False,False,False,SLA Violated
Closed,2543,Low,Phone,Product setup,1st line support,Kristos Westoll,2023-07-06 08:04:13,2023-07-08 08:04:13,2023-07-06 08:06:13,2023-07-06 08:07:20.759,SLA Violated,2023-07-08 05:22:10.688,Within SLA,2023-07-13 10:00:33.532,2,4.0,Ready to use Software,Tier 1,Germany,51.165691,10.451526,0.05215527777777777,45.29935777777778,False,False,False,Within SLA
Closed,2544,Medium,Email,Pricing and licensing,1st line support,Sheela Cutten,2023-07-06 14:05:11,2023-07-08 14:05:11,2023-07-06 15:05:11,2023-07-06 14:10:24.266,Within SLA,2023-07-07 02:40:53.058,Within SLA,2023-07-10 00:29:21.115,5,4.0,Other,Tier 1,Spain,39.67337,-4.767726,0.08701833333333334,12.59501611111111,False,False,False,Within SLA
Closed,2545,High,Chat,Bug report,1st line support,Sheela Cutten,2023-07-06 02:12:09,2023-07-07 02:12:09,2023-07-06 02:14:09,2023-07-06 02:13:31.042,Within SLA,2023-07-06 21:17:02.563,Within SLA,2023-07-13 22:57:43.904,2,4.0,Custom software development,Tier 1,Poland,52.536273,19.050639,0.022789444444444446,19.081545277777778,False,False,False,Within SLA
Resolved,2546,Low,Email,Feature request,2nd line support,Michele Whyatt,2023-07-06 23:36:06,2023-07-08 23:36:06,2023-07-07 00:36:06,2023-07-06 23:45:31.545,Within SLA,2023-07-10 09:17:57.194,SLA Violated,,10,,Ready to use Software,Tier 2,United Kingdom,55.378052,-3.435973,0.15709583333333332,81.69755388888889,False,False,False,SLA Violated
Resolved,2547,Low,Email,Feature request,1st line support,Bernard Beckley,2023-07-07 00:03:58,2023-07-09 00:03:58,2023-07-07 01:03:58,2023-07-07 00:23:27.979,Within SLA,2023-07-07 17:42:20.484,Within SLA,,2,,Custom software development,Tier 1,United Kingdom,55.378052,-3.435973,0.3249941666666667,17.639578888888888,False,False,False,Within SLA
Resolved,2548,Medium,Email,Pricing and licensing,2nd line support,Heather Urry,2023-07-07 13:22:46,2023-07-09 13:22:46,2023-07-07 14:22:46,2023-07-07 13:55:06.150,Within SLA,2023-07-09 03:13:08.987,Within SLA,,9,,Ready to use Software,Tier 2,Czech Republic,49.8037633,15.4749126,0.5389305555555556,37.83971861111111,False,False,False,Within SLA
Resolved,2549,Medium,Chat,Pricing and licensing,2nd line support,Michele Whyatt,2023-07-07 11:51:04,2023-07-08 11:51:04,2023-07-07 11:53:04,2023-07-07 11:51:24.378,Within SLA,2023-07-07 18:46:17.448,Within SLA,,6,,Ready to use Software,Tier 2,Italy,43.036776,12.678565,0.005660555555555556,6.920402222222222,False,False,False,Within SLA
In progress,2550,Low,Chat,Product setup,1st line support,Bernard Beckley,2023-07-07 14:51:18,2023-07-08 14:51:18,2023-07-07 14:53:18,2023-07-07 14:53:11.344,Within SLA,,SLA Violated,,6,,Ready to use Software,Tier 1,Italy,43.036776,12.678565,0.03148444444444444,,False,False,True,
Resolved,2551,High,Email,Other,1st line support,Connor Danielovitch,2023-07-07 12:22:32,2023-07-09 12:22:32,2023-07-07 13:22:32,2023-07-07 12:48:37.304,Within SLA,2023-07-13 12:00:23.316,SLA Violated,,7,,Ready to use Software,Tier 1,France,48.864716,2.349014,0.4348066666666667,143.63092111111112,False,False,False,SLA Violated
Closed,2552,Low,Email,Product setup,1st line support,Nicola Wane,2023-07-07 23:08:26,2023-07-09 23:08:26,2023-07-08 00:08:26,2023-07-07 23:26:35.704,Within SLA,2023-07-09 10:13:16.478,Within SLA,2023-07-14 19:42:22.901,9,5.0,Training and Consulting Services,Tier 1,Germany,51.165691,10.451526,0.30269555555555555,35.080688333333335,False,False,False,Within SLA
Resolved,2553,Low,Phone,Other,1st line support,Bernard Beckley,2023-07-07 22:58:06,2023-07-09 22:58:06,2023-07-07 23:00:06,2023-07-07 22:59:37.686,Within SLA,2023-07-08 22:15:20.632,Within SLA,,7,,Other,Tier 1,Spain,39.67337,-4.767726,0.025468333333333336,23.287397777777777,False,False,False,Within SLA
Resolved,2554,High,Email,Bug report,1st line support,Nicola Wane,2023-07-07 15:00:47,2023-07-09 15:00:47,2023-07-07 16:00:47,2023-07-07 15:08:31.685,Within SLA,2023-07-11 10:23:21.996,SLA Violated,,3,,Custom software development,Tier 1,Spain,39.67337,-4.767726,0.12907916666666666,91.37638777777778,False,False,False,SLA Violated
Closed,2555,Low,Chat,Feature request,2nd line support,Michele Whyatt,2023-07-07 10:28:20,2023-07-08 10:28:20,2023-07-07 10:30:20,2023-07-07 10:29:39.882,Within SLA,2023-07-08 02:34:15.317,Within SLA,2023-07-10 18:32:37.181,2,4.0,Ready to use Software,Tier 2,France,48.864716,2.349014,0.022189444444444446,16.098699166666666,False,False,False,Within SLA
Resolved,2556,Low,Phone,Bug report,1st line support,Kristos Westoll,2023-07-07 00:06:17,2023-07-09 00:06:17,2023-07-07 00:08:17,2023-07-07 00:06:30.636,Within SLA,2023-07-07 22:47:36.799,Within SLA,,1,,Custom software development,Tier 1,Germany,51.165691,10.451526,0.0037877777777777775,22.688833055555556,False,False,False,Within SLA
Closed,2557,Medium,Email,Product setup,1st line support,Bernard Beckley,2023-07-08 00:15:43,2023-07-10 00:15:43,2023-07-08 01:15:43,2023-07-08 00:57:32.974,Within SLA,2023-07-08 04:50:41.865,Within SLA,2023-07-11 13:51:16.707,3,3.0,Ready to use Software,Tier 1,Italy,43.036776,12.678565,0.697215,4.583018055555556,False,False,False,Within SLA
Closed,2558,Low,Chat,Purchasing and invoicing,1st line support,Kristos Westoll,2023-07-08 05:06:51,2023-07-09 05:06:51,2023-07-08 05:08:51,2023-07-08 05:07:02.208,Within SLA,2023-07-08 16:56:16.847,Within SLA,2023-07-14 05:04:54.956,6,3.0,Other,Tier 1,Austria,47.6964719,13.3457347,0.0031133333333333334,11.823846388888889,False,False,False,Within SLA
Closed,2559,Medium,Chat,Product setup,2nd line support,Adolpho Messingham,2023-07-09 17:02:18,2023-07-10 17:02:18,2023-07-09 17:04:18,2023-07-09 17:03:41.803,Within SLA,2023-07-09 22:11:36.468,Within SLA,2023-07-16 11:51:05.675,2,2.0,Ready to use Software,Tier 2,France,48.864716,2.349014,0.02327861111111111,5.15513,False,False,False,Within SLA
Resolved,2566,Low,Phone,Feature request,1st line support,Bernard Beckley,2023-07-09 14:19:39,2023-07-11 14:19:39,2023-07-09 14:21:39,2023-07-09 14:20:00.844,Within SLA,2023-07-10 20:27:33.675,Within SLA,,1,,Custom software development,Tier 1,Austria,47.6964719,13.3457347,0.006067777777777778,30.131854166666667,False,False,False,Within SLA
Resolved,2567,Medium,Email,Pricing and licensing,1st line support,Nicola Wane,2023-07-09 08:37:29,2023-07-11 08:37:29,2023-07-09 09:37:29,2023-07-09 09:08:45.243,Within SLA,2023-07-10 14:27:24.677,Within SLA,,3,,Ready to use Software,Tier 1,Czech Republic,49.8037633,15.4749126,0.5211786111111111,29.8321325,False,False,False,Within SLA
Resolved,2568,Low,Email,Purchasing and invoicing,1st line support,Connor Danielovitch,2023-07-09 22:06:34,2023-07-11 22:06:34,2023-07-09 23:06:34,2023-07-09 23:03:41.342,Within SLA,2023-07-10 16:37:38.795,Within SLA,,1,,Ready to use Software,Tier 1,Germany,51.165691,10.451526,0.9520394444444444,18.51799861111111,False,False,False,Within SLA
Closed,2569,Low,Chat,Product setup,2nd line support,Heather Urry,2023-07-10 06:08:41,2023-07-11 06:08:41,2023-07-10 06:10:41,2023-07-10 06:09:08.934,Within SLA,2023-07-10 06:32:23.995,Within SLA,2023-07-16 09:38:04.157,60,2.0,Custom software development,Tier 2,United Kingdom,55.378052,-3.435973,0.007759444444444445,0.3952763888888889,False,True,False,Within SLA
Resolved,2570,Low,Email,Feature request,2nd line support,Michele Whyatt,2023-07-10 19:01:46,2023-07-12 19:01:46,2023-07-10 20:01:46,2023-07-10 19:36:11.315,Within SLA,2023-07-10 20:14:48.536,Within SLA,,2,,Ready to use Software,Tier 2,Bulgaria,42.7249925,25.4833039,0.5736986111111111,1.2173711111111112,False,False,False,Within SLA
Closed,2571,Medium,Email,Training request,1st line support,Bernard Beckley,2023-07-10 18:34:35,2023-07-12 18:34:35,2023-07-10 19:34:35,2023-07-10 18:52:17.100,Within SLA,2023-07-16 02:30:06.588,SLA Violated,2023-07-16 08:51:27.014,9,1.0,Training and Consulting Services,Tier 1,Germany,51.165691,10.451526,0.2950277777777778,127.92544111111111,False,False,False,SLA Violated
Closed,2572,Low,Email,Product setup,1st line support,Nicola Wane,2023-07-10 05:59:09,2023-07-12 05:59:09,2023-07-10 06:59:09,2023-07-10 06:13:23.921,Within SLA,2023-07-15 21:26:02.666,SLA Violated,2023-07-16 20:08:51.868,3,4.0,Ready to use Software,Tier 1,Bulgaria,42.7249925,25.4833039,0.23747805555555557,135.44824055555557,False,False,False,SLA Violated
Resolved,2573,Low,Chat,Training request,2nd line support,Michele Whyatt,2023-07-10 14:32:40,2023-07-11 14:32:40,2023-07-10 14:34:40,2023-07-10 14:34:17.285,Within SLA,2023-07-14 15:26:52.693,SLA Violated,,2,,Training and Consulting Services,Tier 2,Bulgaria,42.7249925,25.4833039,0.02702361111111111,96.90352583333335,False,False,False,SLA Violated
Closed,2574,Medium,Phone,Other,1st line support,Connor Danielovitch,2023-07-10 04:02:53,2023-07-12 04:02:53,2023-07-10 04:04:53,2023-07-10 04:04:06.859,Within SLA,2023-07-10 16:54:18.744,Within SLA,2023-07-12 15:20:55.194,2,4.0,Ready to use Software,Tier 1,Poland,52.536273,19.050639,0.020516388888888886,12.857151111111111,False,False,False,Within SLA
Closed,2575,Medium,Email,Bug report,1st line support,Connor Danielovitch,2023-07-10 04:15:42,2023-07-12 04:15:42,2023-07-10 05:15:42,2023-07-10 04:32:10.574,Within SLA,2023-07-11 01:11:46.132,Within SLA,2023-07-13 04:40:12.343,5,5.0,Ready to use Software,Tier 1,Republic of Ireland,53.094024,-8.019675,0.27460388888888887,20.93448111111111,False,False,False,Within SLA
In progress,2576,Low,Phone,Product setup,1st line support,Nicola Wane,2023-07-10 17:17:26,2023-07-12 17:17:26,2023-07-10 17:19:26,2023-07-10 17:20:57.259,SLA Violated,,SLA Violated,,5,,Other,Tier 1,Republic of Ireland,53.094024,-8.019675,0.05868305555555555,,False,False,True,
Resolved,2577,Medium,Chat,Feature request,1st line support,Sheela Cutten,2023-07-10 07:34:10,2023-07-11 07:34:10,2023-07-10 07:36:10,2023-07-10 07:36:47.106,SLA Violated,2023-07-10 11:02:02.346,Within SLA,,6,,Ready to use Software,Tier 1,France,48.864716,2.349014,0.04364055555555556,3.4645405555555553,False,False,False,Within SLA
Resolved,2578,Medium,Chat,Feature request,2nd line support,Michele Whyatt,2023-07-10 21:04:00,2023-07-11 21:04:00,2023-07-10 21:06:00,2023-07-10 21:05:40.636,Within SLA,2023-07-11 01:00:14.264,Within SLA,,6,,Other,Tier 2,United Kingdom,55.378052,-3.435973,0.027954444444444445,3.9372955555555555,False,False,False,Within SLA
Resolved,2579,Low,Email,Product setup,1st line support,Nicola Wane,2023-07-10 07:54:18,2023-07-12 07:54:18,2023-07-10 08:54:18,2023-07-10 08:16:30.935,Within SLA,2023-07-11 01:19:08.598,Within SLA,,3,,Other,Tier 1,United Kingdom,55.378052,-3.435973,0.3702597222222222,17.414055,False,False,False,Within SLA
Resolved,2580,Medium,Email,Feature request,1st line support,Kristos Westoll,2023-07-10 11:07:20,2023-07-12 11:07:20,2023-07-10 12:07:20,2023-07-10 11:44:30.751,Within SLA,2023-07-15 19:27:58.404,SLA Violated,,2,,Ready to use Software,Tier 1,Germany,51.165691,10.451526,0.6196530555555556,128.3440011111111,False,False,False,SLA Violated
In progress,2581,High,Chat,Training request,1st line support,Connor Danielovitch,2023-07-11 10:05:38,2023-07-12 10:05:38,2023-07-11 10:07:38,2023-07-11 10:06:23.006,Within SLA,,SLA Violated,,2,,Training and Consulting Services,Tier 1,Italy,43.036776,12.678565,0.012501666666666666,,False,False,True,
Resolved,2582,Low,Email,Purchasing and invoicing,2nd line support,Michele Whyatt,2023-07-11 05:02:47,2023-07-13 05:02:47,2023-07-11 06:02:47,2023-07-11 05:05:15.238,Within SLA,2023-07-12 15:21:49.471,Within SLA,,10,,Custom software development,Tier 2,Germany,51.165691,10.451526,0.04117722222222222,34.31735305555556,False,False,False,Within SLA
Closed,2583,High,Chat,Purchasing and invoicing,1st line support,Sheela Cutten,2023-07-11 21:40:15,2023-07-12 21:40:15,2023-07-11 21:42:15,2023-07-11 21:40:51.980,Within SLA,2023-07-12 13:40:37.312,Within SLA,2023-07-17 08:31:21.030,5,2.0,Other,Tier 1,Spain,39.67337,-4.767726,0.01027222222222222,16.00619777777778,False,False,False,Within SLA
Closed,2584,Medium,Email,Purchasing and invoicing,2nd line support,Heather Urry,2023-07-11 22:04:08,2023-07-13 22:04:08,2023-07-11 23:04:08,2023-07-11 23:02:16.688,Within SLA,2023-07-12 22:56:27.147,Within SLA,2023-07-16 03:10:25.726,10,3.0,Other,Tier 2,France,48.864716,2.349014,0.96908,24.871985277777778,False,False,False,Within SLA
Closed,2585,Low,Phone,Feature request,1st line support,Sheela Cutten,2023-07-11 00:09:17,2023-07-13 00:09:17,2023-07-11 00:11:17,2023-07-11 00:11:07.142,Within SLA,2023-07-12 07:52:55.478,Within SLA,2023-07-13 23:59:10.802,4,2.0,Ready to use Software,Tier 1,Germany,51.165691,10.451526,0.030594999999999997,31.727355,False,False,False,Within SLA
Resolved,2586,Medium,Chat,Feature request,1st line support,Connor Danielovitch,2023-07-11 01:59:56,2023-07-12 01:59:56,2023-07-11 02:01:56,2023-07-11 02:01:36.782,Within SLA,2023-07-16 21:10:37.487,SLA Violated,,3,,Ready to use Software,Tier 1,Germany,51.165691,10.451526,0.027995,139.17819083333333,False,False,False,SLA Violated
Closed,2587,Low,Email,Bug report,1st line support,Connor Danielovitch,2023-07-11 04:59:45,2023-07-13 04:59:45,2023-07-11 05:59:45,2023-07-11 05:33:15.196,Within SLA,2023-07-12 19:18:21.649,Within SLA,2023-07-17 09:49:01.633,5,3.0,Custom software development,Tier 1,Poland,52.536273,19.050639,0.5583877777777777,38.31018027777778,False,False,False,Within SLA
In progress,2588,Medium,Email,Product setup,1st line support,Sheela Cutten,2023-07-11 01:35:33,2023-07-13 01:35:33,2023-07-11 02:35:33,2023-07-11 02:27:02.148,Within SLA,,SLA Violated,,10,,Custom software development,Tier 1,Slovenia,46.1491664,14.9860106,0.8580966666666667,,False,False,True,
Resolved,2589,Low,Chat,Feature request,1st line support,Bernard Beckley,2023-07-11 03:05:44,2023-07-12 03:05:44,2023-07-11 03:07:44,2023-07-11 03:06:29.829,Within SLA,2023-07-11 12:47:02.076,Within SLA,,6,,Ready to use Software,Tier 1,Germany,51.165691,10.451526,0.012730277777777778,9.688354444444444,False,False,False,Within SLA
Closed,2590,Medium,Email,Pricing and licensing,1st line support,Sheela Cutten,2023-07-12 16:05:06,2023-07-14 16:05:06,2023-07-12 17:05:06,2023-07-12 16:59:40.228,Within SLA,2023-07-17 17:37:53.207,SLA Violated,2023-07-18 05:59:39.404,2,3.0,Custom software development,Tier 1,France,48.864716,2.349014,0.9095077777777778,121.54644638888888,False,False,False,SLA Violated
In progress,2591,Low,Email,Purchasing and invoicing,1st line support,Bernard Beckley,2023-07-12 07:32:06,2023-07-14 07:32:06,2023-07-12 08:32:06,2023-07-12 07:51:01.996,Within SLA,,SLA Violated,,9,,Ready to use Software,Tier 1,Germany,51.165691,10.451526,0.31555444444444447,,False,False,True,
Closed,2592,Low,Chat,Product setup,1st line support,Bernard Beckley,2023-07-12 16:04:48,2023-07-13 16:04:48,2023-07-12 16:06:48,2023-07-12 16:07:27.392,SLA Violated,2023-07-12 17:09:45.325,Within SLA,2023-07-15 07:06:54.356,6,3.0,Ready to use Software,Tier 1,United Kingdom,55.378052,-3.435973,0.044275555555555554,1.0825902777777778,False,False,False,Within SLA
Closed,2593,Low,Chat,Pricing and licensing,2nd line support,Michele Whyatt,2023-07-12 04:04:43,2023-07-13 04:04:43,2023-07-12 04:06:43,2023-07-12 04:06:16.624,Within SLA,2023-07-12 13:15:21.836,Within SLA,2023-07-12 21:56:29.785,4,4.0,Ready to use Software,Tier 2,Italy,43.036776,12.678565,0.026006666666666664,9.177454444444445,False,False,False,Within SLA
In progress,2594,Medium,Email,Purchasing and invoicing,1st line support,Connor Danielovitch,2023-07-12 17:46:44,2023-07-14 17:46:44,2023-07-12 18:46:44,2023-07-12 18:23:47.441,Within SLA,,SLA Violated,,1,,Ready to use Software,Tier 1,United Kingdom,55.378052,-3.435973,0.6176225,,False,False,True,
Closed,2595,Low,Chat,Pricing and licensing,1st line support,Bernard Beckley,2023-07-12 20:49:18,2023-07-13 20:49:18,2023-07-12 20:51:18,2023-07-12 20:50:52.283,Within SLA,2023-07-13 11:18:20.589,Within SLA,2023-07-13 17:39:13.202,6,3.0,Ready to use Software,Tier 1,Poland,52.536273,19.050639,0.026189722222222222,14.4840525,False,False,False,Within SLA
Closed,2596,Medium,Phone,Pricing and licensing,1st line support,Nicola Wane,2023-07-12 21:28:34,2023-07-14 21:28:34,2023-07-12 21:30:34,2023-07-12 21:29:28.936,Within SLA,2023-07-18 11:17:14.776,SLA Violated,2023-07-19 17:28:29.482,3,4.0,Ready to use Software,Tier 1,Italy,43.036776,12.678565,0.01526,133.81132666666667,False,False,False,SLA Violated
Closed,2597,Medium,Chat,Feature request,1st line support,Sheela Cutten,2023-07-12 15:40:30,2023-07-13 15:40:30,2023-07-12 15:42:30,2023-07-12 15:42:14.772,Within SLA,2023-07-13 01:03:48.695,Within SLA,2023-07-13 11:11:54.394,3,4.0,Ready to use Software,Tier 1,Slovenia,46.1491664,14.9860106,0.029103333333333335,9.38852638888889,False,False,False,Within SLA
Resolved,2598,Low,Chat,Feature request,1st line support,Sheela Cutten,2023-07-12 17:30:29,2023-07-13 17:30:29,2023-07-12 17:32:29,2023-07-12 17:34:43.221,SLA Violated,2023-07-12 22:31:55.042,Within SLA,,60,,Ready to use Software,Tier 1,United Kingdom,55.378052,-3.435973,0.07061694444444444,5.023900555555556,False,True,False,Within SLA
In progress,2599,High,Phone,Product setup,1st line support,Connor Danielovitch,2023-07-13 17:14:29,2023-07-15 17:14:29,2023-07-13 17:16:29,2023-07-13 17:15:06.577,Within SLA,,SLA Violated,,2,,Training and Consulting Services,Tier 1,Germany,51.165691,10.451526,0.010438055555555555,,False,False,True,
Resolved,2600,Medium,Phone,Pricing and licensing,2nd line support,Adolpho Messingham,2023-07-13 07:02:40,2023-07-15 07:02:40,2023-07-13 07:04:40,2023-07-13 07:04:06.958,Within SLA,2023-07-13 21:58:44.571,Within SLA,,1,,Custom software development,Tier 2,Poland,52.536273,19.050639,0.024155,14.934603055555556,False,False,False,Within SLA
Closed,2601,Medium,Chat,Bug report,1st line support,Bernard Beckley,2023-07-13 07:09:10,2023-07-14 07:09:10,2023-07-13 07:11:10,2023-07-13 07:09:19.645,Within SLA,2023-07-13 20:38:04.330,Within SLA,2023-07-18 15:56:34.668,6,3.0,Training and Consulting Services,Tier 1,United Kingdom,55.378052,-3.435973,0.0026791666666666665,13.481758333333334,False,False,False,Within SLA
Closed,2602,Medium,Chat,Pricing and licensing,1st line support,Connor Danielovitch,2023-07-13 05:54:51,2023-07-14 05:54:51,2023-07-13 05:56:51,2023-07-13 05:56:39.048,Within SLA,2023-07-18 17:20:26.523,SLA Violated,2023-07-19 16:02:10.004,6,4.0,Ready to use Software,Tier 1,Bulgaria,42.7249925,25.4833039,0.030013333333333333,131.42653416666667,False,False,False,SLA Violated
Resolved,2603,Medium,Email,Purchasing and invoicing,1st line support,Bernard Beckley,2023-07-13 10:58:35,2023-07-15 10:58:35,2023-07-13 11:58:35,2023-07-13 11:22:46.595,Within SLA,2023-07-14 13:21:05.191,Within SLA,,1,,Ready to use Software,Tier 1,Poland,52.536273,19.050639,0.40322083333333336,26.375053055555558,False,False,False,Within SLA
In progress,2604,High,Email,Other,2nd line support,Adolpho Messingham,2023-07-14 16:19:04,2023-07-16 16:19:04,2023-07-14 17:19:04,2023-07-14 16:33:48.599,Within SLA,,SLA Violated,,10,,Ready to use Software,Tier 2,Poland,52.536273,19.050639,0.24572194444444445,,False,False,True,
Closed,2605,Low,Chat,Feature request,2nd line support,Michele Whyatt,2023-07-14 19:58:41,2023-07-15 19:58:41,2023-07-14 20:00:41,2023-07-14 19:58:50.239,Within SLA,2023-07-15 12:07:09.974,Within SLA,2023-07-17 01:17:41.778,6,4.0,Other,Tier 2,Poland,52.536273,19.050639,0.002566388888888889,16.141381666666668,False,False,False,Within SLA
Closed,2606,Medium,Chat,Pricing and licensing,1st line support,Sheela Cutten,2023-07-14 17:35:23,2023-07-15 17:35:23,2023-07-14 17:37:23,2023-07-14 17:36:12.959,Within SLA,2023-07-15 17:01:49.443,Within SLA,2023-07-20 21:37:06.912,2,4.0,Custom software development,Tier 1,United Kingdom,55.378052,-3.435973,0.013877500000000001,23.44067861111111,False,False,False,Within SLA
Closed,2607,Low,Chat,Feature request,1st line support,Kristos Westoll,2023-07-14 17:14:34,2023-07-15 17:14:34,2023-07-14 17:16:34,2023-07-14 17:16:57.288,SLA Violated,2023-07-15 03:26:56.519,Within SLA,2023-07-21 12:07:51.307,7,4.0,Ready to use Software,Tier 1,United Kingdom,55.378052,-3.435973,0.039802222222222225,10.206255277777778,False,False,False,Within SLA
Resolved,2608,Low,Email,Product setup,1st line support,Nicola Wane,2023-07-14 13:34:59,2023-07-16 13:34:59,2023-07-14 14:34:59,2023-07-14 14:11:27.611,Within SLA,2023-07-18 08:29:55.680,SLA Violated,,10,,Custom software development,Tier 1,Slovenia,46.1491664,14.9860106,0.6079475,90.91574444444444,False,False,False,SLA Violated
In progress,2610,Medium,Email,Product setup,1st line support,Connor Danielovitch,2023-07-14 22:52:14,2023-07-16 22:52:14,2023-07-14 23:52:14,2023-07-14 23:10:29.716,Within SLA,,SLA Violated,,10,,Training and Consulting Services,Tier 1,United Kingdom,55.378052,-3.435973,0.3043655555555555,,False,False,True,
Resolved,2611,Low,Email,Pricing and licensing,1st line support,Bernard Beckley,2023-07-14 11:31:32,2023-07-16 11:31:32,2023-07-14 12:31:32,2023-07-14 15:46:25.516,SLA Violated,2023-07-15 10:58:55.684,Within SLA,,2,,Ready to use Software,Tier 1,Greece,39.368279,21.863141,4.248198888888889,23.456578888888888,False,False,False,Within SLA
Closed,2612,Low,Chat,Feature request,1st line support,Nicola Wane,2023-07-14 03:21:31,2023-07-15 03:21:31,2023-07-14 03:23:31,2023-07-14 03:22:59.761,Within SLA,2023-07-18 12:04:33.750,SLA Violated,2023-07-20 01:00:08.533,6,4.0,Ready to use Software,Tier 1,France,48.864716,2.349014,0.02465583333333333,104.71743055555555,False,False,False,SLA Violated
Closed,2613,Medium,Email,Purchasing and invoicing,1st line support,Bernard Beckley,2023-07-14 08:22:07,2023-07-16 08:22:07,2023-07-14 09:22:07,2023-07-14 08:45:18.400,Within SLA,2023-07-14 15:32:51.879,Within SLA,2023-07-19 22:37:43.479,2,3.0,Other,Tier 1,United Kingdom,55.378052,-3.435973,0.3865,7.179133055555556,False,False,False,Within SLA
Resolved,2619,Low,Email,Product setup,1st line support,Kristos Westoll,2023-07-15 12:50:12,2023-07-17 12:50:12,2023-07-15 13:50:12,2023-07-15 13:16:26.160,Within SLA,2023-07-19 19:58:23.433,SLA Violated,,2,,Other,Tier 1,Italy,43.036776,12.678565,0.4372666666666667,103.13650916666667,False,False,False,SLA Violated
In progress,2620,Low,Email,Pricing and licensing,1st line support,Nicola Wane,2023-07-15 14:25:25,2023-07-17 14:25:25,2023-07-15 15:25:25,2023-07-15 14:58:46.800,Within SLA,,SLA Violated,,2,,Ready to use Software,Tier 1,Poland,52.536273,19.050639,0.5560555555555555,,False,False,True,
Closed,2621,Low,Chat,Product setup,2nd line support,Heather Urry,2023-07-15 23:31:21,2023-07-16 23:31:21,2023-07-15 23:33:21,2023-07-15 23:32:28.915,Within SLA,2023-07-16 20:19:54.421,Within SLA,2023-07-21 12:05:18.772,6,3.0,Training and Consulting Services,Tier 2,Germany,51.165691,10.451526,0.01886527777777778,20.809283611111113,False,False,False,Within SLA
Closed,2622,Medium,Email,Bug report,1st line support,Kristos Westoll,2023-07-16 21:55:32,2023-07-18 21:55:32,2023-07-16 22:55:32,2023-07-16 22:04:17.420,Within SLA,2023-07-17 13:43:44.515,Within SLA,2023-07-18 05:45:01.850,2,4.0,Ready to use Software,Tier 1,Italy,43.036776,12.678565,0.14595,15.803476388888889,False,False,False,Within SLA
Closed,2632,Medium,Chat,Other,1st line support,Connor Danielovitch,2023-07-16 17:54:40,2023-07-17 17:54:40,2023-07-16 17:56:40,2023-07-16 17:55:43.288,Within SLA,2023-07-18 07:55:55.087,SLA Violated,2023-07-20 05:55:40.999,3,5.0,Custom software development,Tier 1,Italy,43.036776,12.678565,0.01758,38.0208575,False,False,False,SLA Violated
Closed,2633,Low,Email,Purchasing and invoicing,1st line support,Connor Danielovitch,2023-07-17 12:33:06,2023-07-19 12:33:06,2023-07-17 13:33:06,2023-07-17 13:08:24.232,Within SLA,2023-07-17 17:04:48.335,Within SLA,2023-07-21 10:49:03.678,9,3.0,Other,Tier 1,Slovenia,46.1491664,14.9860106,0.5883977777777778,4.528426388888889,False,False,False,Within SLA
In progress,2634,Medium,Chat,Purchasing and invoicing,1st line support,Connor Danielovitch,2023-07-17 13:46:45,2023-07-18 13:46:45,2023-07-17 13:48:45,2023-07-17 13:48:06.769,Within SLA,,SLA Violated,,9,,Ready to use Software,Tier 1,Poland,52.536273,19.050639,0.02271361111111111,,False,False,True,
In progress,2635,High,Email,Product setup,1st line support,Sheela Cutten,2023-07-17 09:30:38,2023-07-19 09:30:38,2023-07-17 10:30:38,2023-07-17 09:31:47.625,Within SLA,,SLA Violated,,10,,Other,Tier 1,Greece,39.368279,21.863141,0.01934027777777778,,False,False,True,
Closed,2636,Medium,Email,Product setup,2nd line support,Adolpho Messingham,2023-07-17 21:54:07,2023-07-19 21:54:07,2023-07-17 22:54:07,2023-07-17 22:08:27.322,Within SLA,2023-07-19 15:45:21.095,Within SLA,2023-07-19 21:16:59.895,7,3.0,Ready to use Software,Tier 2,Italy,43.036776,12.678565,0.23897833333333332,41.85391527777778,False,False,False,Within SLA
Closed,2637,Low,Email,Pricing and licensing,2nd line support,Adolpho Messingham,2023-07-17 04:29:36,2023-07-19 04:29:36,2023-07-17 05:29:36,2023-07-17 04:52:32.594,Within SLA,2023-07-17 09:15:09.051,Within SLA,2023-07-23 05:05:39.259,2,5.0,Training and Consulting Services,Tier 2,Germany,51.165691,10.451526,0.3823872222222222,4.759180833333333,False,False,False,Within SLA
Closed,2638,Low,Email,Product setup,1st line support,Kristos Westoll,2023-07-17 16:26:17,2023-07-19 16:26:17,2023-07-17 17:26:17,2023-07-17 17:14:39.161,Within SLA,2023-07-23 08:26:17.406,SLA Violated,2023-07-23 09:01:36.677,2,2.0,Training and Consulting Services,Tier 1,United Kingdom,55.378052,-3.435973,0.8061558333333334,136.0001127777778,False,False,False,SLA Violated
In progress,2639,Medium,Email,Product setup,1st line support,Kristos Westoll,2023-07-17 15:47:15,2023-07-19 15:47:15,2023-07-17 16:47:15,2023-07-17 16:37:33.254,Within SLA,,SLA Violated,,1,,Training and Consulting Services,Tier 1,United Kingdom,55.378052,-3.435973,0.8384038888888888,,False,False,True,
In progress,2640,Medium,Email,Other,1st line support,Kristos Westoll,2023-07-17 14:31:34,2023-07-19 14:31:34,2023-07-17 15:31:34,2023-07-17 15:12:37.356,Within SLA,,SLA Violated,,2,,Ready to use Software,Tier 1,Republic of Ireland,53.094024,-8.019675,0.6842655555555556,,False,False,True,
Resolved,2641,Low,Email,Pricing and licensing,1st line support,Kristos Westoll,2023-07-17 15:53:10,2023-07-19 15:53:10,2023-07-17 16:53:10,2023-07-17 16:35:58.955,Within SLA,2023-07-17 18:31:33.103,Within SLA,,7,,Ready to use Software,Tier 1,Italy,43.036776,12.678565,0.7135986111111111,2.6397508333333333,False,False,False,Within SLA
Closed,2642,Medium,Chat,Other,1st line support,Connor Danielovitch,2023-07-18 02:49:14,2023-07-19 02:49:14,2023-07-18 02:51:14,2023-07-18 02:50:23.516,Within SLA,2023-07-18 21:49:49.863,Within SLA,2023-07-25 04:57:18.579,2,4.0,Ready to use Software,Tier 1,Germany,51.165691,10.451526,0.01931,19.009961944444445,False,False,False,Within SLA
Resolved,2643,Low,Email,Feature request,1st line support,Nicola Wane,2023-07-18 14:57:27,2023-07-20 14:57:27,2023-07-18 15:57:27,2023-07-18 15:30:41.270,Within SLA,2023-07-19 00:00:03.506,Within SLA,,10,,Ready to use Software,Tier 1,Slovenia,46.1491664,14.9860106,0.5539638888888889,9.043473888888888,False,False,False,Within SLA
Closed,2644,Medium,Chat,Purchasing and invoicing,2nd line support,Michele Whyatt,2023-07-18 16:29:27,2023-07-19 16:29:27,2023-07-18 16:31:27,2023-07-18 16:30:23.516,Within SLA,2023-07-18 22:15:58.859,Within SLA,2023-07-22 22:59:09.575,6,3.0,Custom software development,Tier 2,Germany,51.165691,10.451526,0.015698888888888887,5.775516388888889,False,False,False,Within SLA
Closed,2645,Low,Email,Other,1st line support,Bernard Beckley,2023-07-18 13:46:00,2023-07-20 13:46:00,2023-07-18 14:46:00,2023-07-18 13:53:41.408,Within SLA,2023-07-18 18:31:10.793,Within SLA,2023-07-25 14:34:12.694,1,1.0,Other,Tier 1,United Kingdom,55.378052,-3.435973,0.1281688888888889,4.7529980555555555,False,False,False,Within SLA
Resolved,2646,Low,Email,Product setup,1st line support,Connor Danielovitch,2023-07-18 07:16:47,2023-07-20 07:16:47,2023-07-18 08:16:47,2023-07-18 07:51:02.148,Within SLA,2023-07-18 22:09:06.354,Within SLA,,4,,Custom software development,Tier 1,Germany,51.165691,10.451526,0.5708744444444445,14.872042777777777,False,False,False,Within SLA
Closed,2647,Low,Email,Product setup,1st line support,Kristos Westoll,2023-07-18 17:01:00,2023-07-20 17:01:00,2023-07-18 18:01:00,2023-07-18 17:07:21.649,Within SLA,2023-07-20 20:34:56.739,SLA Violated,2023-07-22 15:14:44.089,2,2.0,Ready to use Software,Tier 1,Austria,47.6964719,13.3457347,0.10601361111111111,51.565760833333336,False,False,False,SLA Violated
In progress,2648,High,Email,Purchasing and invoicing,1st line support,Kristos Westoll,2023-07-18 04:21:06,2023-07-20 04:21:06,2023-07-18 05:21:06,2023-07-18 04:46:42.005,Within SLA,,SLA Violated,,2,,Other,Tier 1,Italy,43.036776,12.678565,0.4266680555555556,,False,False,True,
In progress,2649,Low,Email,Other,2nd line support,Adolpho Messingham,2023-07-18 05:16:14,2023-07-20 05:16:14,2023-07-18 06:16:14,2023-07-18 05:29:30.573,Within SLA,,SLA Violated,,3,,Custom software development,Tier 2,Italy,43.036776,12.678565,0.22127027777777777,,False,False,True,
Closed,2650,Low,Email,Pricing and licensing,1st line support,Nicola Wane,2023-07-18 07:18:05,2023-07-20 07:18:05,2023-07-18 08:18:05,2023-07-18 07:47:46.075,Within SLA,2023-07-19 14:04:06.262,Within SLA,2023-07-20 06:09:41.840,3,5.0,Ready to use Software,Tier 1,Republic of Ireland,53.094024,-8.019675,0.4947430555555556,30.767017222222222,False,False,False,Within SLA
In progress,2651,Low,Chat,Product setup,1st line support,Connor Danielovitch,2023-07-19 20:24:58,2023-07-20 20:24:58,2023-07-19 20:26:58,2023-07-19 20:26:38.857,Within SLA,,SLA Violated,,2,,Custom software development,Tier 1,Spain,39.67337,-4.767726,0.028015833333333334,,False,False,True,
Closed,2652,Low,Chat,Purchasing and invoicing,1st line support,Connor Danielovitch,2023-07-19 03:50:42,2023-07-20 03:50:42,2023-07-19 03:52:42,2023-07-19 03:52:34.677,Within SLA,2023-07-21 19:59:26.007,SLA Violated,2023-07-22 12:39:31.439,6,3.0,Other,Tier 1,Germany,51.165691,10.451526,0.03129916666666667,64.14555750000001,False,False,False,SLA Violated
Closed,2653,High,Chat,Pricing and licensing,1st line support,Bernard Beckley,2023-07-19 00:38:21,2023-07-20 00:38:21,2023-07-19 00:40:21,2023-07-19 00:42:42.467,SLA Violated,2023-07-24 03:49:06.157,SLA Violated,2023-07-25 12:26:57.289,7,5.0,Other,Tier 1,Austria,47.6964719,13.3457347,0.07262972222222222,123.17921027777778,False,False,False,SLA Violated
Closed,2654,Medium,Chat,Feature request,2nd line support,Adolpho Messingham,2023-07-19 04:58:14,2023-07-20 04:58:14,2023-07-19 05:00:14,2023-07-19 05:01:04.803,SLA Violated,2023-07-19 09:48:52.253,Within SLA,2023-07-20 05:53:23.879,3,3.0,Custom software development,Tier 2,Italy,43.036776,12.678565,0.047445277777777774,4.843959166666667,False,False,False,Within SLA
Resolved,2655,High,Email,Product setup,1st line support,Kristos Westoll,2023-07-19 16:27:31,2023-07-21 16:27:31,2023-07-19 17:27:31,2023-07-19 16:44:24.136,Within SLA,2023-07-20 10:35:34.063,Within SLA,,10,,Ready to use Software,Tier 1,Czech Republic,49.8037633,15.4749126,0.28142666666666666,18.134184166666667,False,False,False,Within SLA
Closed,2656,Low,Email,Pricing and licensing,1st line support,Sheela Cutten,2023-07-19 01:55:33,2023-07-21 01:55:33,2023-07-19 02:55:33,2023-07-19 02:54:33.714,Within SLA,2023-07-20 22:30:47.656,Within SLA,2023-07-24 11:08:19.016,6,3.0,Ready to use Software,Tier 1,Italy,43.036776,12.678565,0.9835316666666667,44.58740444444444,False,False,False,Within SLA
Closed,2657,High,Chat,Product setup,1st line support,Bernard Beckley,2023-07-19 11:40:11,2023-07-20 11:40:11,2023-07-19 11:42:11,2023-07-19 11:41:04.616,Within SLA,2023-07-21 09:43:27.771,SLA Violated,2023-07-21 14:06:29.524,2,5.0,Ready to use Software,Tier 1,Italy,43.036776,12.678565,0.014893333333333333,46.054658611111115,False,False,False,SLA Violated
Resolved,2658,Medium,Chat,Product setup,1st line support,Bernard Beckley,2023-07-19 07:01:23,2023-07-20 07:01:23,2023-07-19 07:03:23,2023-07-19 07:02:10.808,Within SLA,2023-07-19 11:02:59.172,Within SLA,,8,,Ready to use Software,Tier 1,Spain,39.67337,-4.767726,0.01328,4.026714444444445,False,False,False,Within SLA
Closed,2659,Medium,Chat,Feature request,2nd line support,Heather Urry,2023-07-19 21:29:08,2023-07-20 21:29:08,2023-07-19 21:31:08,2023-07-19 21:30:48.257,Within SLA,2023-07-20 03:07:03.049,Within SLA,2023-07-23 11:52:20.897,9,4.0,Ready to use Software,Tier 2,France,48.864716,2.349014,0.027849166666666668,5.631958055555556,False,False,False,Within SLA
Resolved,2660,Low,Chat,Product setup,2nd line support,Michele Whyatt,2023-07-19 20:35:55,2023-07-20 20:35:55,2023-07-19 20:37:55,2023-07-19 20:37:08.372,Within SLA,2023-07-20 03:19:47.976,Within SLA,,9,,Ready to use Software,Tier 2,Spain,39.67337,-4.767726,0.02038111111111111,6.731382222222222,False,False,False,Within SLA
Closed,2661,Low,Email,Product setup,2nd line support,Michele Whyatt,2023-07-19 10:17:32,2023-07-21 10:17:32,2023-07-19 11:17:32,2023-07-19 10:24:46.890,Within SLA,2023-07-20 20:43:40.382,Within SLA,2023-07-20 23:36:15.124,1,1.0,Ready to use Software,Tier 2,Poland,52.536273,19.050639,0.12080277777777777,34.43566166666667,False,False,False,Within SLA
Resolved,2662,Low,Chat,Pricing and licensing,2nd line support,Adolpho Messingham,2023-07-20 05:38:45,2023-07-21 05:38:45,2023-07-20 05:40:45,2023-07-20 05:39:06.791,Within SLA,2023-07-21 04:17:45.754,Within SLA,,2,,Ready to use Software,Tier 2,Poland,52.536273,19.050639,0.0060530555555555554,22.650209444444446,False,False,False,Within SLA
Closed,2663,Low,Email,Training request,1st line support,Bernard Beckley,2023-07-20 09:57:06,2023-07-22 09:57:06,2023-07-20 10:57:06,2023-07-20 10:01:29.696,Within SLA,2023-07-24 08:53:58.098,SLA Violated,2023-07-25 06:09:06.983,1,3.0,Training and Consulting Services,Tier 1,France,48.864716,2.349014,0.07324888888888889,94.947805,False,False,False,SLA Violated
Resolved,2664,Low,Email,Feature request,1st line support,Sheela Cutten,2023-07-20 07:52:58,2023-07-22 07:52:58,2023-07-20 08:52:58,2023-07-20 08:38:34.225,Within SLA,2023-07-20 19:28:56.308,Within SLA,,10,,Ready to use Software,Tier 1,Germany,51.165691,10.451526,0.7600625,11.59953,False,False,False,Within SLA
Resolved,2665,Low,Email,Feature request,2nd line support,Michele Whyatt,2023-07-20 23:02:26,2023-07-22 23:02:26,2023-07-21 00:02:26,2023-07-20 23:37:51.825,Within SLA,2023-07-21 18:22:57.909,Within SLA,,6,,Other,Tier 2,Poland,52.536273,19.050639,0.5905069444444444,19.342196944444446,False,False,False,Within SLA
Closed,2667,Medium,Email,Pricing and licensing,2nd line support,Heather Urry,2023-07-20 00:51:47,2023-07-22 00:51:47,2023-07-20 01:51:47,2023-07-20 01:20:37.655,Within SLA,2023-07-20 12:00:49.700,Within SLA,2023-07-20 18:43:23.418,4,5.0,Custom software development,Tier 2,France,48.864716,2.349014,0.4807375,11.150749999999999,False,False,False,Within SLA
Resolved,2669,Medium,Email,Pricing and licensing,1st line support,Connor Danielovitch,2023-07-20 05:31:42,2023-07-22 05:31:42,2023-07-20 06:31:42,2023-07-20 11:05:20.094,SLA Violated,2023-07-20 10:37:32.682,Within SLA,,2,,Custom software development,Tier 1,Germany,51.165691,10.451526,5.560581666666667,5.097411666666667,False,False,False,Within SLA
In progress,2670,Medium,Email,Feature request,1st line support,Kristos Westoll,2023-07-20 08:29:44,2023-07-22 08:29:44,2023-07-20 09:29:44,2023-07-20 09:24:29.174,Within SLA,,SLA Violated,,6,,Ready to use Software,Tier 1,Poland,52.536273,19.050639,0.9125483333333333,,False,False,True,
In progress,2671,Low,Chat,Product setup,1st line support,Kristos Westoll,2023-07-20 10:48:21,2023-07-21 10:48:21,2023-07-20 10:50:21,2023-07-20 10:49:05.970,Within SLA,,SLA Violated,,4,,Other,Tier 1,Greece,39.368279,21.863141,0.012491666666666667,,False,False,True,
Closed,2672,Low,Chat,Product setup,1st line support,Kristos Westoll,2023-07-20 03:48:19,2023-07-21 03:48:19,2023-07-20 03:50:19,2023-07-20 03:50:13.498,Within SLA,2023-07-21 07:47:32.683,SLA Violated,2023-07-22 15:09:35.883,5,2.0,Custom software development,Tier 1,Austria,47.6964719,13.3457347,0.031805,27.987134166666667,False,False,False,SLA Violated
Resolved,2673,Medium,Email,Pricing and licensing,2nd line support,Heather Urry,2023-07-20 15:35:25,2023-07-22 15:35:25,2023-07-20 16:35:25,2023-07-20 15:57:36.260,Within SLA,2023-07-20 20:15:07.064,Within SLA,,1,,Ready to use Software,Tier 2,Italy,43.036776,12.678565,0.3697944444444444,4.661684444444444,False,False,False,Within SLA
Resolved,2674,Medium,Email,Other,1st line support,Nicola Wane,2023-07-21 17:17:52,2023-07-23 17:17:52,2023-07-21 18:17:52,2023-07-21 17:54:59.606,Within SLA,2023-07-23 07:02:34.146,Within SLA,,4,,Training and Consulting Services,Tier 1,Greece,39.368279,21.863141,0.6187794444444445,37.745040555555555,False,False,False,Within SLA
Closed,2675,Medium,Chat,Bug report,1st line support,Nicola Wane,2023-07-21 04:14:58,2023-07-22 04:14:58,2023-07-21 04:16:58,2023-07-21 04:16:00.845,Within SLA,2023-07-23 17:12:33.046,SLA Violated,2023-07-25 08:09:47.533,2,4.0,Ready to use Software,Tier 1,Poland,52.536273,19.050639,0.017456944444444445,60.959735,False,False,False,SLA Violated
Resolved,2676,Medium,Email,Product setup,1st line support,Kristos Westoll,2023-07-21 21:58:38,2023-07-23 21:58:38,2023-07-21 22:58:38,2023-07-21 22:25:47.941,Within SLA,2023-07-21 23:49:28.095,Within SLA,,3,,Custom software development,Tier 1,Germany,51.165691,10.451526,0.4527613888888889,1.8472486111111113,False,False,False,Within SLA
Resolved,2677,Low,Chat,Feature request,2nd line support,Adolpho Messingham,2023-07-21 23:58:59,2023-07-22 23:58:59,2023-07-22 00:00:59,2023-07-22 00:04:42.063,SLA Violated,2023-07-22 22:48:29.863,Within SLA,,2,,Other,Tier 2,Germany,51.165691,10.451526,0.09529527777777777,22.82523972222222,False,False,False,Within SLA
Closed,2678,Medium,Email,Pricing and licensing,1st line support,Nicola Wane,2023-07-21 01:52:21,2023-07-23 01:52:21,2023-07-21 02:52:21,2023-07-21 02:37:43.499,Within SLA,2023-07-22 20:39:50.401,Within SLA,2023-07-27 18:24:43.971,2,5.0,Other,Tier 1,United Kingdom,55.378052,-3.435973,0.7562497222222222,42.79150027777778,False,False,False,Within SLA
Resolved,2680,Medium,Chat,Product setup,2nd line support,Michele Whyatt,2023-07-21 08:59:53,2023-07-22 08:59:53,2023-07-21 09:01:53,2023-07-21 09:00:17.246,Within SLA,2023-07-21 20:40:45.465,Within SLA,,9,,Ready to use Software,Tier 2,Czech Republic,49.8037633,15.4749126,0.006735,11.681240277777777,False,False,False,Within SLA
Closed,2681,High,Chat,Product setup,1st line support,Nicola Wane,2023-07-22 09:55:59,2023-07-23 09:55:59,2023-07-22 09:57:59,2023-07-22 09:57:43.636,Within SLA,2023-07-27 00:14:54.297,SLA Violated,2023-07-28 16:18:59.707,4,4.0,Custom software development,Tier 1,Germany,51.165691,10.451526,0.029065555555555553,110.31536027777778,False,False,False,SLA Violated
Closed,2682,Low,Email,Product setup,2nd line support,Michele Whyatt,2023-07-22 07:28:38,2023-07-24 07:28:38,2023-07-22 08:28:38,2023-07-22 08:10:22.879,Within SLA,2023-07-26 21:54:44.153,SLA Violated,2023-07-27 08:11:42.380,1,2.0,Ready to use Software,Tier 2,Greece,39.368279,21.863141,0.6957997222222222,110.4350425,False,False,False,SLA Violated
Closed,2683,Low,Chat,Feature request,1st line support,Sheela Cutten,2023-07-22 02:02:02,2023-07-23 02:02:02,2023-07-22 02:04:02,2023-07-22 02:02:14.021,Within SLA,2023-07-22 16:46:19.368,Within SLA,2023-07-24 06:55:14.582,9,3.0,Ready to use Software,Tier 1,Italy,43.036776,12.678565,0.003339166666666667,14.73815777777778,False,False,False,Within SLA
Closed,2694,Medium,Chat,Product setup,1st line support,Kristos Westoll,2023-07-23 08:50:08,2023-07-24 08:50:08,2023-07-23 08:52:08,2023-07-23 08:50:40.757,Within SLA,2023-07-23 22:33:01.583,Within SLA,2023-07-24 18:50:43.901,2,5.0,Ready to use Software,Tier 1,Italy,43.036776,12.678565,0.009099166666666667,13.714884166666666,False,False,False,Within SLA
In progress,2695,Medium,Chat,Product setup,1st line support,Nicola Wane,2023-07-23 03:45:32,2023-07-24 03:45:32,2023-07-23 03:47:32,2023-07-23 03:45:39.814,Within SLA,,SLA Violated,,5,,Ready to use Software,Tier 1,Republic of Ireland,53.094024,-8.019675,0.0021705555555555558,,False,False,True,
Resolved,2696,Low,Email,Bug report,2nd line support,Heather Urry,2023-07-23 22:55:17,2023-07-25 22:55:17,2023-07-23 23:55:17,2023-07-23 23:21:52.848,Within SLA,2023-07-24 09:28:53.303,Within SLA,,10,,Other,Tier 2,Czech Republic,49.8037633,15.4749126,0.4432911111111111,10.560084166666666,False,False,False,Within SLA
Closed,2697,High,Email,Product setup,1st line support,Sheela Cutten,2023-07-24 20:47:04,2023-07-26 20:47:04,2023-07-24 21:47:04,2023-07-24 21:23:03.852,Within SLA,2023-07-25 15:24:37.442,Within SLA,2023-07-29 11:21:46.762,1,4.0,Ready to use Software,Tier 1,Italy,43.036776,12.678565,0.5999588888888888,18.62595611111111,False,False,False,Within SLA
Resolved,2698,Medium,Email,Other,1st line support,Connor Danielovitch,2023-07-24 23:11:01,2023-07-26 23:11:01,2023-07-25 00:11:01,2023-07-24 23:57:15.895,Within SLA,2023-07-26 09:41:59.053,Within SLA,,6,,Custom software development,Tier 1,Bulgaria,42.7249925,25.4833039,0.7708041666666666,34.516125833333334,False,False,False,Within SLA
In progress,2699,Medium,Phone,Purchasing and invoicing,1st line support,Nicola Wane,2023-07-24 08:12:56,2023-07-26 08:12:56,2023-07-24 08:14:56,2023-07-24 08:13:05.096,Within SLA,,SLA Violated,,3,,Other,Tier 1,Greece,39.368279,21.863141,0.0025266666666666666,,False,False,True,
In progress,2700,Medium,Chat,Product setup,1st line support,Kristos Westoll,2023-07-24 05:12:30,2023-07-25 05:12:30,2023-07-24 05:14:30,2023-07-24 05:14:07.567,Within SLA,,SLA Violated,,6,,Other,Tier 1,Italy,43.036776,12.678565,0.027101944444444442,,False,False,True,
Closed,2701,High,Email,Product setup,1st line support,Sheela Cutten,2023-07-24 22:56:30,2023-07-26 22:56:30,2023-07-24 23:56:30,2023-07-24 23:42:23.913,Within SLA,2023-07-25 10:40:05.932,Within SLA,2023-07-26 07:24:06.003,4,4.0,Custom software development,Tier 1,Poland,52.536273,19.050639,0.7649758333333333,11.726647777777778,False,False,False,Within SLA
Closed,2702,Low,Chat,Purchasing and invoicing,1st line support,Nicola Wane,2023-07-24 06:35:05,2023-07-25 06:35:05,2023-07-24 06:37:05,2023-07-24 06:35:25.699,Within SLA,2023-07-29 20:10:32.781,SLA Violated,2023-07-31 12:35:35.725,2,4.0,Ready to use Software,Tier 1,Germany,51.165691,10.451526,0.005749722222222223,133.59105027777778,False,False,False,SLA Violated
Closed,2703,Medium,Chat,Purchasing and invoicing,2nd line support,Heather Urry,2023-07-24 05:17:06,2023-07-25 05:17:06,2023-07-24 05:19:06,2023-07-24 05:17:12.352,Within SLA,2023-07-28 22:09:28.293,SLA Violated,2023-07-30 09:21:17.362,4,1.0,Ready to use Software,Tier 2,Slovenia,46.1491664,14.9860106,0.0017644444444444446,112.87285916666667,False,False,False,SLA Violated
Closed,2704,Low,Email,Purchasing and invoicing,1st line support,Nicola Wane,2023-07-24 19:22:39,2023-07-26 19:22:39,2023-07-24 20:22:39,2023-07-24 20:13:09.198,Within SLA,2023-07-26 10:18:25.808,Within SLA,2023-07-30 21:21:00.096,10,5.0,Other,Tier 1,Czech Republic,49.8037633,15.4749126,0.8417216666666666,38.929668888888884,False,False,False,Within SLA
Closed,2705,High,Email,Feature request,2nd line support,Heather Urry,2023-07-25 19:01:01,2023-07-27 19:01:01,2023-07-25 20:01:01,2023-07-25 19:52:42.365,Within SLA,2023-07-26 02:17:23.295,Within SLA,2023-07-27 10:50:00.729,1,5.0,Ready to use Software,Tier 2,Poland,52.536273,19.050639,0.8614902777777778,7.272859722222222,False,False,False,Within SLA
In progress,2706,Medium,Phone,Pricing and licensing,1st line support,Bernard Beckley,2023-07-25 05:19:24,2023-07-27 05:19:24,2023-07-25 05:21:24,2023-07-25 05:20:05.561,Within SLA,,SLA Violated,,5,,Ready to use Software,Tier 1,Poland,52.536273,19.050639,0.011544722222222222,,False,False,True,
In progress,2707,High,Chat,Other,1st line support,Nicola Wane,2023-07-25 08:24:38,2023-07-26 08:24:38,2023-07-25 08:26:38,2023-07-25 08:24:49.155,Within SLA,,SLA Violated,,5,,Custom software development,Tier 1,Spain,39.67337,-4.767726,0.003098611111111111,,False,False,True,
Resolved,2708,Medium,Chat,Feature request,1st line support,Connor Danielovitch,2023-07-25 10:09:51,2023-07-26 10:09:51,2023-07-25 10:11:51,2023-07-25 10:11:08.675,Within SLA,2023-07-31 03:44:38.856,SLA Violated,,8,,Ready to use Software,Tier 1,Republic of Ireland,53.094024,-8.019675,0.021576388888888888,137.57996,False,False,False,SLA Violated
Resolved,2709,Medium,Email,Purchasing and invoicing,1st line support,Sheela Cutten,2023-07-25 12:41:56,2023-07-27 12:41:56,2023-07-25 13:41:56,2023-07-25 13:13:22.560,Within SLA,2023-07-26 20:54:09.899,Within SLA,,5,,Ready to use Software,Tier 1,Germany,51.165691,10.451526,0.5240444444444444,32.20386083333334,False,False,False,Within SLA
Closed,2710,Low,Chat,Bug report,1st line support,Sheela Cutten,2023-07-25 16:03:58,2023-07-26 16:03:58,2023-07-25 16:05:58,2023-07-25 16:05:28.467,Within SLA,2023-07-25 17:00:31.693,Within SLA,2023-08-01 03:45:53.717,2,3.0,Ready to use Software,Tier 1,Germany,51.165691,10.451526,0.025129722222222223,0.9426925,False,False,False,Within SLA
Closed,2711,Medium,Chat,Training request,1st line support,Kristos Westoll,2023-07-25 22:00:01,2023-07-26 22:00:01,2023-07-25 22:02:01,2023-07-25 22:01:38.990,Within SLA,2023-07-26 20:00:15.818,Within SLA,2023-08-01 00:43:54.363,5,1.0,Training and Consulting Services,Tier 1,United Kingdom,55.378052,-3.435973,0.027219444444444442,22.00411611111111,False,False,False,Within SLA
Closed,2712,Medium,Phone,Pricing and licensing,2nd line support,Heather Urry,2023-07-26 05:17:19,2023-07-28 05:17:19,2023-07-26 05:19:19,2023-07-26 05:20:38.622,SLA Violated,2023-07-29 20:15:44.926,SLA Violated,2023-07-30 16:43:46.520,1,5.0,Ready to use Software,Tier 2,Slovenia,46.1491664,14.9860106,0.05545055555555556,86.97386833333333,False,False,False,SLA Violated
Resolved,2713,Low,Chat,Other,1st line support,Bernard Beckley,2023-07-26 17:48:10,2023-07-27 17:48:10,2023-07-26 17:50:10,2023-07-26 17:49:01.197,Within SLA,2023-07-27 16:00:45.455,Within SLA,,9,,Custom software development,Tier 1,Slovenia,46.1491664,14.9860106,0.01422138888888889,22.209848611111113,False,False,False,Within SLA
In progress,2714,Medium,Email,Pricing and licensing,1st line support,Nicola Wane,2023-07-26 17:37:56,2023-07-28 17:37:56,2023-07-26 18:37:56,2023-07-26 18:36:14.635,Within SLA,,SLA Violated,,6,,Training and Consulting Services,Tier 1,United Kingdom,55.378052,-3.435973,0.9718430555555556,,False,False,True,
Closed,2715,Low,Chat,Pricing and licensing,1st line support,Nicola Wane,2023-07-26 11:56:52,2023-07-27 11:56:52,2023-07-26 11:58:52,2023-07-26 11:59:02.864,SLA Violated,2023-07-27 11:38:29.769,Within SLA,2023-07-28 15:06:53.101,2,5.0,Other,Tier 1,Germany,51.165691,10.451526,0.03635111111111111,23.69382472222222,False,False,False,Within SLA
In progress,2716,Low,Email,Product setup,1st line support,Bernard Beckley,2023-07-26 06:23:09,2023-07-28 06:23:09,2023-07-26 07:23:09,2023-07-26 06:28:24.497,Within SLA,,SLA Violated,,3,,Training and Consulting Services,Tier 1,Poland,52.536273,19.050639,0.08763805555555557,,False,False,True,
Closed,2717,Low,Email,Product setup,2nd line support,Heather Urry,2023-07-26 10:12:34,2023-07-28 10:12:34,2023-07-26 11:12:34,2023-07-26 10:57:29.849,Within SLA,2023-07-26 17:06:47.541,Within SLA,2023-07-27 21:29:49.942,2,3.0,Custom software development,Tier 2,United Kingdom,55.378052,-3.435973,0.7488469444444444,6.903761388888889,False,False,False,Within SLA
Resolved,2718,Medium,Email,Purchasing and invoicing,1st line support,Sheela Cutten,2023-07-26 10:23:04,2023-07-28 10:23:04,2023-07-26 11:23:04,2023-07-26 11:22:52.168,Within SLA,2023-07-31 23:26:34.594,SLA Violated,,1,,Ready to use Software,Tier 1,Bulgaria,42.7249925,25.4833039,0.9967133333333333,133.05849833333332,False,False,False,SLA Violated
In progress,2719,Low,Email,Purchasing and invoicing,2nd line support,Heather Urry,2023-07-26 14:24:32,2023-07-28 14:24:32,2023-07-26 15:24:32,2023-07-26 14:48:57.009,Within SLA,,SLA Violated,,1,,Custom software development,Tier 2,Spain,39.67337,-4.767726,0.40694694444444446,,False,False,True,
Resolved,2720,Medium,Email,Product setup,1st line support,Nicola Wane,2023-07-27 12:52:28,2023-07-29 12:52:28,2023-07-27 13:52:28,2023-07-27 13:48:22.002,Within SLA,2023-07-27 13:13:19.727,Within SLA,,1,,Ready to use Software,Tier 1,Greece,39.368279,21.863141,0.9316672222222222,0.34770194444444447,False,False,False,Within SLA
Closed,2721,Low,Phone,Product setup,1st line support,Sheela Cutten,2023-07-27 17:15:18,2023-07-29 17:15:18,2023-07-27 17:17:18,2023-07-27 17:15:21.325,Within SLA,2023-07-29 08:12:01.916,Within SLA,2023-08-01 10:58:28.683,4,2.0,Custom software development,Tier 1,Bulgaria,42.7249925,25.4833039,0.0009236111111111112,38.94553222222222,False,False,False,Within SLA
Closed,2722,Low,Chat,Training request,1st line support,Connor Danielovitch,2023-07-27 22:45:55,2023-07-28 22:45:55,2023-07-27 22:47:55,2023-07-27 22:50:25.027,SLA Violated,2023-07-27 22:49:53.217,Within SLA,2023-08-01 14:52:59.467,5,4.0,Training and Consulting Services,Tier 1,Poland,52.536273,19.050639,0.07500749999999999,0.06617138888888889,False,False,False,Within SLA
Resolved,2723,Medium,Email,Bug report,1st line support,Sheela Cutten,2023-07-27 21:40:02,2023-07-29 21:40:02,2023-07-27 22:40:02,2023-07-27 21:57:35.671,Within SLA,2023-07-28 14:02:17.499,Within SLA,,1,,Training and Consulting Services,Tier 1,Italy,43.036776,12.678565,0.2926863888888889,16.370971944444445,False,False,False,Within SLA
Closed,2724,High,Chat,Pricing and licensing,1st line support,Nicola Wane,2023-07-27 01:06:34,2023-07-28 01:06:34,2023-07-27 01:08:34,2023-07-27 01:07:55.881,Within SLA,2023-07-27 23:58:59.728,Within SLA,2023-08-02 11:04:47.352,6,3.0,Custom software development,Tier 1,Italy,43.036776,12.678565,0.02274472222222222,22.873813333333334,False,False,False,Within SLA
Resolved,2725,Low,Email,Feature request,1st line support,Sheela Cutten,2023-07-28 10:17:18,2023-07-30 10:17:18,2023-07-28 11:17:18,2023-07-28 10:19:22.767,Within SLA,2023-08-01 23:24:17.075,SLA Violated,,3,,Custom software development,Tier 1,United Kingdom,55.378052,-3.435973,0.0346575,109.11640972222223,False,False,False,SLA Violated
Closed,2726,High,Email,Product setup,1st line support,Sheela Cutten,2023-07-28 16:21:54,2023-07-30 16:21:54,2023-07-28 17:21:54,2023-07-28 16:34:34.101,Within SLA,2023-07-29 16:38:43.133,Within SLA,2023-08-04 04:24:01.624,8,5.0,Custom software development,Tier 1,Germany,51.165691,10.451526,0.21113916666666666,24.280314722222222,False,False,False,Within SLA
Resolved,2728,Low,Email,Product setup,1st line support,Nicola Wane,2023-07-28 04:55:49,2023-07-30 04:55:49,2023-07-28 05:55:49,2023-07-28 09:10:04.782,SLA Violated,2023-07-29 18:39:10.557,Within SLA,,8,,Custom software development,Tier 1,France,48.864716,2.349014,4.237717222222222,37.722654722222224,False,False,False,Within SLA
Closed,2729,Medium,Chat,Feature request,1st line support,Connor Danielovitch,2023-07-28 05:07:43,2023-07-29 05:07:43,2023-07-28 05:09:43,2023-07-28 05:08:56.051,Within SLA,2023-08-02 19:57:03.182,SLA Violated,2023-08-03 10:05:50.724,5,3.0,Ready to use Software,Tier 1,Slovenia,46.1491664,14.9860106,0.020291944444444446,134.82227277777778,False,False,False,SLA Violated
Resolved,2730,Low,Chat,Purchasing and invoicing,1st line support,Kristos Westoll,2023-07-28 03:03:13,2023-07-29 03:03:13,2023-07-28 03:05:13,2023-07-28 03:05:09.108,Within SLA,2023-07-28 16:24:57.013,Within SLA,,6,,Other,Tier 1,France,48.864716,2.349014,0.032252222222222224,13.362225833333333,False,False,False,Within SLA
Resolved,2731,High,Email,Purchasing and invoicing,1st line support,Kristos Westoll,2023-07-29 16:35:02,2023-07-31 16:35:02,2023-07-29 17:35:02,2023-07-29 16:48:55.695,Within SLA,2023-07-30 17:23:45.849,Within SLA,,3,,Ready to use Software,Tier 1,Italy,43.036776,12.678565,0.23158194444444447,24.812180277777777,False,False,False,Within SLA
Closed,2732,Medium,Email,Pricing and licensing,1st line support,Nicola Wane,2023-07-29 16:26:33,2023-07-31 16:26:33,2023-07-29 17:26:33,2023-07-29 16:39:43.478,Within SLA,2023-07-31 10:53:59.484,Within SLA,2023-08-05 00:10:26.338,5,5.0,Custom software development,Tier 1,Republic of Ireland,53.094024,-8.019675,0.2195772222222222,42.45735666666667,False,False,False,Within SLA
Closed,2734,Low,Chat,Other,1st line support,Bernard Beckley,2023-07-29 12:07:53,2023-07-30 12:07:53,2023-07-29 12:09:53,2023-07-29 12:08:16.305,Within SLA,2023-07-29 19:34:41.951,Within SLA,2023-07-31 09:08:28.120,6,4.0,Other,Tier 1,Slovenia,46.1491664,14.9860106,0.006473611111111111,7.446930833333334,False,False,False,Within SLA
Resolved,2746,High,Chat,Other,1st line support,Bernard Beckley,2023-07-30 00:43:24,2023-07-31 00:43:24,2023-07-30 00:45:24,2023-07-30 00:44:17.935,Within SLA,2023-07-30 07:47:26.745,Within SLA,,5,,Other,Tier 1,France,48.864716,2.349014,0.014981944444444445,7.067429166666666,False,False,False,Within SLA
Closed,2748,Low,Email,Other,1st line support,Sheela Cutten,2023-07-30 21:40:00,2023-08-01 21:40:00,2023-07-30 22:40:00,2023-07-30 21:51:19.292,Within SLA,2023-07-30 23:00:35.048,Within SLA,2023-08-02 09:24:01.615,3,1.0,Ready to use Software,Tier 1,Slovenia,46.1491664,14.9860106,0.18869222222222223,1.3430688888888889,False,False,False,Within SLA
Closed,2749,Low,Email,Bug report,1st line support,Kristos Westoll,2023-07-30 11:52:27,2023-08-01 11:52:27,2023-07-30 12:52:27,2023-07-30 12:10:04.880,Within SLA,2023-07-31 04:41:33.502,Within SLA,2023-08-01 09:58:15.563,1,4.0,Custom software development,Tier 1,Slovenia,46.1491664,14.9860106,0.2938555555555556,16.818472777777778,False,False,False,Within SLA
In progress,2750,Medium,Email,Product setup,2nd line support,Michele Whyatt,2023-07-31 21:21:00,2023-08-02 21:21:00,2023-07-31 22:21:00,2023-08-01 03:51:41.674,SLA Violated,,SLA Violated,,7,,Other,Tier 2,Slovenia,46.1491664,14.9860106,6.511576111111111,,False,False,True,
Resolved,2751,Medium,Chat,Pricing and licensing,1st line support,Nicola Wane,2023-07-31 00:14:49,2023-08-01 00:14:49,2023-07-31 00:16:49,2023-07-31 00:14:54.937,Within SLA,2023-08-01 11:36:11.735,SLA Violated,,6,,Custom software development,Tier 1,Czech Republic,49.8037633,15.4749126,0.0016491666666666668,35.356315277777774,False,False,False,SLA Violated
Closed,2752,High,Chat,Training request,1st line support,Connor Danielovitch,2023-07-31 09:46:25,2023-08-01 09:46:25,2023-07-31 09:48:25,2023-07-31 09:47:53.601,Within SLA,2023-08-01 05:09:43.047,Within SLA,2023-08-01 21:43:01.374,6,4.0,Training and Consulting Services,Tier 1,Slovenia,46.1491664,14.9860106,0.024611388888888888,19.38834638888889,False,False,False,Within SLA
Resolved,2753,Low,Chat,Product setup,1st line support,Connor Danielovitch,2023-07-31 19:50:06,2023-08-01 19:50:06,2023-07-31 19:52:06,2023-07-31 19:53:50.682,SLA Violated,2023-08-01 11:07:04.826,Within SLA,,9,,Ready to use Software,Tier 1,Czech Republic,49.8037633,15.4749126,0.062411666666666664,15.283007222222222,False,False,False,Within SLA
Closed,2754,Medium,Email,Product setup,2nd line support,Heather Urry,2023-07-31 04:29:20,2023-08-02 04:29:20,2023-07-31 05:29:20,2023-07-31 04:39:49.607,Within SLA,2023-07-31 07:46:08.718,Within SLA,2023-07-31 20:57:22.721,6,4.0,Custom software development,Tier 2,Spain,39.67337,-4.767726,0.17489083333333333,3.2801994444444444,False,False,False,Within SLA
Closed,2755,Low,Email,Purchasing and invoicing,1st line support,Sheela Cutten,2023-07-31 19:38:58,2023-08-02 19:38:58,2023-07-31 20:38:58,2023-07-31 20:21:20.308,Within SLA,2023-08-01 18:05:10.763,Within SLA,2023-08-07 08:46:49.823,1,4.0,Ready to use Software,Tier 1,Austria,47.6964719,13.3457347,0.7061966666666667,22.436878611111112,False,False,False,Within SLA
Closed,2756,High,Email,Product setup,1st line support,Nicola Wane,2023-07-31 15:54:19,2023-08-02 15:54:19,2023-07-31 16:54:19,2023-07-31 16:49:59.126,Within SLA,2023-08-02 05:37:52.081,Within SLA,2023-08-06 09:21:19.358,3,3.0,Training and Consulting Services,Tier 1,Greece,39.368279,21.863141,0.9278127777777778,37.725855833333334,False,False,False,Within SLA
Closed,2757,Medium,Chat,Other,1st line support,Bernard Beckley,2023-07-31 15:07:17,2023-08-01 15:07:17,2023-07-31 15:09:17,2023-07-31 15:07:33.363,Within SLA,2023-08-01 00:32:00.147,Within SLA,2023-08-04 06:55:42.654,2,2.0,Custom software development,Tier 1,Germany,51.165691,10.451526,0.004545277777777777,9.411985277777777,False,False,False,Within SLA
Closed,2758,Low,Chat,Pricing and licensing,1st line support,Kristos Westoll,2023-07-31 19:18:02,2023-08-01 19:18:02,2023-07-31 19:20:02,2023-07-31 19:19:36.295,Within SLA,2023-08-01 18:03:27.557,Within SLA,2023-08-02 02:48:03.850,2,2.0,Ready to use Software,Tier 1,Poland,52.536273,19.050639,0.026193055555555556,22.757099166666666,False,False,False,Within SLA
Resolved,2759,Low,Email,Bug report,1st line support,Nicola Wane,2023-07-31 18:58:53,2023-08-02 18:58:53,2023-07-31 19:58:53,2023-07-31 19:18:24.522,Within SLA,2023-08-01 13:01:45.621,Within SLA,,8,,Ready to use Software,Tier 1,United Kingdom,55.378052,-3.435973,0.3254227777777778,18.047950277777776,False,False,False,Within SLA
Closed,2760,Medium,Chat,Pricing and licensing,1st line support,Sheela Cutten,2023-07-31 08:56:35,2023-08-01 08:56:35,2023-07-31 08:58:35,2023-07-31 08:57:35.414,Within SLA,2023-08-02 03:55:12.449,SLA Violated,2023-08-02 14:00:27.609,6,5.0,Ready to use Software,Tier 1,Poland,52.536273,19.050639,0.016781666666666667,42.977069166666666,False,False,False,SLA Violated
Closed,2761,Low,Email,Purchasing and invoicing,1st line support,Connor Danielovitch,2023-07-31 09:43:34,2023-08-02 09:43:34,2023-07-31 10:43:34,2023-07-31 09:47:04.546,Within SLA,2023-08-01 11:59:09.223,Within SLA,2023-08-02 10:35:33.322,8,4.0,Other,Tier 1,Bulgaria,42.7249925,25.4833039,0.058484999999999995,26.259784166666666,False,False,False,Within SLA
Closed,2762,Low,Chat,Feature request,1st line support,Nicola Wane,2023-08-01 04:34:57,2023-08-02 04:34:57,2023-08-01 04:36:57,2023-08-01 04:36:13.383,Within SLA,2023-08-02 01:36:45.220,Within SLA,2023-08-07 05:34:59.036,2,5.0,Ready to use Software,Tier 1,United Kingdom,55.378052,-3.435973,0.0212175,21.030061111111113,False,False,False,Within SLA
Resolved,2763,Medium,Chat,Feature request,2nd line support,Heather Urry,2023-08-01 15:29:12,2023-08-02 15:29:12,2023-08-01 15:31:12,2023-08-01 15:30:56.344,Within SLA,2023-08-01 21:25:57.481,Within SLA,,7,,Other,Tier 2,Poland,52.536273,19.050639,0.02898444444444444,5.945966944444445,False,False,False,Within SLA
Resolved,2764,Low,Email,Product setup,1st line support,Nicola Wane,2023-08-01 20:01:50,2023-08-03 20:01:50,2023-08-01 21:01:50,2023-08-01 20:45:23.654,Within SLA,2023-08-02 00:09:18.521,Within SLA,,1,,Other,Tier 1,France,48.864716,2.349014,0.726015,4.1245891666666665,False,False,False,Within SLA
In progress,2765,High,Email,Product setup,1st line support,Nicola Wane,2023-08-01 11:55:41,2023-08-03 11:55:41,2023-08-01 12:55:41,2023-08-01 11:59:10.867,Within SLA,,SLA Violated,,1,,Other,Tier 1,Italy,43.036776,12.678565,0.058296388888888884,,False,False,True,
Resolved,2766,Low,Email,Pricing and licensing,1st line support,Bernard Beckley,2023-08-01 03:21:52,2023-08-03 03:21:52,2023-08-01 04:21:52,2023-08-01 04:08:42.790,Within SLA,2023-08-01 04:27:42.556,Within SLA,,4,,Custom software development,Tier 1,Greece,39.368279,21.863141,0.780775,1.0973766666666667,False,False,False,Within SLA
Closed,2768,Medium,Email,Feature request,2nd line support,Adolpho Messingham,2023-08-01 04:44:54,2023-08-03 04:44:54,2023-08-01 05:44:54,2023-08-01 05:34:42.960,Within SLA,2023-08-06 19:45:17.143,SLA Violated,2023-08-08 18:10:31.274,8,3.0,Custom software development,Tier 2,Austria,47.6964719,13.3457347,0.8302666666666667,135.00642861111112,False,False,False,SLA Violated
Closed,2769,Medium,Email,Bug report,2nd line support,Adolpho Messingham,2023-08-02 07:41:06,2023-08-04 07:41:06,2023-08-02 08:41:06,2023-08-02 07:46:46.140,Within SLA,2023-08-02 12:25:11.661,Within SLA,2023-08-05 15:42:21.011,2,3.0,Custom software development,Tier 2,Poland,52.536273,19.050639,0.09448333333333334,4.734905833333333,False,False,False,Within SLA
Resolved,2771,Medium,Email,Pricing and licensing,2nd line support,Michele Whyatt,2023-08-02 11:18:10,2023-08-04 11:18:10,2023-08-02 12:18:10,2023-08-02 11:32:08.848,Within SLA,2023-08-04 09:37:47.927,Within SLA,,3,,Ready to use Software,Tier 2,Republic of Ireland,53.094024,-8.019675,0.23301333333333332,46.32720194444445,False,False,False,Within SLA
Closed,2772,Low,Email,Pricing and licensing,1st line support,Kristos Westoll,2023-08-02 07:31:31,2023-08-04 07:31:31,2023-08-02 08:31:31,2023-08-02 08:28:03.024,Within SLA,2023-08-04 05:46:21.136,Within SLA,2023-08-05 14:31:39.120,5,4.0,Ready to use Software,Tier 1,Spain,39.67337,-4.767726,0.9422288888888889,46.24726,False,False,False,Within SLA
Closed,2774,Low,Email,Product setup,2nd line support,Michele Whyatt,2023-08-02 18:06:52,2023-08-04 18:06:52,2023-08-02 19:06:52,2023-08-03 01:15:18.165,SLA Violated,2023-08-07 07:01:13.853,SLA Violated,2023-08-08 10:25:49.048,1,4.0,Custom software development,Tier 2,Spain,39.67337,-4.767726,7.140601388888889,108.90607027777777,False,False,False,SLA Violated
Closed,2775,Low,Phone,Pricing and licensing,1st line support,Bernard Beckley,2023-08-02 21:53:43,2023-08-04 21:53:43,2023-08-02 21:55:43,2023-08-02 21:54:42.896,Within SLA,2023-08-07 03:50:14.130,SLA Violated,2023-08-09 00:16:31.843,6,4.0,Ready to use Software,Tier 1,Slovenia,46.1491664,14.9860106,0.01663777777777778,101.94198055555556,False,False,False,SLA Violated
Closed,2776,Medium,Chat,Bug report,1st line support,Sheela Cutten,2023-08-02 02:37:15,2023-08-03 02:37:15,2023-08-02 02:39:15,2023-08-02 02:42:08.921,SLA Violated,2023-08-02 08:31:38.299,Within SLA,2023-08-02 14:27:32.360,4,4.0,Training and Consulting Services,Tier 1,United Kingdom,55.378052,-3.435973,0.08164472222222222,5.906471944444444,False,False,False,Within SLA
Resolved,2777,Medium,Email,Pricing and licensing,1st line support,Nicola Wane,2023-08-02 16:20:43,2023-08-04 16:20:43,2023-08-02 17:20:43,2023-08-02 17:00:49.988,Within SLA,2023-08-04 08:57:40.906,Within SLA,,1,,Ready to use Software,Tier 1,Italy,43.036776,12.678565,0.6686077777777777,40.616085,False,False,False,Within SLA
Resolved,2778,High,Email,Purchasing and invoicing,1st line support,Bernard Beckley,2023-08-02 15:53:02,2023-08-04 15:53:02,2023-08-02 16:53:02,2023-08-02 16:32:43.303,Within SLA,2023-08-08 10:26:15.697,SLA Violated,,7,,Other,Tier 1,Italy,43.036776,12.678565,0.6614730555555556,138.55380472222222,False,False,False,SLA Violated
In progress,2779,Medium,Phone,Product setup,1st line support,Connor Danielovitch,2023-08-03 22:39:29,2023-08-05 22:39:29,2023-08-03 22:41:29,2023-08-03 22:42:30.623,SLA Violated,,SLA Violated,,1,,Ready to use Software,Tier 1,Austria,47.6964719,13.3457347,0.050450833333333334,,False,False,True,
Closed,2780,High,Email,Feature request,2nd line support,Adolpho Messingham,2023-08-03 18:46:36,2023-08-05 18:46:36,2023-08-03 19:46:36,2023-08-03 19:01:52.807,Within SLA,2023-08-05 11:59:41.126,Within SLA,2023-08-09 20:52:20.116,7,2.0,Ready to use Software,Tier 2,Poland,52.536273,19.050639,0.2546686111111111,41.218090555555555,False,False,False,Within SLA
Resolved,2781,High,Chat,Bug report,2nd line support,Michele Whyatt,2023-08-03 00:14:42,2023-08-04 00:14:42,2023-08-03 00:16:42,2023-08-03 00:15:21.620,Within SLA,2023-08-07 19:15:29.176,SLA Violated,,6,,Custom software development,Tier 2,Germany,51.165691,10.451526,0.011005555555555555,115.01310444444444,False,False,False,SLA Violated
Resolved,2782,High,Phone,Product setup,2nd line support,Adolpho Messingham,2023-08-03 15:31:59,2023-08-05 15:31:59,2023-08-03 15:33:59,2023-08-03 15:32:07.635,Within SLA,2023-08-04 22:51:02.290,Within SLA,,1,,Custom software development,Tier 2,France,48.864716,2.349014,0.002398611111111111,31.317580555555555,False,False,False,Within SLA
Resolved,2783,Low,Email,Purchasing and invoicing,1st line support,Nicola Wane,2023-08-03 14:52:35,2023-08-05 14:52:35,2023-08-03 15:52:35,2023-08-03 15:34:40.652,Within SLA,2023-08-04 04:16:17.865,Within SLA,,1,,Custom software development,Tier 1,France,48.864716,2.349014,0.70157,13.395240277777777,False,False,False,Within SLA
Closed,2784,Medium,Chat,Feature request,2nd line support,Michele Whyatt,2023-08-03 12:37:19,2023-08-04 12:37:19,2023-08-03 12:39:19,2023-08-03 12:38:53.206,Within SLA,2023-08-04 04:47:46.615,Within SLA,2023-08-07 12:16:38.332,6,4.0,Ready to use Software,Tier 2,Italy,43.036776,12.678565,0.026168333333333335,16.1743375,False,False,False,Within SLA
Closed,2785,Medium,Phone,Product setup,2nd line support,Michele Whyatt,2023-08-03 21:38:26,2023-08-05 21:38:26,2023-08-03 21:40:26,2023-08-03 21:39:49.591,Within SLA,2023-08-05 14:52:32.043,Within SLA,2023-08-05 23:11:46.428,1,4.0,Custom software development,Tier 2,United Kingdom,55.378052,-3.435973,0.02321972222222222,41.235011944444445,False,False,False,Within SLA
In progress,2786,Medium,Chat,Pricing and licensing,1st line support,Sheela Cutten,2023-08-03 21:33:45,2023-08-04 21:33:45,2023-08-03 21:35:45,2023-08-03 21:35:04.572,Within SLA,,SLA Violated,,60,,Ready to use Software,Tier 1,Germany,51.165691,10.451526,0.022103333333333332,,False,True,True,
Resolved,2787,Low,Phone,Feature request,1st line support,Nicola Wane,2023-08-04 12:43:41,2023-08-06 12:43:41,2023-08-04 12:45:41,2023-08-04 12:44:01.169,Within SLA,2023-08-07 02:10:39.293,SLA Violated,,1,,Ready to use Software,Tier 1,France,48.864716,2.349014,0.0056025,61.44952583333333,False,False,False,SLA Violated
Closed,2788,Low,Chat,Feature request,2nd line support,Michele Whyatt,2023-08-04 04:37:32,2023-08-05 04:37:32,2023-08-04 04:39:32,2023-08-04 04:38:22.202,Within SLA,2023-08-04 14:07:43.050,Within SLA,2023-08-06 05:11:39.180,4,1.0,Ready to use Software,Tier 2,Italy,43.036776,12.678565,0.013944999999999999,9.503069444444446,False,False,False,Within SLA
In progress,2789,High,Email,Product setup,1st line support,Sheela Cutten,2023-08-04 18:15:36,2023-08-06 18:15:36,2023-08-04 19:15:36,2023-08-04 18:50:58.022,Within SLA,,SLA Violated,,6,,Other,Tier 1,Greece,39.368279,21.863141,0.5894505555555556,,False,False,True,
Closed,2790,Medium,Email,Product setup,1st line support,Bernard Beckley,2023-08-04 03:20:18,2023-08-06 03:20:18,2023-08-04 04:20:18,2023-08-04 04:17:24.901,Within SLA,2023-08-05 21:34:54.432,Within SLA,2023-08-06 06:58:58.084,8,1.0,Ready to use Software,Tier 1,Italy,43.036776,12.678565,0.9519169444444444,42.243453333333335,False,False,False,Within SLA
Resolved,2791,High,Email,Pricing and licensing,1st line support,Bernard Beckley,2023-08-04 01:50:35,2023-08-06 01:50:35,2023-08-04 02:50:35,2023-08-04 01:55:05.595,Within SLA,2023-08-05 20:31:49.994,Within SLA,,4,,Training and Consulting Services,Tier 1,France,48.864716,2.349014,0.07516527777777779,42.68749833333334,False,False,False,Within SLA
Closed,2792,Low,Phone,Bug report,1st line support,Kristos Westoll,2023-08-05 00:41:24,2023-08-07 00:41:24,2023-08-05 00:43:24,2023-08-05 00:42:23.115,Within SLA,2023-08-07 05:00:06.240,SLA Violated,2023-08-08 10:15:07.464,3,1.0,Ready to use Software,Tier 1,Italy,43.036776,12.678565,0.016420833333333332,52.31173333333333,False,False,False,SLA Violated
Closed,2793,Medium,Email,Other,1st line support,Nicola Wane,2023-08-05 02:24:07,2023-08-07 02:24:07,2023-08-05 03:24:07,2023-08-05 08:21:20.937,SLA Violated,2023-08-05 09:54:41.732,Within SLA,2023-08-09 03:05:35.386,9,4.0,Custom software development,Tier 1,United Kingdom,55.378052,-3.435973,5.9538713888888894,7.5096477777777775,False,False,False,Within SLA
Closed,2794,Medium,Chat,Product setup,1st line support,Nicola Wane,2023-08-05 01:58:57,2023-08-06 01:58:57,2023-08-05 02:00:57,2023-08-05 01:59:43.430,Within SLA,2023-08-05 10:23:44.287,Within SLA,2023-08-07 00:33:12.520,5,5.0,Training and Consulting Services,Tier 1,Poland,52.536273,19.050639,0.012897222222222221,8.413135277777778,False,False,False,Within SLA
Closed,2806,Low,Email,Feature request,1st line support,Nicola Wane,2023-08-06 11:09:06,2023-08-08 11:09:06,2023-08-06 12:09:06,2023-08-06 11:43:40.429,Within SLA,2023-08-06 15:34:41.504,Within SLA,2023-08-11 08:07:36.071,8,5.0,Ready to use Software,Tier 1,Italy,43.036776,12.678565,0.5762302777777778,4.426528888888889,False,False,False,Within SLA
Resolved,2807,High,Email,Other,1st line support,Connor Danielovitch,2023-08-06 12:50:33,2023-08-08 12:50:33,2023-08-06 13:50:33,2023-08-06 13:17:36.041,Within SLA,2023-08-07 15:01:37.257,Within SLA,,1,,Custom software development,Tier 1,Slovenia,46.1491664,14.9860106,0.4508447222222222,26.184515833333332,False,False,False,Within SLA
Resolved,2808,High,Email,Bug report,1st line support,Connor Danielovitch,2023-08-06 10:37:40,2023-08-08 10:37:40,2023-08-06 11:37:40,2023-08-06 11:23:39.220,Within SLA,2023-08-11 17:38:25.158,SLA Violated,,10,,Custom software development,Tier 1,United Kingdom,55.378052,-3.435973,0.76645,127.01254388888889,False,False,False,SLA Violated
Closed,2809,Low,Email,Purchasing and invoicing,1st line support,Nicola Wane,2023-08-06 13:52:11,2023-08-08 13:52:11,2023-08-06 14:52:11,2023-08-06 14:21:28.348,Within SLA,2023-08-08 07:57:43.174,Within SLA,2023-08-08 23:06:20.859,3,5.0,Ready to use Software,Tier 1,Czech Republic,49.8037633,15.4749126,0.4881522222222222,42.09227055555556,False,False,False,Within SLA
Closed,2810,Low,Email,Product setup,1st line support,Nicola Wane,2023-08-06 17:58:30,2023-08-08 17:58:30,2023-08-06 18:58:30,2023-08-06 18:37:10.878,Within SLA,2023-08-06 21:30:35.867,Within SLA,2023-08-12 06:43:08.520,2,5.0,Other,Tier 1,Czech Republic,49.8037633,15.4749126,0.6446883333333334,3.5349630555555556,False,False,False,Within SLA
Closed,2811,Low,Email,Pricing and licensing,1st line support,Bernard Beckley,2023-08-06 13:38:15,2023-08-08 13:38:15,2023-08-06 14:38:15,2023-08-06 13:45:10.286,Within SLA,2023-08-11 13:43:28.716,SLA Violated,2023-08-12 00:10:51.545,2,5.0,Ready to use Software,Tier 1,France,48.864716,2.349014,0.11535722222222222,120.08714333333334,False,False,False,SLA Violated
Resolved,2812,High,Email,Purchasing and invoicing,1st line support,Connor Danielovitch,2023-08-07 12:46:44,2023-08-09 12:46:44,2023-08-07 13:46:44,2023-08-07 19:12:47.340,SLA Violated,2023-08-07 20:36:58.301,Within SLA,,1,,Other,Tier 1,Bulgaria,42.7249925,25.4833039,6.434261111111111,7.837305833333333,False,False,False,Within SLA
In progress,2813,Low,Email,Bug report,2nd line support,Michele Whyatt,2023-08-07 11:15:32,2023-08-09 11:15:32,2023-08-07 12:15:32,2023-08-07 11:23:32.077,Within SLA,,SLA Violated,,10,,Other,Tier 2,Germany,51.165691,10.451526,0.13335472222222222,,False,False,True,
Resolved,2814,Low,Email,Training request,1st line support,Kristos Westoll,2023-08-07 19:44:12,2023-08-09 19:44:12,2023-08-07 20:44:12,2023-08-07 20:37:17.619,Within SLA,2023-08-09 03:49:20.704,Within SLA,,2,,Training and Consulting Services,Tier 1,Germany,51.165691,10.451526,0.8848941666666668,32.08575111111111,False,False,False,Within SLA
Closed,2815,Low,Email,Feature request,1st line support,Nicola Wane,2023-08-07 23:34:02,2023-08-09 23:34:02,2023-08-08 00:34:02,2023-08-07 23:38:23.692,Within SLA,2023-08-08 07:04:34.816,Within SLA,2023-08-14 00:06:37.880,1,3.0,Ready to use Software,Tier 1,Poland,52.536273,19.050639,0.07269222222222223,7.509115555555555,False,False,False,Within SLA
In progress,2816,Medium,Chat,Bug report,1st line support,Sheela Cutten,2023-08-07 15:10:55,2023-08-08 15:10:55,2023-08-07 15:12:55,2023-08-07 15:13:07.918,SLA Violated,,SLA Violated,,6,,Custom software development,Tier 1,Slovenia,46.1491664,14.9860106,0.036921666666666665,,False,False,True,
Closed,2817,Medium,Email,Purchasing and invoicing,1st line support,Sheela Cutten,2023-08-07 22:29:00,2023-08-09 22:29:00,2023-08-07 23:29:00,2023-08-07 23:12:18.897,Within SLA,2023-08-11 16:11:22.458,SLA Violated,2023-08-12 22:53:13.232,4,5.0,Ready to use Software,Tier 1,France,48.864716,2.349014,0.7219158333333333,89.70623833333333,False,False,False,SLA Violated
Closed,2818,Low,Email,Purchasing and invoicing,1st line support,Sheela Cutten,2023-08-08 09:40:50,2023-08-10 09:40:50,2023-08-08 10:40:50,2023-08-08 10:16:34.543,Within SLA,2023-08-10 00:51:58.142,Within SLA,2023-08-11 20:48:55.109,3,5.0,Training and Consulting Services,Tier 1,Poland,52.536273,19.050639,0.5957063888888889,39.185595,False,False,False,Within SLA
Resolved,2819,Low,Phone,Purchasing and invoicing,1st line support,Connor Danielovitch,2023-08-08 21:09:26,2023-08-10 21:09:26,2023-08-08 21:11:26,2023-08-08 21:11:16.387,Within SLA,2023-08-10 18:00:32.120,Within SLA,,1,,Ready to use Software,Tier 1,Bulgaria,42.7249925,25.4833039,0.030663055555555555,44.8517,False,False,False,Within SLA
Resolved,2820,Medium,Chat,Other,1st line support,Bernard Beckley,2023-08-08 22:35:28,2023-08-09 22:35:28,2023-08-08 22:37:28,2023-08-08 22:37:01.764,Within SLA,2023-08-09 16:47:07.458,Within SLA,,6,,Custom software development,Tier 1,Bulgaria,42.7249925,25.4833039,0.026045555555555554,18.19429388888889,False,False,False,Within SLA
Closed,2821,Medium,Chat,Training request,1st line support,Kristos Westoll,2023-08-08 00:50:57,2023-08-09 00:50:57,2023-08-08 00:52:57,2023-08-08 00:52:27.517,Within SLA,2023-08-08 18:27:14.989,Within SLA,2023-08-12 06:47:21.383,6,4.0,Training and Consulting Services,Tier 1,Poland,52.536273,19.050639,0.02514361111111111,17.604996944444444,False,False,False,Within SLA
Closed,2822,Low,Phone,Product setup,1st line support,Nicola Wane,2023-08-08 07:51:46,2023-08-10 07:51:46,2023-08-08 07:53:46,2023-08-08 07:53:27.992,Within SLA,2023-08-11 20:40:53.639,SLA Violated,2023-08-12 01:19:18.504,4,1.0,Training and Consulting Services,Tier 1,Italy,43.036776,12.678565,0.028331111111111112,84.81878861111112,False,False,False,SLA Violated
Closed,2823,High,Email,Feature request,2nd line support,Adolpho Messingham,2023-08-08 01:22:34,2023-08-10 01:22:34,2023-08-08 02:22:34,2023-08-08 01:45:21.519,Within SLA,2023-08-09 00:36:44.570,Within SLA,2023-08-09 10:29:58.979,1,3.0,Ready to use Software,Tier 2,Germany,51.165691,10.451526,0.3798663888888889,23.236269444444446,False,False,False,Within SLA
Closed,2824,Low,Email,Purchasing and invoicing,1st line support,Bernard Beckley,2023-08-08 05:42:37,2023-08-10 05:42:37,2023-08-08 06:42:37,2023-08-08 05:49:22.298,Within SLA,2023-08-09 06:53:10.343,Within SLA,2023-08-10 12:25:26.289,2,5.0,Ready to use Software,Tier 1,Slovenia,46.1491664,14.9860106,0.11258277777777778,25.17592861111111,False,False,False,Within SLA
Resolved,2825,Medium,Chat,Product setup,1st line support,Connor Danielovitch,2023-08-09 20:32:09,2023-08-10 20:32:09,2023-08-09 20:34:09,2023-08-09 20:32:35.264,Within SLA,2023-08-09 23:05:15.032,Within SLA,,8,,Ready to use Software,Tier 1,Italy,43.036776,12.678565,0.007295555555555555,2.5516755555555553,False,False,False,Within SLA
In progress,2826,Medium,Email,Pricing and licensing,1st line support,Connor Danielovitch,2023-08-09 08:55:35,2023-08-11 08:55:35,2023-08-09 09:55:35,2023-08-09 09:13:25.568,Within SLA,,SLA Violated,,3,,Custom software development,Tier 1,Slovenia,46.1491664,14.9860106,0.29738,,False,False,True,
Resolved,2827,High,Email,Bug report,1st line support,Bernard Beckley,2023-08-09 11:05:57,2023-08-11 11:05:57,2023-08-09 12:05:57,2023-08-09 12:04:39.099,Within SLA,2023-08-13 11:52:57.960,SLA Violated,,2,,Custom software development,Tier 1,Spain,39.67337,-4.767726,0.9783608333333333,96.7836,False,False,False,SLA Violated
Closed,2828,Low,Email,Feature request,2nd line support,Michele Whyatt,2023-08-09 17:25:41,2023-08-11 17:25:41,2023-08-09 18:25:41,2023-08-09 17:36:40.870,Within SLA,2023-08-14 15:55:01.828,SLA Violated,2023-08-16 15:31:27.310,4,3.0,Other,Tier 2,Italy,43.036776,12.678565,0.18329722222222222,118.48911888888888,False,False,False,SLA Violated
Resolved,2829,High,Chat,Pricing and licensing,1st line support,Nicola Wane,2023-08-09 06:58:57,2023-08-10 06:58:57,2023-08-09 07:00:57,2023-08-09 06:59:10.987,Within SLA,2023-08-09 19:11:32.256,Within SLA,,6,,Ready to use Software,Tier 1,Republic of Ireland,53.094024,-8.019675,0.003885277777777778,12.209793333333334,False,False,False,Within SLA
Closed,2830,Low,Chat,Feature request,1st line support,Sheela Cutten,2023-08-09 09:11:08,2023-08-10 09:11:08,2023-08-09 09:13:08,2023-08-09 09:15:01.662,SLA Violated,2023-08-09 14:03:14.822,Within SLA,2023-08-11 18:56:17.620,6,3.0,Custom software development,Tier 1,France,48.864716,2.349014,0.06490611111111111,4.8685616666666665,False,False,False,Within SLA
Resolved,2831,High,Chat,Bug report,2nd line support,Adolpho Messingham,2023-08-09 17:11:17,2023-08-10 17:11:17,2023-08-09 17:13:17,2023-08-09 17:11:58.279,Within SLA,2023-08-10 08:53:19.812,Within SLA,,6,,Custom software development,Tier 2,Bulgaria,42.7249925,25.4833039,0.01146638888888889,15.70078111111111,False,False,False,Within SLA
In progress,2832,Low,Email,Bug report,2nd line support,Heather Urry,2023-08-09 03:50:28,2023-08-11 03:50:28,2023-08-09 04:50:28,2023-08-09 04:21:26.422,Within SLA,,SLA Violated,,10,,Custom software development,Tier 2,United Kingdom,55.378052,-3.435973,0.5162283333333333,,False,False,True,
Closed,2833,Low,Email,Product setup,2nd line support,Michele Whyatt,2023-08-09 00:29:00,2023-08-11 00:29:00,2023-08-09 01:29:00,2023-08-09 01:03:46.685,Within SLA,2023-08-09 21:58:22.998,Within SLA,2023-08-15 08:47:52.166,5,4.0,Ready to use Software,Tier 2,Czech Republic,49.8037633,15.4749126,0.5796347222222222,21.489721666666668,False,False,False,Within SLA
Closed,2834,Low,Phone,Other,2nd line support,Heather Urry,2023-08-10 18:52:16,2023-08-12 18:52:16,2023-08-10 18:54:16,2023-08-10 18:53:29.813,Within SLA,2023-08-14 17:33:53.681,SLA Violated,2023-08-15 21:53:00.783,2,4.0,Ready to use Software,Tier 2,Spain,39.67337,-4.767726,0.02050361111111111,94.69380027777777,False,False,False,SLA Violated
In progress,2835,High,Email,Other,2nd line support,Adolpho Messingham,2023-08-10 20:17:52,2023-08-12 20:17:52,2023-08-10 21:17:52,2023-08-10 20:19:33.448,Within SLA,,SLA Violated,,6,,Ready to use Software,Tier 2,Bulgaria,42.7249925,25.4833039,0.028179999999999997,,False,False,True,
Closed,2836,Low,Email,Purchasing and invoicing,1st line support,Kristos Westoll,2023-08-10 22:15:02,2023-08-12 22:15:02,2023-08-10 23:15:02,2023-08-10 23:05:08.097,Within SLA,2023-08-11 14:48:45.103,Within SLA,2023-08-15 20:10:37.934,2,4.0,Custom software development,Tier 1,Germany,51.165691,10.451526,0.8350269444444445,16.561973055555555,False,False,False,Within SLA
Resolved,2837,Medium,Email,Pricing and licensing,1st line support,Kristos Westoll,2023-08-11 16:51:17,2023-08-13 16:51:17,2023-08-11 17:51:17,2023-08-11 17:49:36.705,Within SLA,2023-08-12 17:03:52.157,Within SLA,,5,,Custom software development,Tier 1,Republic of Ireland,53.094024,-8.019675,0.9721402777777778,24.209765833333336,False,False,False,Within SLA
Closed,2838,Medium,Phone,Purchasing and invoicing,1st line support,Kristos Westoll,2023-08-11 04:48:56,2023-08-13 04:48:56,2023-08-11 04:50:56,2023-08-11 04:50:24.641,Within SLA,2023-08-14 01:33:00.699,SLA Violated,2023-08-15 08:39:56.599,6,2.0,Training and Consulting Services,Tier 1,Greece,39.368279,21.863141,0.024622500000000002,68.73463861111111,False,False,False,SLA Violated
Closed,2839,Medium,Email,Feature request,1st line support,Sheela Cutten,2023-08-11 23:20:44,2023-08-13 23:20:44,2023-08-12 00:20:44,2023-08-11 23:24:19.510,Within SLA,2023-08-13 11:02:02.131,Within SLA,2023-08-18 12:42:54.276,6,4.0,Ready to use Software,Tier 1,Czech Republic,49.8037633,15.4749126,0.05986388888888888,35.68836972222222,False,False,False,Within SLA
Closed,2840,Low,Chat,Product setup,1st line support,Sheela Cutten,2023-08-11 23:26:09,2023-08-12 23:26:09,2023-08-11 23:28:09,2023-08-11 23:27:40.124,Within SLA,2023-08-12 21:43:34.063,Within SLA,2023-08-12 06:28:14.148,5,5.0,Other,Tier 1,Germany,51.165691,10.451526,0.025312222222222222,22.290295277777776,False,False,False,Within SLA
Closed,2841,High,Chat,Purchasing and invoicing,1st line support,Nicola Wane,2023-08-11 15:00:10,2023-08-12 15:00:10,2023-08-11 15:02:10,2023-08-11 15:00:44.869,Within SLA,2023-08-12 09:56:28.938,Within SLA,2023-08-13 10:00:56.283,5,4.0,Ready to use Software,Tier 1,Poland,52.536273,19.050639,0.009685833333333333,18.93859388888889,False,False,False,Within SLA
Closed,2842,High,Email,Purchasing and invoicing,1st line support,Connor Danielovitch,2023-08-12 08:58:38,2023-08-14 08:58:38,2023-08-12 09:58:38,2023-08-12 09:58:35.887,Within SLA,2023-08-17 20:19:13.188,SLA Violated,2023-08-18 05:54:19.810,7,3.0,Custom software development,Tier 1,Greece,39.368279,21.863141,0.9994130555555556,131.3431077777778,False,False,False,SLA Violated
In progress,2843,Medium,Email,Feature request,2nd line support,Adolpho Messingham,2023-08-12 04:28:51,2023-08-14 04:28:51,2023-08-12 05:28:51,2023-08-12 05:20:19.198,Within SLA,,SLA Violated,,10,,Other,Tier 2,Republic of Ireland,53.094024,-8.019675,0.8578327777777778,,False,False,True,
Closed,2844,Medium,Chat,Purchasing and invoicing,2nd line support,Michele Whyatt,2023-08-12 14:25:33,2023-08-13 14:25:33,2023-08-12 14:27:33,2023-08-12 14:26:07.566,Within SLA,2023-08-12 20:44:26.821,Within SLA,2023-08-15 02:22:47.587,5,5.0,Ready to use Software,Tier 2,France,48.864716,2.349014,0.009601666666666668,6.314950277777778,False,False,False,Within SLA
In progress,2845,Low,Phone,Feature request,1st line support,Sheela Cutten,2023-08-12 01:08:42,2023-08-14 01:08:42,2023-08-12 01:10:42,2023-08-12 01:13:15.200,SLA Violated,,SLA Violated,,3,,Ready to use Software,Tier 1,Germany,51.165691,10.451526,0.07588888888888888,,False,False,True,
Closed,2855,High,Chat,Feature request,1st line support,Bernard Beckley,2023-08-13 04:29:18,2023-08-14 04:29:18,2023-08-13 04:31:18,2023-08-13 04:29:56.861,Within SLA,2023-08-13 08:30:02.950,Within SLA,2023-08-16 02:55:33.130,6,4.0,Ready to use Software,Tier 1,Greece,39.368279,21.863141,0.010794722222222221,4.012486111111111,False,False,False,Within SLA
Closed,2856,Low,Email,Pricing and licensing,2nd line support,Heather Urry,2023-08-14 13:58:32,2023-08-16 13:58:32,2023-08-14 14:58:32,2023-08-14 14:21:50.175,Within SLA,2023-08-15 05:15:34.457,Within SLA,2023-08-16 17:00:03.001,3,3.0,Ready to use Software,Tier 2,Bulgaria,42.7249925,25.4833039,0.3883819444444444,15.284015833333333,False,False,False,Within SLA
Closed,2857,Medium,Email,Feature request,2nd line support,Michele Whyatt,2023-08-14 19:11:08,2023-08-16 19:11:08,2023-08-14 20:11:08,2023-08-14 19:40:00.479,Within SLA,2023-08-16 15:22:09.491,Within SLA,2023-08-19 13:00:57.430,5,5.0,Other,Tier 2,Italy,43.036776,12.678565,0.4812441666666667,44.1837475,False,False,False,Within SLA
Closed,2858,High,Email,Product setup,2nd line support,Adolpho Messingham,2023-08-14 07:57:39,2023-08-16 07:57:39,2023-08-14 08:57:39,2023-08-14 08:27:10.528,Within SLA,2023-08-16 02:51:09.421,Within SLA,2023-08-17 11:55:35.506,2,1.0,Ready to use Software,Tier 2,Italy,43.036776,12.678565,0.4920911111111111,42.89178361111111,False,False,False,Within SLA
Closed,2859,Low,Chat,Bug report,1st line support,Bernard Beckley,2023-08-14 16:56:36,2023-08-15 16:56:36,2023-08-14 16:58:36,2023-08-14 16:58:10.463,Within SLA,2023-08-16 00:14:42.289,SLA Violated,2023-08-16 10:56:40.595,5,5.0,Training and Consulting Services,Tier 1,Germany,51.165691,10.451526,0.02623972222222222,31.301746944444446,False,False,False,SLA Violated
Resolved,2860,Medium,Chat,Other,1st line support,Nicola Wane,2023-08-14 16:34:25,2023-08-15 16:34:25,2023-08-14 16:36:25,2023-08-14 16:36:07.213,Within SLA,2023-08-18 10:45:01.225,SLA Violated,,6,,Other,Tier 1,Austria,47.6964719,13.3457347,0.028392499999999998,90.17672916666666,False,False,False,SLA Violated
Resolved,2861,Low,Email,Other,1st line support,Sheela Cutten,2023-08-14 12:56:01,2023-08-16 12:56:01,2023-08-14 13:56:01,2023-08-14 16:01:13.672,SLA Violated,2023-08-14 16:32:03.993,Within SLA,,1,,Other,Tier 1,Slovenia,46.1491664,14.9860106,3.0868533333333334,3.600831388888889,False,False,False,Within SLA
In progress,2862,Medium,Email,Feature request,1st line support,Connor Danielovitch,2023-08-14 02:02:34,2023-08-16 02:02:34,2023-08-14 03:02:34,2023-08-14 02:26:40.443,Within SLA,,SLA Violated,,5,,Ready to use Software,Tier 1,Germany,51.165691,10.451526,0.4017897222222222,,False,False,True,
Closed,2863,Medium,Phone,Pricing and licensing,1st line support,Nicola Wane,2023-08-14 21:53:06,2023-08-16 21:53:06,2023-08-14 21:55:06,2023-08-14 21:54:22.233,Within SLA,2023-08-16 05:24:49.585,Within SLA,2023-08-17 19:43:57.123,1,1.0,Custom software development,Tier 1,Poland,52.536273,19.050639,0.021175833333333335,31.528773611111113,False,False,False,Within SLA
Resolved,2864,High,Phone,Pricing and licensing,1st line support,Connor Danielovitch,2023-08-14 16:03:00,2023-08-16 16:03:00,2023-08-14 16:05:00,2023-08-14 16:04:58.417,Within SLA,2023-08-19 22:24:46.782,SLA Violated,,6,,Ready to use Software,Tier 1,Greece,39.368279,21.863141,0.03289361111111111,126.362995,False,False,False,SLA Violated
Closed,2865,Low,Email,Product setup,1st line support,Nicola Wane,2023-08-15 06:38:25,2023-08-17 06:38:25,2023-08-15 07:38:25,2023-08-15 06:40:27.759,Within SLA,2023-08-16 15:02:32.045,Within SLA,2023-08-18 17:42:14.769,5,4.0,Ready to use Software,Tier 1,Spain,39.67337,-4.767726,0.034099722222222226,32.40195694444444,False,False,False,Within SLA
Closed,2866,Low,Email,Feature request,2nd line support,Adolpho Messingham,2023-08-15 20:32:14,2023-08-17 20:32:14,2023-08-15 21:32:14,2023-08-15 21:23:18.789,Within SLA,2023-08-16 20:00:44.934,Within SLA,2023-08-20 21:06:32.909,1,1.0,Ready to use Software,Tier 2,Italy,43.036776,12.678565,0.8513302777777778,23.475259444444443,False,False,False,Within SLA
In progress,2867,Low,Phone,Pricing and licensing,1st line support,Bernard Beckley,2023-08-15 19:42:47,2023-08-17 19:42:47,2023-08-15 19:44:47,2023-08-15 19:43:26.512,Within SLA,,SLA Violated,,3,,Custom software development,Tier 1,Austria,47.6964719,13.3457347,0.010975555555555556,,False,False,True,
Resolved,2868,Low,Email,Training request,1st line support,Kristos Westoll,2023-08-15 22:59:05,2023-08-17 22:59:05,2023-08-15 23:59:05,2023-08-15 23:01:17.303,Within SLA,2023-08-17 15:56:14.956,Within SLA,,10,,Training and Consulting Services,Tier 1,Poland,52.536273,19.050639,0.03675083333333333,40.95276555555556,False,False,False,Within SLA
Resolved,2869,Low,Email,Other,1st line support,Kristos Westoll,2023-08-15 06:18:13,2023-08-17 06:18:13,2023-08-15 07:18:13,2023-08-15 06:57:30.475,Within SLA,2023-08-16 01:18:44.733,Within SLA,,3,,Other,Tier 1,Italy,43.036776,12.678565,0.6548541666666666,19.00881472222222,False,False,False,Within SLA
Closed,2870,High,Phone,Pricing and licensing,1st line support,Connor Danielovitch,2023-08-15 21:06:22,2023-08-17 21:06:22,2023-08-15 21:08:22,2023-08-15 21:08:07.108,Within SLA,2023-08-16 02:11:55.933,Within SLA,2023-08-20 13:14:14.090,2,5.0,Custom software development,Tier 1,Germany,51.165691,10.451526,0.02919666666666667,5.092759166666667,False,False,False,Within SLA
Closed,2871,High,Email,Feature request,1st line support,Sheela Cutten,2023-08-15 07:04:55,2023-08-17 07:04:55,2023-08-15 08:04:55,2023-08-15 07:20:21.949,Within SLA,2023-08-17 04:51:20.622,Within SLA,2023-08-20 11:29:58.527,5,3.0,Ready to use Software,Tier 1,Greece,39.368279,21.863141,0.2574858333333333,45.77378388888889,False,False,False,Within SLA
In progress,2872,Medium,Email,Pricing and licensing,1st line support,Sheela Cutten,2023-08-15 21:39:32,2023-08-17 21:39:32,2023-08-15 22:39:32,2023-08-16 03:00:33.779,SLA Violated,,SLA Violated,,6,,Ready to use Software,Tier 1,Greece,39.368279,21.863141,5.3504941666666666,,False,False,True,
Closed,2873,Low,Email,Product setup,1st line support,Nicola Wane,2023-08-15 02:44:06,2023-08-17 02:44:06,2023-08-15 03:44:06,2023-08-15 03:05:19.439,Within SLA,2023-08-15 22:23:13.658,Within SLA,2023-08-17 01:40:40.569,4,2.0,Ready to use Software,Tier 1,Poland,52.536273,19.050639,0.35373305555555556,19.65212722222222,False,False,False,Within SLA
In progress,2874,Medium,Phone,Product setup,2nd line support,Michele Whyatt,2023-08-15 02:20:17,2023-08-17 02:20:17,2023-08-15 02:22:17,2023-08-15 02:21:49.921,Within SLA,,SLA Violated,,7,,Training and Consulting Services,Tier 2,Poland,52.536273,19.050639,0.02581138888888889,,False,False,True,
Resolved,2875,Low,Chat,Purchasing and invoicing,1st line support,Sheela Cutten,2023-08-15 06:57:33,2023-08-16 06:57:33,2023-08-15 06:59:33,2023-08-15 06:58:38.259,Within SLA,2023-08-15 10:55:01.184,Within SLA,,5,,Ready to use Software,Tier 1,Slovenia,46.1491664,14.9860106,0.0181275,3.957828888888889,False,False,False,Within SLA
Closed,2876,Medium,Email,Purchasing and invoicing,1st line support,Bernard Beckley,2023-08-15 22:36:53,2023-08-17 22:36:53,2023-08-15 23:36:53,2023-08-15 23:16:03.298,Within SLA,2023-08-16 21:50:34.821,Within SLA,2023-08-23 12:02:43.299,4,4.0,Ready to use Software,Tier 1,Germany,51.165691,10.451526,0.6528605555555554,23.22828361111111,False,False,False,Within SLA
Resolved,2877,Low,Email,Pricing and licensing,1st line support,Connor Danielovitch,2023-08-15 22:21:29,2023-08-17 22:21:29,2023-08-15 23:21:29,2023-08-15 23:08:49.061,Within SLA,2023-08-21 15:04:31.493,SLA Violated,,1,,Custom software development,Tier 1,Poland,52.536273,19.050639,0.7889058333333334,136.71735916666668,False,False,False,SLA Violated
Closed,2878,Low,Chat,Feature request,2nd line support,Adolpho Messingham,2023-08-15 02:33:23,2023-08-16 02:33:23,2023-08-15 02:35:23,2023-08-15 02:35:14.975,Within SLA,2023-08-20 08:28:01.281,SLA Violated,2023-08-21 22:41:29.058,9,1.0,Other,Tier 2,Bulgaria,42.7249925,25.4833039,0.031104166666666665,125.91063361111111,False,False,False,SLA Violated
Closed,2879,Low,Phone,Pricing and licensing,1st line support,Connor Danielovitch,2023-08-15 22:12:35,2023-08-17 22:12:35,2023-08-15 22:14:35,2023-08-15 22:16:50.337,SLA Violated,2023-08-17 05:31:26.419,Within SLA,2023-08-19 15:40:32.289,2,3.0,Custom software development,Tier 1,Republic of Ireland,53.094024,-8.019675,0.07092694444444445,31.314283055555553,False,False,False,Within SLA
Closed,2881,High,Email,Purchasing and invoicing,1st line support,Nicola Wane,2023-08-16 18:24:27,2023-08-18 18:24:27,2023-08-16 19:24:27,2023-08-16 18:31:12.449,Within SLA,2023-08-17 05:56:15.336,Within SLA,2023-08-22 17:51:13.864,2,5.0,Custom software development,Tier 1,Republic of Ireland,53.094024,-8.019675,0.11262472222222222,11.530093333333333,False,False,False,Within SLA
In progress,2883,Medium,Email,Pricing and licensing,1st line support,Bernard Beckley,2023-08-16 02:17:56,2023-08-18 02:17:56,2023-08-16 03:17:56,2023-08-16 02:39:56.615,Within SLA,,SLA Violated,,2,,Ready to use Software,Tier 1,Republic of Ireland,53.094024,-8.019675,0.3668375,,False,False,True,
In progress,2885,Medium,Email,Bug report,2nd line support,Michele Whyatt,2023-08-16 03:47:10,2023-08-18 03:47:10,2023-08-16 04:47:10,2023-08-16 04:30:31.019,Within SLA,,SLA Violated,,2,,Training and Consulting Services,Tier 2,Slovenia,46.1491664,14.9860106,0.7225052777777777,,False,False,True,
Resolved,2886,Low,Chat,Bug report,2nd line support,Heather Urry,2023-08-16 16:29:03,2023-08-17 16:29:03,2023-08-16 16:31:03,2023-08-16 16:30:12.126,Within SLA,2023-08-16 18:16:42.271,Within SLA,,5,,Ready to use Software,Tier 2,Italy,43.036776,12.678565,0.01920166666666667,1.7942419444444444,False,False,False,Within SLA
Closed,2887,High,Email,Feature request,2nd line support,Heather Urry,2023-08-17 05:41:13,2023-08-19 05:41:13,2023-08-17 06:41:13,2023-08-17 06:37:31.466,Within SLA,2023-08-18 18:18:39.260,Within SLA,2023-08-20 04:31:22.522,9,5.0,Other,Tier 2,Poland,52.536273,19.050639,0.9384627777777778,36.623961111111115,False,False,False,Within SLA
In progress,2888,Medium,Chat,Purchasing and invoicing,1st line support,Nicola Wane,2023-08-17 10:40:47,2023-08-18 10:40:47,2023-08-17 10:42:47,2023-08-17 10:41:37.941,Within SLA,,SLA Violated,,6,,Custom software development,Tier 1,Poland,52.536273,19.050639,0.014150277777777779,,False,False,True,
In progress,2889,Low,Chat,Feature request,1st line support,Nicola Wane,2023-08-17 15:50:32,2023-08-18 15:50:32,2023-08-17 15:52:32,2023-08-17 15:50:59.959,Within SLA,,SLA Violated,,4,,Custom software development,Tier 1,United Kingdom,55.378052,-3.435973,0.007766388888888889,,False,False,True,
In progress,2890,Low,Chat,Pricing and licensing,1st line support,Kristos Westoll,2023-08-17 07:17:22,2023-08-18 07:17:22,2023-08-17 07:19:22,2023-08-17 07:18:25.921,Within SLA,,SLA Violated,,9,,Custom software development,Tier 1,Italy,43.036776,12.678565,0.017755833333333332,,False,False,True,
Closed,2891,Medium,Chat,Pricing and licensing,1st line support,Connor Danielovitch,2023-08-17 14:57:40,2023-08-18 14:57:40,2023-08-17 14:59:40,2023-08-17 14:57:57.239,Within SLA,2023-08-18 10:18:11.139,Within SLA,2023-08-23 23:05:40.778,6,4.0,Training and Consulting Services,Tier 1,France,48.864716,2.349014,0.0047886111111111115,19.341983055555556,False,False,False,Within SLA
Closed,2892,Medium,Email,Product setup,1st line support,Sheela Cutten,2023-08-18 20:56:43,2023-08-20 20:56:43,2023-08-18 21:56:43,2023-08-18 21:22:49.975,Within SLA,2023-08-23 06:58:47.221,SLA Violated,2023-08-24 01:49:50.521,1,3.0,Ready to use Software,Tier 1,France,48.864716,2.349014,0.43527083333333333,106.03450583333334,False,False,False,SLA Violated
Resolved,2893,Low,Email,Pricing and licensing,1st line support,Bernard Beckley,2023-08-18 02:50:04,2023-08-20 02:50:04,2023-08-18 03:50:04,2023-08-18 05:36:33.206,SLA Violated,2023-08-18 14:29:52.958,Within SLA,,6,,Custom software development,Tier 1,Greece,39.368279,21.863141,2.7747794444444445,11.663599444444444,False,False,False,Within SLA
Resolved,2894,Low,Email,Pricing and licensing,1st line support,Nicola Wane,2023-08-18 22:39:00,2023-08-20 22:39:00,2023-08-18 23:39:00,2023-08-18 23:08:04.238,Within SLA,2023-08-19 00:54:55.013,Within SLA,,1,,Custom software development,Tier 1,Italy,43.036776,12.678565,0.48451055555555556,2.265281388888889,False,False,False,Within SLA
Resolved,2896,Medium,Email,Pricing and licensing,1st line support,Connor Danielovitch,2023-08-18 20:57:09,2023-08-20 20:57:09,2023-08-18 21:57:09,2023-08-18 21:06:05.529,Within SLA,2023-08-19 16:28:03.542,Within SLA,,1,,Custom software development,Tier 1,Czech Republic,49.8037633,15.4749126,0.14903583333333334,19.515150555555557,False,False,False,Within SLA
Resolved,2897,High,Chat,Purchasing and invoicing,1st line support,Bernard Beckley,2023-08-18 23:15:59,2023-08-19 23:15:59,2023-08-18 23:17:59,2023-08-18 23:16:03.935,Within SLA,2023-08-19 14:45:30.993,Within SLA,,5,,Ready to use Software,Tier 1,Bulgaria,42.7249925,25.4833039,0.0013708333333333333,15.492220277777779,False,False,False,Within SLA
Closed,2899,Low,Email,Product setup,1st line support,Sheela Cutten,2023-08-18 18:46:47,2023-08-20 18:46:47,2023-08-18 19:46:47,2023-08-18 18:51:30.690,Within SLA,2023-08-19 01:51:24.053,Within SLA,2023-08-24 19:39:51.001,5,4.0,Ready to use Software,Tier 1,United Kingdom,55.378052,-3.435973,0.07880277777777778,7.076959166666667,False,False,False,Within SLA
Resolved,2900,Low,Email,Pricing and licensing,1st line support,Bernard Beckley,2023-08-19 15:51:41,2023-08-21 15:51:41,2023-08-19 16:51:41,2023-08-19 16:21:54.913,Within SLA,2023-08-21 13:15:50.871,Within SLA,,10,,Ready to use Software,Tier 1,United Kingdom,55.378052,-3.435973,0.5038647222222222,45.40274194444445,False,False,False,Within SLA
Closed,2901,Low,Email,Pricing and licensing,1st line support,Kristos Westoll,2023-08-19 10:37:55,2023-08-21 10:37:55,2023-08-19 11:37:55,2023-08-19 11:25:49.718,Within SLA,2023-08-19 15:35:02.923,Within SLA,2023-08-22 08:21:58.690,6,2.0,Ready to use Software,Tier 1,Germany,51.165691,10.451526,0.7985327777777778,4.952200833333333,False,False,False,Within SLA
In progress,2912,Medium,Email,Other,1st line support,Nicola Wane,2023-08-20 00:54:54,2023-08-22 00:54:54,2023-08-20 01:54:54,2023-08-20 01:42:09.127,Within SLA,,SLA Violated,,1,,Ready to use Software,Tier 1,Poland,52.536273,19.050639,0.7875352777777778,,False,False,True,
Closed,2913,Medium,Email,Purchasing and invoicing,1st line support,Sheela Cutten,2023-08-21 02:02:11,2023-08-23 02:02:11,2023-08-21 03:02:11,2023-08-21 02:20:55.911,Within SLA,2023-08-25 09:02:52.518,SLA Violated,2023-08-25 19:52:14.552,2,2.0,Other,Tier 1,Poland,52.536273,19.050639,0.3124752777777778,103.01153277777777,False,False,False,SLA Violated
Closed,2914,Low,Chat,Product setup,1st line support,Sheela Cutten,2023-08-21 05:14:23,2023-08-22 05:14:23,2023-08-21 05:16:23,2023-08-21 05:14:31.233,Within SLA,2023-08-22 06:49:07.664,SLA Violated,2023-08-22 07:42:01.925,4,4.0,Training and Consulting Services,Tier 1,Greece,39.368279,21.863141,0.0022869444444444447,25.579073333333334,False,False,False,SLA Violated
Resolved,2915,Medium,Email,Product setup,1st line support,Kristos Westoll,2023-08-21 10:03:05,2023-08-23 10:03:05,2023-08-21 11:03:05,2023-08-21 10:29:22.010,Within SLA,2023-08-22 06:06:49.552,Within SLA,,6,,Training and Consulting Services,Tier 1,Czech Republic,49.8037633,15.4749126,0.4380583333333333,20.062375555555555,False,False,False,Within SLA
Closed,2916,Low,Chat,Pricing and licensing,1st line support,Sheela Cutten,2023-08-21 03:51:19,2023-08-22 03:51:19,2023-08-21 03:53:19,2023-08-21 03:52:24.798,Within SLA,2023-08-21 09:38:24.102,Within SLA,2023-08-26 06:07:15.902,5,3.0,Custom software development,Tier 1,Spain,39.67337,-4.767726,0.018277222222222222,5.784750555555555,False,False,False,Within SLA
Closed,2920,High,Email,Pricing and licensing,1st line support,Bernard Beckley,2023-08-21 02:49:00,2023-08-23 02:49:00,2023-08-21 03:49:00,2023-08-21 03:09:57.278,Within SLA,2023-08-21 05:07:32.784,Within SLA,2023-08-25 18:19:34.152,6,4.0,Custom software development,Tier 1,Spain,39.67337,-4.767726,0.3492438888888889,2.3091066666666666,False,False,False,Within SLA
In progress,2921,High,Email,Feature request,1st line support,Connor Danielovitch,2023-08-21 07:26:33,2023-08-23 07:26:33,2023-08-21 08:26:33,2023-08-21 07:55:48.047,Within SLA,,SLA Violated,,4,,Ready to use Software,Tier 1,Italy,43.036776,12.678565,0.4875130555555556,,False,False,True,
In progress,2922,Medium,Chat,Training request,1st line support,Bernard Beckley,2023-08-21 07:51:18,2023-08-22 07:51:18,2023-08-21 07:53:18,2023-08-21 07:53:12.996,Within SLA,,SLA Violated,,2,,Training and Consulting Services,Tier 1,Germany,51.165691,10.451526,0.03194333333333333,,False,False,True,
Resolved,2923,High,Email,Other,1st line support,Kristos Westoll,2023-08-22 04:27:03,2023-08-24 04:27:03,2023-08-22 05:27:03,2023-08-22 05:06:17.036,Within SLA,2023-08-23 06:39:22.044,Within SLA,,9,,Training and Consulting Services,Tier 1,United Kingdom,55.378052,-3.435973,0.6538988888888889,26.205289999999998,False,False,False,Within SLA
Resolved,2924,High,Email,Product setup,2nd line support,Michele Whyatt,2023-08-22 19:29:31,2023-08-24 19:29:31,2023-08-22 20:29:31,2023-08-22 19:56:24.455,Within SLA,2023-08-24 06:07:35.302,Within SLA,,7,,Other,Tier 2,Germany,51.165691,10.451526,0.4481819444444444,34.634528333333336,False,False,False,Within SLA
Resolved,2926,Low,Email,Bug report,2nd line support,Adolpho Messingham,2023-08-22 13:47:01,2023-08-24 13:47:01,2023-08-22 14:47:01,2023-08-22 14:33:21.624,Within SLA,2023-08-23 00:31:15.670,Within SLA,,1,,Ready to use Software,Tier 2,Germany,51.165691,10.451526,0.7723955555555555,10.737408333333333,False,False,False,Within SLA
Closed,2927,Low,Email,Bug report,1st line support,Connor Danielovitch,2023-08-22 15:20:45,2023-08-24 15:20:45,2023-08-22 16:20:45,2023-08-22 15:30:23.045,Within SLA,2023-08-27 01:55:43.816,SLA Violated,2023-08-27 05:01:12.291,1,5.0,Custom software development,Tier 1,United Kingdom,55.378052,-3.435973,0.16056805555555553,106.58300444444444,False,False,False,SLA Violated
Resolved,2928,Low,Email,Feature request,1st line support,Nicola Wane,2023-08-22 07:32:33,2023-08-24 07:32:33,2023-08-22 08:32:33,2023-08-22 08:04:05.201,Within SLA,2023-08-24 00:56:03.685,Within SLA,,8,,Other,Tier 1,Czech Republic,49.8037633,15.4749126,0.5256113888888889,41.39185694444444,False,False,False,Within SLA
Closed,2929,Medium,Chat,Purchasing and invoicing,1st line support,Kristos Westoll,2023-08-22 02:24:14,2023-08-23 02:24:14,2023-08-22 02:26:14,2023-08-22 02:26:09.723,Within SLA,2023-08-22 22:18:07.157,Within SLA,2023-08-26 23:16:31.916,5,5.0,Training and Consulting Services,Tier 1,Spain,39.67337,-4.767726,0.03214527777777778,19.89809916666667,False,False,False,Within SLA
Closed,2930,Low,Chat,Bug report,1st line support,Sheela Cutten,2023-08-22 23:11:45,2023-08-23 23:11:45,2023-08-22 23:13:45,2023-08-22 23:11:46.372,Within SLA,2023-08-25 03:55:24.036,SLA Violated,2023-08-26 02:38:45.962,60,3.0,Custom software development,Tier 1,Poland,52.536273,19.050639,0.00038111111111111115,52.727509999999995,False,True,False,SLA Violated
Closed,2931,Medium,Chat,Training request,1st line support,Kristos Westoll,2023-08-22 03:00:56,2023-08-23 03:00:56,2023-08-22 03:02:56,2023-08-22 03:02:12.281,Within SLA,2023-08-22 11:26:29.164,Within SLA,2023-08-25 04:56:56.387,2,5.0,Training and Consulting Services,Tier 1,Republic of Ireland,53.094024,-8.019675,0.02118916666666667,8.425878888888889,False,False,False,Within SLA
Closed,2932,Low,Email,Pricing and licensing,1st line support,Bernard Beckley,2023-08-22 18:07:13,2023-08-24 18:07:13,2023-08-22 19:07:13,2023-08-22 18:10:58.901,Within SLA,2023-08-23 19:04:47.800,Within SLA,2023-08-29 07:49:32.037,1,4.0,Custom software development,Tier 1,Italy,43.036776,12.678565,0.06275027777777778,24.959666666666667,False,False,False,Within SLA
Closed,2933,High,Email,Purchasing and invoicing,1st line support,Sheela Cutten,2023-08-22 18:04:49,2023-08-24 18:04:49,2023-08-22 19:04:49,2023-08-22 18:10:14.812,Within SLA,2023-08-24 06:31:46.209,Within SLA,2023-08-27 02:57:25.618,4,3.0,Other,Tier 1,Slovenia,46.1491664,14.9860106,0.09050333333333334,36.449224722222226,False,False,False,Within SLA
Closed,2934,High,Phone,Bug report,1st line support,Bernard Beckley,2023-08-22 04:28:36,2023-08-24 04:28:36,2023-08-22 04:30:36,2023-08-22 04:31:48.820,SLA Violated,2023-08-22 19:31:05.826,Within SLA,2023-08-24 19:39:39.981,2,3.0,Ready to use Software,Tier 1,Germany,51.165691,10.451526,0.05356111111111111,15.041618333333334,False,False,False,Within SLA
Resolved,2935,Medium,Chat,Pricing and licensing,1st line support,Nicola Wane,2023-08-23 14:28:02,2023-08-24 14:28:02,2023-08-23 14:30:02,2023-08-23 14:28:31.888,Within SLA,2023-08-28 04:44:55.406,SLA Violated,,8,,Custom software development,Tier 1,Republic of Ireland,53.094024,-8.019675,0.008302222222222223,110.28150166666667,False,False,False,SLA Violated
Closed,2936,Low,Email,Product setup,2nd line support,Adolpho Messingham,2023-08-23 17:19:57,2023-08-25 17:19:57,2023-08-23 18:19:57,2023-08-23 18:17:05.638,Within SLA,2023-08-25 13:45:46.732,Within SLA,2023-08-24 21:03:58.180,2,3.0,Other,Tier 2,Greece,39.368279,21.863141,0.9523994444444445,44.430481111111106,False,False,False,Within SLA
Resolved,2937,Low,Email,Pricing and licensing,1st line support,Connor Danielovitch,2023-08-23 12:29:57,2023-08-25 12:29:57,2023-08-23 13:29:57,2023-08-23 13:29:41.591,Within SLA,2023-08-24 00:34:09.625,Within SLA,,9,,Custom software development,Tier 1,Austria,47.6964719,13.3457347,0.9957197222222222,12.07017361111111,False,False,False,Within SLA
Resolved,2938,Low,Chat,Purchasing and invoicing,2nd line support,Adolpho Messingham,2023-08-23 09:04:37,2023-08-24 09:04:37,2023-08-23 09:06:37,2023-08-23 09:06:32.122,Within SLA,2023-08-24 04:20:45.001,Within SLA,,5,,Custom software development,Tier 2,Italy,43.036776,12.678565,0.03197833333333333,19.268889166666668,False,False,False,Within SLA
Resolved,2939,Low,Email,Feature request,1st line support,Kristos Westoll,2023-08-23 10:00:28,2023-08-25 10:00:28,2023-08-23 11:00:28,2023-08-23 10:31:49.240,Within SLA,2023-08-23 20:05:52.084,Within SLA,,4,,Ready to use Software,Tier 1,Czech Republic,49.8037633,15.4749126,0.5225666666666666,10.090023333333335,False,False,False,Within SLA
In progress,2940,Medium,Chat,Product setup,1st line support,Bernard Beckley,2023-08-23 06:34:06,2023-08-24 06:34:06,2023-08-23 06:36:06,2023-08-23 06:34:34.165,Within SLA,,SLA Violated,,5,,Ready to use Software,Tier 1,France,48.864716,2.349014,0.007823611111111111,,False,False,True,
In progress,2941,Low,Email,Product setup,1st line support,Kristos Westoll,2023-08-23 02:51:32,2023-08-25 02:51:32,2023-08-23 03:51:32,2023-08-23 04:03:56.107,SLA Violated,,SLA Violated,,8,,Training and Consulting Services,Tier 1,Greece,39.368279,21.863141,1.2066963888888889,,False,False,True,
Resolved,2942,Medium,Email,Pricing and licensing,1st line support,Kristos Westoll,2023-08-23 09:34:18,2023-08-25 09:34:18,2023-08-23 10:34:18,2023-08-23 09:35:52.744,Within SLA,2023-08-28 10:56:13.764,SLA Violated,,1,,Ready to use Software,Tier 1,France,48.864716,2.349014,0.026317777777777777,121.36549000000001,False,False,False,SLA Violated
Closed,2943,Medium,Email,Training request,1st line support,Kristos Westoll,2023-08-23 00:12:56,2023-08-25 00:12:56,2023-08-23 01:12:56,2023-08-23 00:34:25.530,Within SLA,2023-08-26 18:56:39.254,SLA Violated,2023-08-28 13:58:40.219,5,1.0,Training and Consulting Services,Tier 1,Republic of Ireland,53.094024,-8.019675,0.35820277777777776,90.72868166666667,False,False,False,SLA Violated
Closed,2944,Low,Chat,Pricing and licensing,1st line support,Bernard Beckley,2023-08-23 19:12:17,2023-08-24 19:12:17,2023-08-23 19:14:17,2023-08-23 19:14:10.796,Within SLA,2023-08-24 07:12:14.693,Within SLA,2023-08-30 03:26:30.026,9,1.0,Custom software development,Tier 1,Italy,43.036776,12.678565,0.03161,11.999359166666666,False,False,False,Within SLA
Resolved,2945,High,Chat,Bug report,1st line support,Connor Danielovitch,2023-08-23 18:56:26,2023-08-24 18:56:26,2023-08-23 18:58:26,2023-08-23 18:57:38.832,Within SLA,2023-08-23 23:23:28.818,Within SLA,,7,,Ready to use Software,Tier 1,France,48.864716,2.349014,0.02023111111111111,4.4507827777777775,False,False,False,Within SLA
Closed,2946,Low,Phone,Product setup,2nd line support,Michele Whyatt,2023-08-24 01:23:22,2023-08-26 01:23:22,2023-08-24 01:25:22,2023-08-24 01:23:47.419,Within SLA,2023-08-25 14:20:47.905,Within SLA,2023-08-27 13:53:40.030,7,4.0,Ready to use Software,Tier 2,Greece,39.368279,21.863141,0.007060833333333334,36.95719583333333,False,False,False,Within SLA
Closed,2947,Medium,Email,Pricing and licensing,1st line support,Kristos Westoll,2023-08-24 17:27:43,2023-08-26 17:27:43,2023-08-24 18:27:43,2023-08-24 17:51:52.625,Within SLA,2023-08-26 03:40:21.543,Within SLA,2023-08-27 17:41:52.506,3,1.0,Custom software development,Tier 1,Germany,51.165691,10.451526,0.4026736111111111,34.21070638888889,False,False,False,Within SLA
Closed,2948,Medium,Chat,Product setup,2nd line support,Michele Whyatt,2023-08-24 16:51:43,2023-08-25 16:51:43,2023-08-24 16:53:43,2023-08-24 16:52:03.431,Within SLA,2023-08-25 08:09:04.606,Within SLA,2023-08-28 00:35:05.316,6,1.0,Training and Consulting Services,Tier 2,Republic of Ireland,53.094024,-8.019675,0.005675277777777778,15.289335,False,False,False,Within SLA
Resolved,2949,Low,Chat,Bug report,2nd line support,Adolpho Messingham,2023-08-24 09:50:49,2023-08-25 09:50:49,2023-08-24 09:52:49,2023-08-24 09:53:13.349,SLA Violated,2023-08-25 17:01:38.404,SLA Violated,,9,,Custom software development,Tier 2,Slovenia,46.1491664,14.9860106,0.04009694444444444,31.18039,False,False,False,SLA Violated
Closed,2950,Low,Chat,Product setup,1st line support,Kristos Westoll,2023-08-24 08:02:10,2023-08-25 08:02:10,2023-08-24 08:04:10,2023-08-24 08:03:47.429,Within SLA,2023-08-24 18:43:57.625,Within SLA,2023-08-29 06:08:37.898,8,2.0,Ready to use Software,Tier 1,Spain,39.67337,-4.767726,0.02706361111111111,10.6965625,False,False,False,Within SLA
Resolved,2951,High,Email,Product setup,1st line support,Nicola Wane,2023-08-24 18:11:52,2023-08-26 18:11:52,2023-08-24 19:11:52,2023-08-24 18:39:53.609,Within SLA,2023-08-28 03:52:44.597,SLA Violated,,8,,Training and Consulting Services,Tier 1,Germany,51.165691,10.451526,0.4671136111111111,81.68127694444445,False,False,False,SLA Violated
Closed,2952,Medium,Email,Product setup,1st line support,Connor Danielovitch,2023-08-24 07:11:36,2023-08-26 07:11:36,2023-08-24 08:11:36,2023-08-24 07:58:24.755,Within SLA,2023-08-26 03:09:55.415,Within SLA,2023-08-26 01:04:11.303,3,4.0,Other,Tier 1,Slovenia,46.1491664,14.9860106,0.7802097222222223,43.97205972222223,False,False,False,Within SLA
In progress,2953,Low,Phone,Product setup,1st line support,Bernard Beckley,2023-08-24 06:44:24,2023-08-26 06:44:24,2023-08-24 06:46:24,2023-08-24 06:46:05.074,Within SLA,,SLA Violated,,3,,Ready to use Software,Tier 1,Czech Republic,49.8037633,15.4749126,0.02807611111111111,,False,False,True,
Closed,2954,High,Email,Bug report,1st line support,Kristos Westoll,2023-08-24 00:09:49,2023-08-26 00:09:49,2023-08-24 01:09:49,2023-08-24 05:49:00.731,SLA Violated,2023-08-24 01:16:23.747,Within SLA,2023-08-27 18:06:01.744,9,2.0,Ready to use Software,Tier 1,Germany,51.165691,10.451526,5.653258611111111,1.1096519444444444,False,False,False,Within SLA
Resolved,2955,High,Email,Purchasing and invoicing,1st line support,Bernard Beckley,2023-08-24 04:59:59,2023-08-26 04:59:59,2023-08-24 05:59:59,2023-08-24 05:10:37.528,Within SLA,2023-08-25 10:26:23.620,Within SLA,,9,,Other,Tier 1,Czech Republic,49.8037633,15.4749126,0.17736888888888888,29.44017222222222,False,False,False,Within SLA
Closed,2956,Medium,Chat,Product setup,1st line support,Connor Danielovitch,2023-08-24 03:29:42,2023-08-25 03:29:42,2023-08-24 03:31:42,2023-08-24 08:07:33.060,SLA Violated,2023-08-24 20:36:36.778,Within SLA,2023-08-28 00:01:25.366,2,4.0,Training and Consulting Services,Tier 1,Bulgaria,42.7249925,25.4833039,4.630850000000001,17.11521611111111,False,False,False,Within SLA
Closed,2957,Low,Email,Pricing and licensing,1st line support,Sheela Cutten,2023-08-25 18:54:17,2023-08-27 18:54:17,2023-08-25 19:54:17,2023-08-25 19:10:37.853,Within SLA,2023-08-27 00:36:22.619,Within SLA,2023-08-31 03:54:15.940,1,3.0,Training and Consulting Services,Tier 1,Czech Republic,49.8037633,15.4749126,0.27245916666666664,29.701560833333335,False,False,False,Within SLA
Closed,2958,Low,Chat,Pricing and licensing,1st line support,Kristos Westoll,2023-08-25 19:31:27,2023-08-26 19:31:27,2023-08-25 19:33:27,2023-08-25 19:32:56.498,Within SLA,2023-08-31 12:37:18.681,SLA Violated,2023-09-02 00:45:22.409,6,4.0,Ready to use Software,Tier 1,Slovenia,46.1491664,14.9860106,0.024860555555555556,137.09768916666667,False,False,False,SLA Violated
Resolved,2959,Low,Email,Pricing and licensing,1st line support,Nicola Wane,2023-08-25 21:09:36,2023-08-27 21:09:36,2023-08-25 22:09:36,2023-08-25 21:50:24.277,Within SLA,2023-08-26 10:21:36.731,Within SLA,,2,,Custom software development,Tier 1,United Kingdom,55.378052,-3.435973,0.6800769444444444,13.200203055555555,False,False,False,Within SLA
Resolved,2960,Low,Email,Feature request,2nd line support,Adolpho Messingham,2023-08-25 20:56:12,2023-08-27 20:56:12,2023-08-25 21:56:12,2023-08-25 21:21:57.539,Within SLA,2023-08-25 22:37:28.356,Within SLA,,9,,Other,Tier 2,Germany,51.165691,10.451526,0.4293163888888889,1.6878766666666667,False,False,False,Within SLA
Resolved,2961,Low,Email,Product setup,1st line support,Bernard Beckley,2023-08-25 22:55:35,2023-08-27 22:55:35,2023-08-25 23:55:35,2023-08-25 23:18:33.108,Within SLA,2023-08-26 20:02:31.921,Within SLA,,3,,Training and Consulting Services,Tier 1,Italy,43.036776,12.678565,0.38280777777777775,21.11581138888889,False,False,False,Within SLA
Resolved,2962,Low,Chat,Bug report,1st line support,Connor Danielovitch,2023-08-26 01:17:34,2023-08-27 01:17:34,2023-08-26 01:19:34,2023-08-26 01:18:43.553,Within SLA,2023-08-26 15:47:48.576,Within SLA,,9,,Custom software development,Tier 1,Germany,51.165691,10.451526,0.019320277777777776,14.504048888888889,False,False,False,Within SLA
Closed,2974,Medium,Chat,Product setup,1st line support,Bernard Beckley,2023-08-27 12:53:28,2023-08-28 12:53:28,2023-08-27 12:55:28,2023-08-27 12:54:21.244,Within SLA,2023-08-27 16:18:22.583,Within SLA,2023-09-02 02:57:24.235,60,3.0,Ready to use Software,Tier 1,United Kingdom,55.378052,-3.435973,0.01479,3.4151619444444448,False,True,False,Within SLA
Closed,2975,High,Email,Purchasing and invoicing,1st line support,Connor Danielovitch,2023-08-27 12:42:24,2023-08-29 12:42:24,2023-08-27 13:42:24,2023-08-27 13:08:21.213,Within SLA,2023-08-28 22:19:12.955,Within SLA,2023-08-29 17:00:52.283,6,5.0,Custom software development,Tier 1,Germany,51.165691,10.451526,0.43255916666666666,33.613598611111115,False,False,False,Within SLA
In progress,2976,Medium,Chat,Bug report,2nd line support,Heather Urry,2023-08-28 12:32:47,2023-08-29 12:32:47,2023-08-28 12:34:47,2023-08-28 12:34:29.354,Within SLA,,SLA Violated,,8,,Ready to use Software,Tier 2,Bulgaria,42.7249925,25.4833039,0.028431666666666668,,False,False,True,
Resolved,2977,Low,Phone,Purchasing and invoicing,1st line support,Nicola Wane,2023-08-28 21:46:09,2023-08-30 21:46:09,2023-08-28 21:48:09,2023-08-28 21:47:19.640,Within SLA,2023-08-29 20:48:49.850,Within SLA,,1,,Custom software development,Tier 1,France,48.864716,2.349014,0.01962222222222222,23.04468055555556,False,False,False,Within SLA
In progress,2978,Low,Email,Feature request,1st line support,Connor Danielovitch,2023-08-28 12:12:43,2023-08-30 12:12:43,2023-08-28 13:12:43,2023-08-28 12:19:39.779,Within SLA,,SLA Violated,,3,,Custom software development,Tier 1,Spain,39.67337,-4.767726,0.11577194444444444,,False,False,True,
Resolved,2979,Low,Chat,Product setup,1st line support,Nicola Wane,2023-08-28 05:34:03,2023-08-29 05:34:03,2023-08-28 05:36:03,2023-08-28 05:34:23.825,Within SLA,2023-08-29 12:19:37.513,SLA Violated,,7,,Other,Tier 1,Italy,43.036776,12.678565,0.005784722222222222,30.759586944444447,False,False,False,SLA Violated
Closed,2980,Medium,Email,Training request,1st line support,Bernard Beckley,2023-08-28 01:24:31,2023-08-30 01:24:31,2023-08-28 02:24:31,2023-08-28 02:03:10.609,Within SLA,2023-08-29 08:50:12.878,Within SLA,2023-09-01 23:11:11.491,9,4.0,Training and Consulting Services,Tier 1,Republic of Ireland,53.094024,-8.019675,0.6443358333333333,31.428299444444445,False,False,False,Within SLA
Resolved,2981,High,Chat,Pricing and licensing,1st line support,Kristos Westoll,2023-08-28 09:07:20,2023-08-29 09:07:20,2023-08-28 09:09:20,2023-08-28 09:12:47.159,SLA Violated,2023-08-29 07:38:16.312,Within SLA,,2,,Ready to use Software,Tier 1,Bulgaria,42.7249925,25.4833039,0.0908775,22.515642222222223,False,False,False,Within SLA
In progress,2982,Medium,Email,Product setup,1st line support,Connor Danielovitch,2023-08-28 10:05:38,2023-08-30 10:05:38,2023-08-28 11:05:38,2023-08-28 10:21:37.872,Within SLA,,SLA Violated,,10,,Ready to use Software,Tier 1,Spain,39.67337,-4.767726,0.2666311111111111,,False,False,True,
In progress,2983,Low,Phone,Other,1st line support,Bernard Beckley,2023-08-28 19:45:35,2023-08-30 19:45:35,2023-08-28 19:47:35,2023-08-28 19:50:54.506,SLA Violated,,SLA Violated,,5,,Training and Consulting Services,Tier 1,Germany,51.165691,10.451526,0.08875166666666666,,False,False,True,
Closed,2984,Low,Email,Product setup,1st line support,Bernard Beckley,2023-08-29 08:29:05,2023-08-31 08:29:05,2023-08-29 09:29:05,2023-08-29 08:55:17.858,Within SLA,2023-08-31 00:22:21.580,Within SLA,2023-08-30 18:43:35.083,6,4.0,Ready to use Software,Tier 1,Slovenia,46.1491664,14.9860106,0.436905,39.88793888888888,False,False,False,Within SLA
In progress,2985,Low,Email,Pricing and licensing,2nd line support,Adolpho Messingham,2023-08-29 06:58:39,2023-08-31 06:58:39,2023-08-29 07:58:39,2023-08-29 07:15:23.530,Within SLA,,SLA Violated,,1,,Ready to use Software,Tier 2,Bulgaria,42.7249925,25.4833039,0.2790361111111111,,False,False,True,
Closed,2986,Low,Email,Pricing and licensing,1st line support,Connor Danielovitch,2023-08-29 11:45:15,2023-08-31 11:45:15,2023-08-29 12:45:15,2023-08-29 11:59:05.487,Within SLA,2023-08-31 07:00:12.733,Within SLA,2023-09-03 01:36:51.145,2,3.0,Ready to use Software,Tier 1,Poland,52.536273,19.050639,0.23069083333333332,43.24937027777778,False,False,False,Within SLA
Resolved,2987,Medium,Chat,Bug report,1st line support,Nicola Wane,2023-08-29 05:25:56,2023-08-30 05:25:56,2023-08-29 05:27:56,2023-08-29 05:26:50.379,Within SLA,2023-08-31 05:38:12.317,SLA Violated,,8,,Custom software development,Tier 1,Poland,52.536273,19.050639,0.015105277777777776,48.204532500000006,False,False,False,SLA Violated
Resolved,2988,Medium,Chat,Training request,1st line support,Connor Danielovitch,2023-08-29 08:19:53,2023-08-30 08:19:53,2023-08-29 08:21:53,2023-08-29 08:25:33.214,SLA Violated,2023-08-29 20:58:18.473,Within SLA,,2,,Training and Consulting Services,Tier 1,Italy,43.036776,12.678565,0.09450388888888889,12.640409166666666,False,False,False,Within SLA
Resolved,2989,High,Email,Product setup,2nd line support,Adolpho Messingham,2023-08-29 05:38:56,2023-08-31 05:38:56,2023-08-29 06:38:56,2023-08-29 05:58:09.154,Within SLA,2023-08-29 12:09:41.522,Within SLA,,6,,Ready to use Software,Tier 2,Italy,43.036776,12.678565,0.32032055555555555,6.512645,False,False,False,Within SLA
Closed,2990,Medium,Email,Other,1st line support,Nicola Wane,2023-08-29 22:00:38,2023-08-31 22:00:38,2023-08-29 23:00:38,2023-08-29 22:48:24.797,Within SLA,2023-08-30 06:38:54.938,Within SLA,2023-09-01 20:07:09.712,9,2.0,Ready to use Software,Tier 1,Austria,47.6964719,13.3457347,0.7963325,8.638038333333332,False,False,False,Within SLA
Closed,2991,Medium,Email,Feature request,2nd line support,Heather Urry,2023-08-30 21:41:11,2023-09-01 21:41:11,2023-08-30 22:41:11,2023-08-30 22:33:12.320,Within SLA,2023-09-01 06:32:19.640,Within SLA,2023-09-01 09:04:36.587,3,5.0,Ready to use Software,Tier 2,United Kingdom,55.378052,-3.435973,0.8670333333333334,32.8524,False,False,False,Within SLA
Closed,2992,Low,Phone,Purchasing and invoicing,1st line support,Sheela Cutten,2023-08-30 17:06:02,2023-09-01 17:06:02,2023-08-30 17:08:02,2023-08-30 17:07:10.898,Within SLA,2023-08-31 18:10:36.213,Within SLA,2023-09-03 12:53:44.649,3,3.0,Ready to use Software,Tier 1,United Kingdom,55.378052,-3.435973,0.019138333333333334,25.076170277777777,False,False,False,Within SLA
Closed,2993,Medium,Email,Pricing and licensing,1st line support,Bernard Beckley,2023-08-30 10:31:49,2023-09-01 10:31:49,2023-08-30 11:31:49,2023-08-30 11:27:56.507,Within SLA,2023-09-02 00:27:51.646,SLA Violated,2023-09-03 16:41:31.791,1,3.0,Ready to use Software,Tier 1,Austria,47.6964719,13.3457347,0.9354186111111111,61.934068333333336,False,False,False,SLA Violated
Closed,2994,Low,Chat,Product setup,2nd line support,Adolpho Messingham,2023-08-30 23:45:05,2023-08-31 23:45:05,2023-08-30 23:47:05,2023-08-30 23:46:51.629,Within SLA,2023-09-04 04:57:09.349,SLA Violated,2023-09-05 19:55:49.995,6,5.0,Ready to use Software,Tier 2,Republic of Ireland,53.094024,-8.019675,0.02961916666666667,101.20120805555555,False,False,False,SLA Violated
Closed,2995,High,Email,Feature request,2nd line support,Adolpho Messingham,2023-08-30 12:44:26,2023-09-01 12:44:26,2023-08-30 13:44:26,2023-08-30 13:13:59.271,Within SLA,2023-08-30 21:25:56.596,Within SLA,2023-09-04 23:16:56.233,2,4.0,Other,Tier 2,Bulgaria,42.7249925,25.4833039,0.49257527777777776,8.691832222222223,False,False,False,Within SLA
Closed,2996,Low,Chat,Bug report,2nd line support,Heather Urry,2023-08-30 09:09:49,2023-08-31 09:09:49,2023-08-30 09:11:49,2023-08-30 09:10:43.432,Within SLA,2023-08-30 09:48:23.927,Within SLA,2023-09-03 12:25:15.159,6,1.0,Training and Consulting Services,Tier 2,Poland,52.536273,19.050639,0.01512,0.6430352777777778,False,False,False,Within SLA
In progress,2997,Low,Chat,Purchasing and invoicing,1st line support,Kristos Westoll,2023-08-30 19:32:54,2023-08-31 19:32:54,2023-08-30 19:34:54,2023-08-30 19:33:08.894,Within SLA,,SLA Violated,,6,,Other,Tier 1,Austria,47.6964719,13.3457347,0.004137222222222223,,False,False,True,
Resolved,2998,Low,Chat,Pricing and licensing,1st line support,Kristos Westoll,2023-08-30 04:21:13,2023-08-31 04:21:13,2023-08-30 04:23:13,2023-08-30 04:21:44.193,Within SLA,2023-08-31 02:01:37.328,Within SLA,,7,,Ready to use Software,Tier 1,Republic of Ireland,53.094024,-8.019675,0.008664722222222223,21.673424444444443,False,False,False,Within SLA
Resolved,2999,Low,Email,Feature request,1st line support,Nicola Wane,2023-08-30 05:34:14,2023-09-01 05:34:14,2023-08-30 06:34:14,2023-08-30 05:52:40.188,Within SLA,2023-09-02 04:34:12.359,SLA Violated,,1,,Ready to use Software,Tier 1,Italy,43.036776,12.678565,0.30727444444444446,70.99954416666667,False,False,False,SLA Violated
In progress,3000,Low,Phone,Product setup,1st line support,Nicola Wane,2023-08-31 02:16:21,2023-09-02 02:16:21,2023-08-31 02:18:21,2023-08-31 02:18:19.415,Within SLA,,SLA Violated,,1,,Other,Tier 1,Slovenia,46.1491664,14.9860106,0.03289305555555556,,False,False,True,
Closed,3001,Low,Email,Feature request,2nd line support,Michele Whyatt,2023-08-31 17:03:27,2023-09-02 17:03:27,2023-08-31 18:03:27,2023-08-31 22:45:13.543,SLA Violated,2023-09-01 20:34:27.763,Within SLA,2023-09-02 11:51:55.206,5,4.0,Ready to use Software,Tier 2,Poland,52.536273,19.050639,5.696261944444445,27.516878611111114,False,False,False,Within SLA
Resolved,3002,Medium,Email,Product setup,1st line support,Connor Danielovitch,2023-08-31 22:11:35,2023-09-02 22:11:35,2023-08-31 23:11:35,2023-08-31 22:32:55.908,Within SLA,2023-09-02 22:06:58.003,Within SLA,,1,,Ready to use Software,Tier 1,Czech Republic,49.8037633,15.4749126,0.3558077777777777,47.92305638888889,False,False,False,Within SLA
Resolved,3003,Low,Phone,Product setup,1st line support,Bernard Beckley,2023-08-31 16:32:43,2023-09-02 16:32:43,2023-08-31 16:34:43,2023-08-31 16:34:37.355,Within SLA,2023-09-01 05:33:45.373,Within SLA,,1,,Ready to use Software,Tier 1,Germany,51.165691,10.451526,0.03176527777777778,13.017325833333333,False,False,False,Within SLA
In progress,3004,High,Chat,Pricing and licensing,1st line support,Sheela Cutten,2023-08-31 17:52:50,2023-09-01 17:52:50,2023-08-31 17:54:50,2023-08-31 17:54:35.901,Within SLA,,SLA Violated,,2,,Custom software development,Tier 1,Austria,47.6964719,13.3457347,0.029416944444444443,,False,False,True,
Closed,3005,Medium,Chat,Other,1st line support,Connor Danielovitch,2023-08-31 06:04:03,2023-09-01 06:04:03,2023-08-31 06:06:03,2023-08-31 06:05:48.663,Within SLA,2023-09-01 03:26:39.726,Within SLA,2023-09-03 20:05:01.384,6,3.0,Ready to use Software,Tier 1,United Kingdom,55.378052,-3.435973,0.029350833333333333,21.37686833333333,False,False,False,Within SLA
Closed,3006,Medium,Email,Feature request,1st line support,Nicola Wane,2023-08-31 08:10:53,2023-09-02 08:10:53,2023-08-31 09:10:53,2023-08-31 08:48:27.897,Within SLA,2023-09-05 03:26:58.715,SLA Violated,2023-09-05 20:34:57.024,4,5.0,Ready to use Software,Tier 1,Republic of Ireland,53.094024,-8.019675,0.6263602777777778,115.26825416666668,False,False,False,SLA Violated
Closed,3007,High,Email,Feature request,2nd line support,Michele Whyatt,2023-08-31 18:47:17,2023-09-02 18:47:17,2023-08-31 19:47:17,2023-08-31 19:02:06.816,Within SLA,2023-09-01 15:09:03.311,Within SLA,2023-09-05 04:22:19.914,2,4.0,Ready to use Software,Tier 2,Poland,52.536273,19.050639,0.24717111111111112,20.362864166666668,False,False,False,Within SLA
Closed,3008,High,Email,Pricing and licensing,1st line support,Bernard Beckley,2023-09-01 21:09:41,2023-09-03 21:09:41,2023-09-01 22:09:41,2023-09-01 21:28:34.531,Within SLA,2023-09-02 13:06:09.868,Within SLA,2023-09-04 20:25:48.461,2,5.0,Custom software development,Tier 1,United Kingdom,55.378052,-3.435973,0.3148697222222222,15.941352222222223,False,False,False,Within SLA
Closed,3009,Medium,Email,Bug report,1st line support,Bernard Beckley,2023-09-01 23:33:18,2023-09-03 23:33:18,2023-09-02 00:33:18,2023-09-02 00:10:50.690,Within SLA,2023-09-06 10:42:38.218,SLA Violated,2023-09-06 22:24:40.543,4,3.0,Custom software development,Tier 1,Spain,39.67337,-4.767726,0.6257472222222222,107.15561611111112,False,False,False,SLA Violated
Resolved,3010,Low,Email,Pricing and licensing,1st line support,Bernard Beckley,2023-09-01 20:08:06,2023-09-03 20:08:06,2023-09-01 21:08:06,2023-09-01 20:28:43.564,Within SLA,2023-09-02 21:15:18.618,Within SLA,,2,,Custom software development,Tier 1,Austria,47.6964719,13.3457347,0.3437677777777778,25.120171666666668,False,False,False,Within SLA
Resolved,3011,Medium,Phone,Product setup,1st line support,Connor Danielovitch,2023-09-01 11:39:17,2023-09-03 11:39:17,2023-09-01 11:41:17,2023-09-01 11:40:57.346,Within SLA,2023-09-01 17:16:52.618,Within SLA,,1,,Other,Tier 1,Italy,43.036776,12.678565,0.02787388888888889,5.626560555555555,False,False,False,Within SLA
Resolved,3012,Low,Email,Product setup,1st line support,Kristos Westoll,2023-09-01 11:16:05,2023-09-03 11:16:05,2023-09-01 12:16:05,2023-09-01 11:51:09.768,Within SLA,2023-09-01 23:46:04.070,Within SLA,,1,,Training and Consulting Services,Tier 1,France,48.864716,2.349014,0.5846577777777778,12.499741666666667,False,False,False,Within SLA
Resolved,3013,Low,Email,Pricing and licensing,1st line support,Connor Danielovitch,2023-09-01 04:42:18,2023-09-03 04:42:18,2023-09-01 05:42:18,2023-09-01 05:03:28.978,Within SLA,2023-09-02 06:13:10.219,Within SLA,,1,,Ready to use Software,Tier 1,United Kingdom,55.378052,-3.435973,0.35304944444444447,25.514505277777776,False,False,False,Within SLA
Closed,3014,High,Email,Product setup,1st line support,Nicola Wane,2023-09-01 14:27:41,2023-09-03 14:27:41,2023-09-01 15:27:41,2023-09-01 15:21:20.949,Within SLA,2023-09-01 17:35:30.214,Within SLA,2023-09-04 20:43:30.671,2,1.0,Other,Tier 1,United Kingdom,55.378052,-3.435973,0.8944302777777778,3.1303372222222223,False,False,False,Within SLA
Closed,3015,Medium,Email,Pricing and licensing,1st line support,Sheela Cutten,2023-09-01 15:08:51,2023-09-03 15:08:51,2023-09-01 16:08:51,2023-09-01 15:51:54.778,Within SLA,2023-09-04 10:33:14.263,SLA Violated,2023-09-04 12:03:09.689,2,3.0,Ready to use Software,Tier 1,Poland,52.536273,19.050639,0.717716111111111,67.40646194444444,False,False,False,SLA Violated
Resolved,3020,Medium,Email,Pricing and licensing,1st line support,Connor Danielovitch,2023-09-02 17:49:22,2023-09-04 17:49:22,2023-09-02 18:49:22,2023-09-02 18:28:41.818,Within SLA,2023-09-07 13:37:27.598,SLA Violated,,5,,Ready to use Software,Tier 1,Austria,47.6964719,13.3457347,0.655505,115.801555,False,False,False,SLA Violated
Closed,3021,Medium,Chat,Pricing and licensing,1st line support,Sheela Cutten,2023-09-02 02:22:49,2023-09-03 02:22:49,2023-09-02 02:24:49,2023-09-02 02:23:50.906,Within SLA,2023-09-04 20:20:28.283,SLA Violated,2023-09-06 02:12:51.829,7,5.0,Custom software development,Tier 1,Poland,52.536273,19.050639,0.01719611111111111,65.96091194444445,False,False,False,SLA Violated
Closed,3022,High,Chat,Pricing and licensing,1st line support,Connor Danielovitch,2023-09-03 16:18:23,2023-09-04 16:18:23,2023-09-03 16:20:23,2023-09-03 16:18:47.956,Within SLA,2023-09-04 07:07:23.317,Within SLA,2023-09-06 12:45:04.094,2,4.0,Custom software development,Tier 1,Slovenia,46.1491664,14.9860106,0.006932222222222222,14.816754722222223,False,False,False,Within SLA
Resolved,3023,Medium,Chat,Feature request,1st line support,Sheela Cutten,2023-09-03 08:27:59,2023-09-04 08:27:59,2023-09-03 08:29:59,2023-09-03 08:29:36.415,Within SLA,2023-09-03 16:02:16.019,Within SLA,,9,,Custom software development,Tier 1,Poland,52.536273,19.050639,0.027059722222222225,7.571394166666667,False,False,False,Within SLA
Resolved,3024,Medium,Chat,Product setup,2nd line support,Adolpho Messingham,2023-09-03 14:17:38,2023-09-04 14:17:38,2023-09-03 14:19:38,2023-09-03 14:19:03.382,Within SLA,2023-09-08 08:46:18.339,SLA Violated,,6,,Custom software development,Tier 2,France,48.864716,2.349014,0.023717222222222223,114.47787194444444,False,False,False,SLA Violated
Closed,3025,Low,Email,Bug report,1st line support,Kristos Westoll,2023-09-03 11:23:01,2023-09-05 11:23:01,2023-09-03 12:23:01,2023-09-03 11:48:05.660,Within SLA,2023-09-04 17:15:40.116,Within SLA,2023-09-04 01:43:38.207,6,1.0,Custom software development,Tier 1,Republic of Ireland,53.094024,-8.019675,0.4179611111111111,29.87753222222222,False,False,False,Within SLA
Closed,3026,Low,Chat,Feature request,1st line support,Sheela Cutten,2023-09-04 20:05:09,2023-09-05 20:05:09,2023-09-04 20:07:09,2023-09-04 20:05:40.042,Within SLA,2023-09-04 22:39:16.729,Within SLA,2023-09-09 06:04:55.185,4,5.0,Other,Tier 1,Germany,51.165691,10.451526,0.008622777777777778,2.568813611111111,False,False,False,Within SLA
Resolved,3027,Low,Chat,Product setup,1st line support,Connor Danielovitch,2023-09-04 22:18:03,2023-09-05 22:18:03,2023-09-04 22:20:03,2023-09-04 22:19:18.328,Within SLA,2023-09-05 12:33:37.427,Within SLA,,2,,Ready to use Software,Tier 1,Germany,51.165691,10.451526,0.020924444444444447,14.259563055555557,False,False,False,Within SLA
Closed,3028,Low,Phone,Product setup,1st line support,Kristos Westoll,2023-09-04 01:34:53,2023-09-06 01:34:53,2023-09-04 01:36:53,2023-09-04 01:40:51.054,SLA Violated,2023-09-06 13:01:40.881,SLA Violated,2023-09-06 21:29:23.850,3,5.0,Ready to use Software,Tier 1,Italy,43.036776,12.678565,0.09945944444444443,59.44663361111111,False,False,False,SLA Violated
Closed,3029,Low,Email,Feature request,2nd line support,Michele Whyatt,2023-09-04 23:39:26,2023-09-06 23:39:26,2023-09-05 00:39:26,2023-09-04 23:48:27.566,Within SLA,2023-09-06 16:11:46.442,Within SLA,2023-09-09 10:26:48.557,7,1.0,Other,Tier 2,Italy,43.036776,12.678565,0.150435,40.53901166666667,False,False,False,Within SLA
Resolved,3030,Low,Chat,Feature request,1st line support,Kristos Westoll,2023-09-04 10:55:40,2023-09-05 10:55:40,2023-09-04 10:57:40,2023-09-04 10:56:32.081,Within SLA,2023-09-05 03:16:41.243,Within SLA,,5,,Custom software development,Tier 1,United Kingdom,55.378052,-3.435973,0.014466944444444445,16.350345277777777,False,False,False,Within SLA
In progress,3031,Low,Chat,Purchasing and invoicing,2nd line support,Heather Urry,2023-09-04 10:51:23,2023-09-05 10:51:23,2023-09-04 10:53:23,2023-09-04 10:52:23.851,Within SLA,,SLA Violated,,5,,Ready to use Software,Tier 2,Czech Republic,49.8037633,15.4749126,0.016903055555555557,,False,False,True,
Resolved,3032,Low,Email,Feature request,1st line support,Bernard Beckley,2023-09-04 15:27:00,2023-09-06 15:27:00,2023-09-04 16:27:00,2023-09-04 15:45:33.205,Within SLA,2023-09-05 20:58:53.850,Within SLA,,7,,Ready to use Software,Tier 1,Czech Republic,49.8037633,15.4749126,0.3092236111111111,29.531625000000002,False,False,False,Within SLA
Closed,3033,High,Chat,Purchasing and invoicing,1st line support,Connor Danielovitch,2023-09-05 06:07:30,2023-09-06 06:07:30,2023-09-05 06:09:30,2023-09-05 06:09:09.554,Within SLA,2023-09-06 02:35:53.191,Within SLA,2023-09-11 22:03:00.725,5,5.0,Other,Tier 1,United Kingdom,55.378052,-3.435973,0.02765388888888889,20.473108611111112,False,False,False,Within SLA
Closed,3034,Low,Chat,Product setup,1st line support,Kristos Westoll,2023-09-05 03:58:35,2023-09-06 03:58:35,2023-09-05 04:00:35,2023-09-05 03:59:03.445,Within SLA,2023-09-09 07:52:41.277,SLA Violated,2023-09-09 18:09:25.954,6,1.0,Ready to use Software,Tier 1,Spain,39.67337,-4.767726,0.007901388888888888,99.90174361111112,False,False,False,SLA Violated
Closed,3035,Medium,Chat,Pricing and licensing,1st line support,Connor Danielovitch,2023-09-05 14:43:52,2023-09-06 14:43:52,2023-09-05 14:45:52,2023-09-05 14:44:36.741,Within SLA,2023-09-06 02:18:09.160,Within SLA,2023-09-07 13:10:15.675,6,4.0,Custom software development,Tier 1,Bulgaria,42.7249925,25.4833039,0.012428055555555555,11.571433333333335,False,False,False,Within SLA
Closed,3036,Low,Email,Feature request,1st line support,Connor Danielovitch,2023-09-06 16:42:58,2023-09-08 16:42:58,2023-09-06 17:42:58,2023-09-06 17:23:57.615,Within SLA,2023-09-09 17:34:18.199,SLA Violated,2023-09-09 20:18:44.565,6,3.0,Custom software development,Tier 1,Germany,51.165691,10.451526,0.6832263888888889,72.85561083333334,False,False,False,SLA Violated
Closed,3037,Medium,Email,Feature request,2nd line support,Michele Whyatt,2023-09-06 17:04:33,2023-09-08 17:04:33,2023-09-06 18:04:33,2023-09-06 17:42:34.411,Within SLA,2023-09-08 11:12:19.732,Within SLA,2023-09-08 17:38:13.410,1,5.0,Ready to use Software,Tier 2,France,48.864716,2.349014,0.6337252777777778,42.12964777777778,False,False,False,Within SLA
Resolved,3038,Low,Chat,Bug report,1st line support,Bernard Beckley,2023-09-06 02:29:17,2023-09-07 02:29:17,2023-09-06 02:31:17,2023-09-06 02:30:36.055,Within SLA,2023-09-06 12:41:39.578,Within SLA,,5,,Ready to use Software,Tier 1,Italy,43.036776,12.678565,0.021959722222222224,10.206271666666668,False,False,False,Within SLA
Closed,3039,Low,Chat,Pricing and licensing,1st line support,Connor Danielovitch,2023-09-06 15:30:44,2023-09-07 15:30:44,2023-09-06 15:32:44,2023-09-06 15:31:51.380,Within SLA,2023-09-07 02:04:07.539,Within SLA,2023-09-11 08:07:03.841,8,4.0,Custom software development,Tier 1,Germany,51.165691,10.451526,0.018716666666666666,10.55653861111111,False,False,False,Within SLA
Closed,3040,Medium,Email,Product setup,2nd line support,Michele Whyatt,2023-09-06 23:22:01,2023-09-08 23:22:01,2023-09-07 00:22:01,2023-09-06 23:45:19.811,Within SLA,2023-09-09 23:58:03.288,SLA Violated,2023-09-10 07:02:40.227,3,4.0,Custom software development,Tier 2,Germany,51.165691,10.451526,0.38855861111111106,72.60063555555556,False,False,False,SLA Violated
In progress,3041,Medium,Email,Purchasing and invoicing,2nd line support,Heather Urry,2023-09-06 02:31:53,2023-09-08 02:31:53,2023-09-06 03:31:53,2023-09-07 06:24:36.621,SLA Violated,,SLA Violated,,5,,Ready to use Software,Tier 2,Slovenia,46.1491664,14.9860106,27.87878361111111,,False,False,True,
Resolved,3042,Medium,Email,Other,1st line support,Kristos Westoll,2023-09-06 06:16:22,2023-09-08 06:16:22,2023-09-06 07:16:22,2023-09-06 06:46:58.515,Within SLA,2023-09-10 23:22:59.533,SLA Violated,,5,,Ready to use Software,Tier 1,Poland,52.536273,19.050639,0.5101430555555556,113.11042583333334,False,False,False,SLA Violated
Closed,3043,Medium,Chat,Pricing and licensing,1st line support,Kristos Westoll,2023-09-07 10:11:05,2023-09-08 10:11:05,2023-09-07 10:13:05,2023-09-07 10:12:22.824,Within SLA,2023-09-07 18:21:55.600,Within SLA,2023-09-09 10:01:01.822,6,2.0,Custom software development,Tier 1,United Kingdom,55.378052,-3.435973,0.021617777777777777,8.180722222222222,False,False,False,Within SLA
Closed,3044,Medium,Chat,Other,1st line support,Bernard Beckley,2023-09-07 00:48:48,2023-09-08 00:48:48,2023-09-07 00:50:48,2023-09-07 00:49:59.853,Within SLA,2023-09-07 20:48:24.889,Within SLA,2023-09-12 23:10:34.242,6,5.0,Ready to use Software,Tier 1,France,48.864716,2.349014,0.019959166666666667,19.993580277777777,False,False,False,Within SLA
Closed,3045,Low,Phone,Purchasing and invoicing,1st line support,Nicola Wane,2023-09-07 10:33:10,2023-09-09 10:33:10,2023-09-07 10:35:10,2023-09-07 10:34:02.893,Within SLA,2023-09-08 02:19:43.887,Within SLA,2023-09-12 08:41:33.398,1,5.0,Training and Consulting Services,Tier 1,Italy,43.036776,12.678565,0.0146925,15.776079722222223,False,False,False,Within SLA
Closed,3046,Low,Email,Pricing and licensing,1st line support,Connor Danielovitch,2023-09-07 14:17:03,2023-09-09 14:17:03,2023-09-07 15:17:03,2023-09-07 14:40:32.399,Within SLA,2023-09-07 14:56:00.179,Within SLA,2023-09-11 09:50:54.655,2,4.0,Custom software development,Tier 1,United Kingdom,55.378052,-3.435973,0.3914997222222222,0.6492163888888889,False,False,False,Within SLA
Closed,3047,Low,Phone,Pricing and licensing,2nd line support,Michele Whyatt,2023-09-07 02:32:34,2023-09-09 02:32:34,2023-09-07 02:34:34,2023-09-07 02:32:34.610,Within SLA,2023-09-08 04:10:45.390,Within SLA,2023-09-09 11:32:58.812,1,3.0,Ready to use Software,Tier 2,Czech Republic,49.8037633,15.4749126,0.00016944444444444445,25.63649722222222,False,False,False,Within SLA
Closed,3048,Low,Chat,Other,1st line support,Connor Danielovitch,2023-09-07 08:39:28,2023-09-08 08:39:28,2023-09-07 08:41:28,2023-09-07 08:41:13.372,Within SLA,2023-09-08 07:24:13.574,Within SLA,2023-09-10 20:35:52.199,9,5.0,Custom software development,Tier 1,Slovenia,46.1491664,14.9860106,0.02927,22.745992777777776,False,False,False,Within SLA
Resolved,3049,Medium,Chat,Bug report,2nd line support,Michele Whyatt,2023-09-07 11:21:45,2023-09-08 11:21:45,2023-09-07 11:23:45,2023-09-07 11:22:47.807,Within SLA,2023-09-12 20:35:51.312,SLA Violated,,5,,Ready to use Software,Tier 2,Slovenia,46.1491664,14.9860106,0.01744638888888889,129.23508666666666,False,False,False,SLA Violated
In progress,3050,Medium,Chat,Product setup,1st line support,Connor Danielovitch,2023-09-08 06:40:11,2023-09-09 06:40:11,2023-09-08 06:42:11,2023-09-08 06:41:04.590,Within SLA,,SLA Violated,,6,,Other,Tier 1,Poland,52.536273,19.050639,0.014886111111111112,,False,False,True,
Closed,3051,Low,Chat,Feature request,2nd line support,Adolpho Messingham,2023-09-08 09:52:38,2023-09-09 09:52:38,2023-09-08 09:54:38,2023-09-08 09:54:36.979,Within SLA,2023-09-09 04:34:42.410,Within SLA,2023-09-11 05:37:09.692,5,4.0,Ready to use Software,Tier 2,Poland,52.536273,19.050639,0.03304972222222222,18.701225,False,False,False,Within SLA
Resolved,3052,Medium,Email,Other,2nd line support,Heather Urry,2023-09-08 08:22:08,2023-09-10 08:22:08,2023-09-08 09:22:08,2023-09-08 09:08:48.256,Within SLA,2023-09-13 10:23:22.316,SLA Violated,,5,,Ready to use Software,Tier 2,United Kingdom,55.378052,-3.435973,0.7778488888888888,122.02064333333333,False,False,False,SLA Violated
Closed,3053,High,Email,Other,2nd line support,Michele Whyatt,2023-09-08 22:51:17,2023-09-10 22:51:17,2023-09-08 23:51:17,2023-09-08 23:27:09.192,Within SLA,2023-09-10 16:49:02.186,Within SLA,2023-09-10 00:31:55.050,7,4.0,Ready to use Software,Tier 2,Poland,52.536273,19.050639,0.5978311111111111,41.96255166666666,False,False,False,Within SLA
In progress,3054,Low,Chat,Pricing and licensing,1st line support,Connor Danielovitch,2023-09-08 20:21:49,2023-09-09 20:21:49,2023-09-08 20:23:49,2023-09-08 20:21:56.031,Within SLA,,SLA Violated,,6,,Other,Tier 1,United Kingdom,55.378052,-3.435973,0.0019530555555555555,,False,False,True,
In progress,3055,Low,Phone,Other,2nd line support,Michele Whyatt,2023-09-09 13:21:44,2023-09-11 13:21:44,2023-09-09 13:23:44,2023-09-09 13:22:12.304,Within SLA,,SLA Violated,,2,,Ready to use Software,Tier 2,United Kingdom,55.378052,-3.435973,0.007862222222222222,,False,False,True,
In progress,3056,Low,Email,Product setup,1st line support,Nicola Wane,2023-09-09 15:22:52,2023-09-11 15:22:52,2023-09-09 16:22:52,2023-09-09 15:32:08.513,Within SLA,,SLA Violated,,3,,Ready to use Software,Tier 1,Spain,39.67337,-4.767726,0.15458694444444446,,False,False,True,
Resolved,3057,Low,Chat,Feature request,1st line support,Nicola Wane,2023-09-09 07:08:07,2023-09-10 07:08:07,2023-09-09 07:10:07,2023-09-09 07:08:27.908,Within SLA,2023-09-09 14:46:44.446,Within SLA,,2,,Ready to use Software,Tier 1,Slovenia,46.1491664,14.9860106,0.005807777777777778,7.643735,False,False,False,Within SLA
Closed,3058,High,Phone,Feature request,1st line support,Nicola Wane,2023-09-09 06:14:30,2023-09-11 06:14:30,2023-09-09 06:16:30,2023-09-09 06:15:53.092,Within SLA,2023-09-10 19:59:48.552,Within SLA,2023-09-16 19:56:30.636,3,2.0,Custom software development,Tier 1,Greece,39.368279,21.863141,0.02308111111111111,37.75515333333333,False,False,False,Within SLA
In progress,3068,High,Chat,Product setup,2nd line support,Adolpho Messingham,2023-09-10 09:12:48,2023-09-11 09:12:48,2023-09-10 09:14:48,2023-09-10 09:14:34.332,Within SLA,,SLA Violated,,6,,Custom software development,Tier 2,Poland,52.536273,19.050639,0.029536666666666666,,False,False,True,
Closed,3069,Medium,Chat,Bug report,1st line support,Sheela Cutten,2023-09-10 03:13:55,2023-09-11 03:13:55,2023-09-10 03:15:55,2023-09-10 03:19:46.349,SLA Violated,2023-09-10 05:16:13.378,Within SLA,2023-09-12 01:45:48.972,9,5.0,Custom software development,Tier 1,Germany,51.165691,10.451526,0.09759694444444444,2.038438333333333,False,False,False,Within SLA
Resolved,3070,Medium,Chat,Product setup,1st line support,Bernard Beckley,2023-09-10 20:22:38,2023-09-11 20:22:38,2023-09-10 20:24:38,2023-09-10 20:24:12.708,Within SLA,2023-09-11 13:21:39.623,Within SLA,,60,,Ready to use Software,Tier 1,Bulgaria,42.7249925,25.4833039,0.026307777777777777,16.983784166666666,False,True,False,Within SLA
Resolved,3071,Low,Chat,Purchasing and invoicing,1st line support,Connor Danielovitch,2023-09-10 06:36:03,2023-09-11 06:36:03,2023-09-10 06:38:03,2023-09-10 06:36:14.376,Within SLA,2023-09-11 01:00:25.798,Within SLA,,5,,Ready to use Software,Tier 1,Spain,39.67337,-4.767726,0.00316,18.406332777777777,False,False,False,Within SLA
In progress,3072,Medium,Chat,Product setup,1st line support,Nicola Wane,2023-09-11 12:01:46,2023-09-12 12:01:46,2023-09-11 12:03:46,2023-09-11 12:02:31.341,Within SLA,,SLA Violated,,6,,Ready to use Software,Tier 1,Greece,39.368279,21.863141,0.012594722222222222,,False,False,True,
Closed,3073,Low,Email,Pricing and licensing,1st line support,Nicola Wane,2023-09-11 06:29:45,2023-09-13 06:29:45,2023-09-11 07:29:45,2023-09-11 07:09:56.491,Within SLA,2023-09-16 18:25:50.665,SLA Violated,2023-09-16 19:40:11.865,2,5.0,Ready to use Software,Tier 1,Czech Republic,49.8037633,15.4749126,0.6698586111111111,131.93490694444444,False,False,False,SLA Violated
Closed,3074,Low,Chat,Purchasing and invoicing,1st line support,Connor Danielovitch,2023-09-11 05:40:59,2023-09-12 05:40:59,2023-09-11 05:42:59,2023-09-11 05:41:12.078,Within SLA,2023-09-11 21:48:04.664,Within SLA,2023-09-16 22:34:16.651,9,5.0,Training and Consulting Services,Tier 1,Greece,39.368279,21.863141,0.0036327777777777777,16.11824,False,False,False,Within SLA
Resolved,3075,Medium,Email,Other,1st line support,Kristos Westoll,2023-09-11 23:52:07,2023-09-13 23:52:07,2023-09-12 00:52:07,2023-09-12 00:29:58.643,Within SLA,2023-09-17 03:02:18.067,SLA Violated,,1,,Ready to use Software,Tier 1,Austria,47.6964719,13.3457347,0.6310119444444444,123.16974083333332,False,False,False,SLA Violated
Resolved,3076,High,Chat,Pricing and licensing,1st line support,Sheela Cutten,2023-09-11 07:01:21,2023-09-12 07:01:21,2023-09-11 07:03:21,2023-09-11 07:02:06.244,Within SLA,2023-09-11 14:15:28.211,Within SLA,,4,,Custom software development,Tier 1,Italy,43.036776,12.678565,0.012567777777777778,7.235336388888888,False,False,False,Within SLA
Resolved,3077,Low,Email,Bug report,2nd line support,Heather Urry,2023-09-11 00:39:37,2023-09-13 00:39:37,2023-09-11 01:39:37,2023-09-11 01:36:09.414,Within SLA,2023-09-11 21:09:09.479,Within SLA,,5,,Custom software development,Tier 2,France,48.864716,2.349014,0.9423372222222223,20.49235527777778,False,False,False,Within SLA
Closed,3078,Low,Email,Feature request,2nd line support,Adolpho Messingham,2023-09-11 01:52:30,2023-09-13 01:52:30,2023-09-11 02:52:30,2023-09-11 02:47:22.749,Within SLA,2023-09-11 18:22:18.250,Within SLA,2023-09-17 19:04:06.537,3,5.0,Ready to use Software,Tier 2,France,48.864716,2.349014,0.9146525,16.49673611111111,False,False,False,Within SLA
Closed,3079,Low,Email,Feature request,1st line support,Bernard Beckley,2023-09-11 16:12:48,2023-09-13 16:12:48,2023-09-11 17:12:48,2023-09-11 17:22:53.917,SLA Violated,2023-09-15 04:22:40.166,SLA Violated,2023-09-15 16:12:51.399,2,4.0,Ready to use Software,Tier 1,United Kingdom,55.378052,-3.435973,1.1683102777777779,84.16449055555556,False,False,False,SLA Violated
Closed,3080,Low,Chat,Training request,1st line support,Connor Danielovitch,2023-09-12 15:14:55,2023-09-13 15:14:55,2023-09-12 15:16:55,2023-09-12 15:16:09.724,Within SLA,2023-09-12 17:40:36.828,Within SLA,2023-09-17 15:26:43.812,7,5.0,Training and Consulting Services,Tier 1,Germany,51.165691,10.451526,0.020756666666666666,2.4282855555555556,False,False,False,Within SLA
Resolved,3081,High,Chat,Feature request,1st line support,Bernard Beckley,2023-09-12 23:05:55,2023-09-13 23:05:55,2023-09-12 23:07:55,2023-09-12 23:10:40.473,SLA Violated,2023-09-13 09:25:52.168,Within SLA,,2,,Ready to use Software,Tier 1,Germany,51.165691,10.451526,0.07929805555555557,10.332546666666666,False,False,False,Within SLA
Resolved,3082,Low,Chat,Feature request,2nd line support,Adolpho Messingham,2023-09-12 13:30:51,2023-09-13 13:30:51,2023-09-12 13:32:51,2023-09-12 13:30:53.904,Within SLA,2023-09-14 06:04:12.874,SLA Violated,,6,,Other,Tier 2,France,48.864716,2.349014,0.0008066666666666667,40.55607611111111,False,False,False,SLA Violated
Closed,3083,Medium,Chat,Pricing and licensing,1st line support,Sheela Cutten,2023-09-12 01:42:27,2023-09-13 01:42:27,2023-09-12 01:44:27,2023-09-12 01:43:05.717,Within SLA,2023-09-12 10:53:40.480,Within SLA,2023-09-14 02:53:38.738,4,4.0,Custom software development,Tier 1,Poland,52.536273,19.050639,0.010754722222222221,9.187077777777779,False,False,False,Within SLA
Closed,3084,Low,Email,Bug report,2nd line support,Adolpho Messingham,2023-09-12 21:51:21,2023-09-14 21:51:21,2023-09-12 22:51:21,2023-09-12 22:12:13.942,Within SLA,2023-09-14 17:06:18.339,Within SLA,2023-09-18 22:32:47.838,10,4.0,Training and Consulting Services,Tier 2,France,48.864716,2.349014,0.34803944444444446,43.24926083333334,False,False,False,Within SLA
Closed,3085,High,Chat,Purchasing and invoicing,1st line support,Connor Danielovitch,2023-09-12 05:30:01,2023-09-13 05:30:01,2023-09-12 05:32:01,2023-09-12 05:30:19.564,Within SLA,2023-09-12 14:05:41.191,Within SLA,2023-09-18 03:27:39.420,6,5.0,Training and Consulting Services,Tier 1,Greece,39.368279,21.863141,0.005156666666666667,8.5944975,False,False,False,Within SLA
In progress,3086,Low,Chat,Feature request,1st line support,Kristos Westoll,2023-09-12 07:10:41,2023-09-13 07:10:41,2023-09-12 07:12:41,2023-09-12 07:10:50.680,Within SLA,,SLA Violated,,5,,Custom software development,Tier 1,Spain,39.67337,-4.767726,0.0026888888888888887,,False,False,True,
Resolved,3087,Low,Email,Pricing and licensing,1st line support,Nicola Wane,2023-09-13 08:10:13,2023-09-15 08:10:13,2023-09-13 09:10:13,2023-09-13 08:17:34.606,Within SLA,2023-09-14 20:28:32.179,Within SLA,,6,,Ready to use Software,Tier 1,Czech Republic,49.8037633,15.4749126,0.12266833333333334,36.305327500000004,False,False,False,Within SLA
Resolved,3088,Low,Email,Product setup,1st line support,Bernard Beckley,2023-09-13 07:27:37,2023-09-15 07:27:37,2023-09-13 08:27:37,2023-09-13 07:52:03.781,Within SLA,2023-09-15 04:46:52.186,Within SLA,,2,,Ready to use Software,Tier 1,Poland,52.536273,19.050639,0.40743916666666663,45.320885,False,False,False,Within SLA
Resolved,3089,High,Email,Pricing and licensing,1st line support,Connor Danielovitch,2023-09-13 22:49:49,2023-09-15 22:49:49,2023-09-13 23:49:49,2023-09-13 23:39:43.642,Within SLA,2023-09-15 12:53:26.442,Within SLA,,1,,Ready to use Software,Tier 1,Spain,39.67337,-4.767726,0.831845,38.06040055555556,False,False,False,Within SLA
Closed,3090,Medium,Email,Pricing and licensing,1st line support,Nicola Wane,2023-09-13 18:38:56,2023-09-15 18:38:56,2023-09-13 19:38:56,2023-09-13 19:31:26.220,Within SLA,2023-09-18 02:53:51.312,SLA Violated,2023-09-20 01:05:41.075,3,2.0,Ready to use Software,Tier 1,Czech Republic,49.8037633,15.4749126,0.8750611111111111,104.24869777777778,False,False,False,SLA Violated
Closed,3091,Medium,Email,Bug report,1st line support,Nicola Wane,2023-09-13 05:38:34,2023-09-15 05:38:34,2023-09-13 06:38:34,2023-09-13 05:48:28.023,Within SLA,2023-09-14 07:09:31.195,Within SLA,2023-09-16 09:12:41.361,2,1.0,Custom software development,Tier 1,France,48.864716,2.349014,0.16500638888888888,25.5158875,False,False,False,Within SLA
Closed,3092,Medium,Chat,Other,1st line support,Nicola Wane,2023-09-14 02:24:22,2023-09-15 02:24:22,2023-09-14 02:26:22,2023-09-14 02:30:21.280,SLA Violated,2023-09-15 00:20:30.572,Within SLA,2023-09-15 17:00:48.094,9,4.0,Ready to use Software,Tier 1,Austria,47.6964719,13.3457347,0.09979999999999999,21.935714444444443,False,False,False,Within SLA
Closed,3093,Low,Email,Feature request,2nd line support,Adolpho Messingham,2023-09-14 16:22:03,2023-09-16 16:22:03,2023-09-14 17:22:03,2023-09-14 17:18:30.317,Within SLA,2023-09-16 12:27:22.202,Within SLA,2023-09-17 05:52:41.393,9,2.0,Ready to use Software,Tier 2,Poland,52.536273,19.050639,0.9409213888888889,44.08866722222222,False,False,False,Within SLA
Resolved,3094,Low,Email,Pricing and licensing,1st line support,Connor Danielovitch,2023-09-14 01:53:12,2023-09-16 01:53:12,2023-09-14 02:53:12,2023-09-14 02:04:37.329,Within SLA,2023-09-14 21:40:06.257,Within SLA,,1,,Custom software development,Tier 1,United Kingdom,55.378052,-3.435973,0.19036916666666664,19.781738055555554,False,False,False,Within SLA
In progress,3095,Low,Email,Purchasing and invoicing,1st line support,Bernard Beckley,2023-09-14 12:58:10,2023-09-16 12:58:10,2023-09-14 13:58:10,2023-09-14 13:27:52.488,Within SLA,,SLA Violated,,2,,Other,Tier 1,Poland,52.536273,19.050639,0.49513555555555555,,False,False,True,
Closed,3096,Low,Email,Purchasing and invoicing,1st line support,Connor Danielovitch,2023-09-15 02:21:22,2023-09-17 02:21:22,2023-09-15 03:21:22,2023-09-15 02:33:21.676,Within SLA,2023-09-15 14:11:00.026,Within SLA,2023-09-17 08:59:49.925,2,5.0,Custom software development,Tier 1,Poland,52.536273,19.050639,0.19991,11.827229444444443,False,False,False,Within SLA
In progress,3097,Low,Chat,Feature request,1st line support,Nicola Wane,2023-09-15 23:13:37,2023-09-16 23:13:37,2023-09-15 23:15:37,2023-09-15 23:13:56.628,Within SLA,,SLA Violated,,60,,Ready to use Software,Tier 1,Poland,52.536273,19.050639,0.005452222222222222,,False,True,True,
Closed,3098,High,Chat,Pricing and licensing,2nd line support,Adolpho Messingham,2023-09-15 09:52:42,2023-09-16 09:52:42,2023-09-15 09:54:42,2023-09-15 09:52:49.449,Within SLA,2023-09-19 06:30:02.521,SLA Violated,2023-09-19 14:39:21.803,6,4.0,Training and Consulting Services,Tier 2,Slovenia,46.1491664,14.9860106,0.0020691666666666666,92.62236694444445,False,False,False,SLA Violated
Closed,3099,Medium,Chat,Purchasing and invoicing,1st line support,Nicola Wane,2023-09-15 02:34:04,2023-09-16 02:34:04,2023-09-15 02:36:04,2023-09-15 02:34:46.675,Within SLA,2023-09-15 22:05:19.458,Within SLA,2023-09-17 12:21:19.837,5,2.0,Ready to use Software,Tier 1,Austria,47.6964719,13.3457347,0.011854166666666666,19.520960555555554,False,False,False,Within SLA
Resolved,3100,Medium,Phone,Pricing and licensing,1st line support,Kristos Westoll,2023-09-15 12:12:26,2023-09-17 12:12:26,2023-09-15 12:14:26,2023-09-15 12:13:39.679,Within SLA,2023-09-15 19:33:43.525,Within SLA,,1,,Other,Tier 1,United Kingdom,55.378052,-3.435973,0.020466388888888888,7.354868055555556,False,False,False,Within SLA
Closed,3101,High,Chat,Pricing and licensing,1st line support,Sheela Cutten,2023-09-15 07:31:17,2023-09-16 07:31:17,2023-09-15 07:33:17,2023-09-15 07:31:29.380,Within SLA,2023-09-20 16:16:51.251,SLA Violated,2023-09-22 12:47:40.015,6,3.0,Training and Consulting Services,Tier 1,Germany,51.165691,10.451526,0.003438888888888889,128.75951416666666,False,False,False,SLA Violated
Closed,3102,Medium,Chat,Product setup,1st line support,Sheela Cutten,2023-09-15 09:48:58,2023-09-16 09:48:58,2023-09-15 09:50:58,2023-09-15 09:50:46.511,Within SLA,2023-09-15 20:28:44.418,Within SLA,2023-09-18 19:11:07.970,6,4.0,Ready to use Software,Tier 1,Poland,52.536273,19.050639,0.030141944444444443,10.662893888888888,False,False,False,Within SLA
Closed,3103,Low,Phone,Pricing and licensing,2nd line support,Michele Whyatt,2023-09-15 13:32:04,2023-09-17 13:32:04,2023-09-15 13:34:04,2023-09-15 13:34:24.604,SLA Violated,2023-09-16 11:18:41.820,Within SLA,2023-09-19 06:27:31.823,6,5.0,Ready to use Software,Tier 2,Czech Republic,49.8037633,15.4749126,0.03905666666666667,21.777172222222223,False,False,False,Within SLA
Resolved,3104,Low,Chat,Purchasing and invoicing,1st line support,Sheela Cutten,2023-09-16 21:36:50,2023-09-17 21:36:50,2023-09-16 21:38:50,2023-09-16 21:38:37.369,Within SLA,2023-09-19 21:43:43.908,SLA Violated,,6,,Other,Tier 1,Republic of Ireland,53.094024,-8.019675,0.02982472222222222,72.11497444444444,False,False,False,SLA Violated
Closed,3105,Low,Email,Product setup,2nd line support,Heather Urry,2023-09-16 03:27:45,2023-09-18 03:27:45,2023-09-16 04:27:45,2023-09-16 04:11:39.547,Within SLA,2023-09-16 11:23:53.626,Within SLA,2023-09-20 07:51:05.328,2,1.0,Ready to use Software,Tier 2,Spain,39.67337,-4.767726,0.7318186111111111,7.935729444444444,False,False,False,Within SLA
Resolved,3120,High,Chat,Product setup,1st line support,Kristos Westoll,2023-09-17 04:00:18,2023-09-18 04:00:18,2023-09-17 04:02:18,2023-09-17 04:01:33.335,Within SLA,2023-09-17 19:22:26.293,Within SLA,,5,,Other,Tier 1,United Kingdom,55.378052,-3.435973,0.020926388888888887,15.368970277777777,False,False,False,Within SLA
Closed,3122,Medium,Email,Product setup,1st line support,Kristos Westoll,2023-09-17 07:39:25,2023-09-19 07:39:25,2023-09-17 08:39:25,2023-09-17 08:29:38.953,Within SLA,2023-09-18 19:40:12.701,Within SLA,2023-09-21 00:31:51.002,9,1.0,Ready to use Software,Tier 1,Italy,43.036776,12.678565,0.8372091666666667,36.01325027777778,False,False,False,Within SLA
Closed,3124,Low,Email,Bug report,1st line support,Nicola Wane,2023-09-18 21:59:50,2023-09-20 21:59:50,2023-09-18 22:59:50,2023-09-18 22:30:57.994,Within SLA,2023-09-19 02:32:02.352,Within SLA,2023-09-22 03:19:46.749,2,5.0,Ready to use Software,Tier 1,Czech Republic,49.8037633,15.4749126,0.5188872222222222,4.536764444444445,False,False,False,Within SLA
Closed,3125,High,Chat,Purchasing and invoicing,2nd line support,Heather Urry,2023-09-18 18:47:16,2023-09-19 18:47:16,2023-09-18 18:49:16,2023-09-18 18:47:20.147,Within SLA,2023-09-18 23:03:28.688,Within SLA,2023-09-19 21:27:16.701,5,3.0,Training and Consulting Services,Tier 2,Bulgaria,42.7249925,25.4833039,0.0011519444444444446,4.270191111111111,False,False,False,Within SLA
Closed,3126,Low,Email,Other,1st line support,Kristos Westoll,2023-09-18 02:37:37,2023-09-20 02:37:37,2023-09-18 03:37:37,2023-09-18 02:57:41.883,Within SLA,2023-09-19 17:43:58.025,Within SLA,2023-09-20 11:25:06.300,7,1.0,Ready to use Software,Tier 1,Bulgaria,42.7249925,25.4833039,0.3346897222222222,39.10584027777777,False,False,False,Within SLA
Closed,3127,Medium,Email,Other,1st line support,Sheela Cutten,2023-09-18 10:26:53,2023-09-20 10:26:53,2023-09-18 11:26:53,2023-09-18 11:12:26.385,Within SLA,2023-09-20 01:50:52.007,Within SLA,2023-09-22 00:38:40.761,3,2.0,Custom software development,Tier 1,Austria,47.6964719,13.3457347,0.7592736111111111,39.39972416666667,False,False,False,Within SLA
Closed,3128,Medium,Chat,Pricing and licensing,1st line support,Nicola Wane,2023-09-18 19:11:54,2023-09-19 19:11:54,2023-09-18 19:13:54,2023-09-18 19:11:56.873,Within SLA,2023-09-22 10:01:30.035,SLA Violated,2023-09-22 15:55:26.865,6,3.0,Custom software development,Tier 1,Germany,51.165691,10.451526,0.0007980555555555556,86.82667638888888,False,False,False,SLA Violated
Resolved,3130,High,Email,Product setup,2nd line support,Michele Whyatt,2023-09-18 22:00:02,2023-09-20 22:00:02,2023-09-18 23:00:02,2023-09-18 22:12:46.255,Within SLA,2023-09-20 01:54:29.531,Within SLA,,2,,Training and Consulting Services,Tier 2,Austria,47.6964719,13.3457347,0.21229305555555555,27.9076475,False,False,False,Within SLA
Closed,3132,Low,Chat,Training request,1st line support,Nicola Wane,2023-09-18 06:51:24,2023-09-19 06:51:24,2023-09-18 06:53:24,2023-09-18 06:54:54.742,SLA Violated,2023-09-21 03:38:34.501,SLA Violated,2023-09-22 22:49:54.316,9,2.0,Training and Consulting Services,Tier 1,Germany,51.165691,10.451526,0.05853944444444444,68.78625027777777,False,False,False,SLA Violated
Closed,3133,Medium,Email,Product setup,1st line support,Sheela Cutten,2023-09-18 11:31:34,2023-09-20 11:31:34,2023-09-18 12:31:34,2023-09-18 15:25:29.741,SLA Violated,2023-09-18 20:58:58.036,Within SLA,2023-09-23 15:29:32.717,3,5.0,Ready to use Software,Tier 1,Slovenia,46.1491664,14.9860106,3.8988169444444445,9.456676666666667,False,False,False,Within SLA
Closed,3134,High,Email,Other,1st line support,Bernard Beckley,2023-09-18 14:49:08,2023-09-20 14:49:08,2023-09-18 15:49:08,2023-09-18 14:51:20.588,Within SLA,2023-09-20 17:39:53.064,SLA Violated,2023-09-22 13:28:30.812,2,4.0,Training and Consulting Services,Tier 1,Bulgaria,42.7249925,25.4833039,0.03683,50.845851111111116,False,False,False,SLA Violated
In progress,3135,Low,Email,Product setup,1st line support,Sheela Cutten,2023-09-19 11:41:28,2023-09-21 11:41:28,2023-09-19 12:41:28,2023-09-19 11:59:26.444,Within SLA,,SLA Violated,,10,,Other,Tier 1,Italy,43.036776,12.678565,0.29956777777777777,,False,False,True,
Closed,3136,High,Email,Feature request,2nd line support,Michele Whyatt,2023-09-19 07:00:57,2023-09-21 07:00:57,2023-09-19 08:00:57,2023-09-19 07:57:24.468,Within SLA,2023-09-20 20:49:37.655,Within SLA,2023-09-23 23:32:37.723,2,4.0,Ready to use Software,Tier 2,Spain,39.67337,-4.767726,0.9409633333333333,37.81129305555555,False,False,False,Within SLA
Resolved,3137,Medium,Chat,Pricing and licensing,1st line support,Connor Danielovitch,2023-09-19 05:34:04,2023-09-20 05:34:04,2023-09-19 05:36:04,2023-09-19 05:34:36.794,Within SLA,2023-09-20 03:17:57.688,Within SLA,,2,,Ready to use Software,Tier 1,Poland,52.536273,19.050639,0.009109444444444444,21.731579999999997,False,False,False,Within SLA
Closed,3138,High,Email,Pricing and licensing,2nd line support,Michele Whyatt,2023-09-20 01:36:50,2023-09-22 01:36:50,2023-09-20 02:36:50,2023-09-20 01:52:15.840,Within SLA,2023-09-21 04:46:41.321,Within SLA,2023-09-21 13:33:13.825,1,1.0,Custom software development,Tier 2,Republic of Ireland,53.094024,-8.019675,0.2571777777777778,27.164255833333332,False,False,False,Within SLA
Closed,3139,Low,Email,Other,2nd line support,Heather Urry,2023-09-20 05:23:18,2023-09-22 05:23:18,2023-09-20 06:23:18,2023-09-20 06:23:17.930,Within SLA,2023-09-22 01:56:50.760,Within SLA,2023-09-25 09:49:11.832,1,1.0,Training and Consulting Services,Tier 2,Czech Republic,49.8037633,15.4749126,0.9999805555555555,44.5591,False,False,False,Within SLA
Resolved,3141,Low,Phone,Feature request,2nd line support,Heather Urry,2023-09-20 11:15:58,2023-09-22 11:15:58,2023-09-20 11:17:58,2023-09-20 11:20:17.566,SLA Violated,2023-09-20 13:19:07.271,Within SLA,,1,,Other,Tier 2,Republic of Ireland,53.094024,-8.019675,0.07210166666666666,2.0525752777777777,False,False,False,Within SLA
In progress,3142,Medium,Chat,Product setup,2nd line support,Heather Urry,2023-09-20 15:41:51,2023-09-21 15:41:51,2023-09-20 15:43:51,2023-09-20 15:42:55.204,Within SLA,,SLA Violated,,5,,Other,Tier 2,Germany,51.165691,10.451526,0.01783444444444444,,False,False,True,
Closed,3143,Low,Chat,Feature request,2nd line support,Michele Whyatt,2023-09-20 00:42:32,2023-09-21 00:42:32,2023-09-20 00:44:32,2023-09-20 00:44:01.795,Within SLA,2023-09-20 20:25:11.862,Within SLA,2023-09-23 18:24:22.579,8,3.0,Other,Tier 2,Bulgaria,42.7249925,25.4833039,0.024943055555555555,19.711072777777776,False,False,False,Within SLA
Closed,3144,Medium,Email,Purchasing and invoicing,1st line support,Nicola Wane,2023-09-21 15:52:27,2023-09-23 15:52:27,2023-09-21 16:52:27,2023-09-21 16:50:20.524,Within SLA,2023-09-22 00:53:20.800,Within SLA,2023-09-28 08:43:44.409,2,2.0,Ready to use Software,Tier 1,Spain,39.67337,-4.767726,0.9648677777777778,9.014944444444444,False,False,False,Within SLA
Resolved,3145,Medium,Chat,Product setup,2nd line support,Heather Urry,2023-09-21 22:13:48,2023-09-22 22:13:48,2023-09-21 22:15:48,2023-09-21 22:15:36.792,Within SLA,2023-09-22 04:20:05.365,Within SLA,,60,,Custom software development,Tier 2,Germany,51.165691,10.451526,0.03022,6.104823611111112,False,True,False,Within SLA
Closed,3146,High,Email,Pricing and licensing,1st line support,Sheela Cutten,2023-09-21 23:10:40,2023-09-23 23:10:40,2023-09-22 00:10:40,2023-09-22 00:06:16.672,Within SLA,2023-09-23 15:42:23.352,Within SLA,2023-09-25 11:54:10.435,2,3.0,Training and Consulting Services,Tier 1,Greece,39.368279,21.863141,0.9268533333333333,40.52870888888889,False,False,False,Within SLA
Closed,3147,Medium,Phone,Feature request,2nd line support,Adolpho Messingham,2023-09-21 14:23:24,2023-09-23 14:23:24,2023-09-21 14:25:24,2023-09-21 14:24:49.866,Within SLA,2023-09-22 10:27:56.964,Within SLA,2023-09-21 23:47:09.415,6,5.0,Other,Tier 2,Austria,47.6964719,13.3457347,0.023851666666666667,20.075823333333336,False,False,False,Within SLA
Closed,3148,Medium,Email,Pricing and licensing,1st line support,Connor Danielovitch,2023-09-21 07:49:40,2023-09-23 07:49:40,2023-09-21 08:49:40,2023-09-21 08:20:44.071,Within SLA,2023-09-26 01:47:18.196,SLA Violated,2023-09-26 14:22:29.918,1,3.0,Ready to use Software,Tier 1,Germany,51.165691,10.451526,0.5177975,113.96061,False,False,False,SLA Violated
Closed,3149,Low,Phone,Feature request,1st line support,Sheela Cutten,2023-09-21 19:00:10,2023-09-23 19:00:10,2023-09-21 19:02:10,2023-09-21 19:01:53.011,Within SLA,2023-09-22 18:38:30.088,Within SLA,2023-09-26 04:25:31.204,1,2.0,Other,Tier 1,United Kingdom,55.378052,-3.435973,0.028614166666666666,23.638913333333335,False,False,False,Within SLA
Closed,3150,Low,Phone,Pricing and licensing,2nd line support,Heather Urry,2023-09-21 16:36:25,2023-09-23 16:36:25,2023-09-21 16:38:25,2023-09-21 16:37:33.873,Within SLA,2023-09-24 17:45:03.005,SLA Violated,2023-09-24 21:31:14.556,1,4.0,Training and Consulting Services,Tier 2,France,48.864716,2.349014,0.01913138888888889,73.14389027777779,False,False,False,SLA Violated
Closed,3151,Medium,Phone,Feature request,1st line support,Connor Danielovitch,2023-09-21 10:25:35,2023-09-23 10:25:35,2023-09-21 10:27:35,2023-09-21 10:29:59.195,SLA Violated,2023-09-23 08:50:53.597,Within SLA,2023-09-26 17:41:30.048,1,5.0,Ready to use Software,Tier 1,Germany,51.165691,10.451526,0.0733875,46.4218325,False,False,False,Within SLA
Closed,3152,Medium,Chat,Pricing and licensing,2nd line support,Michele Whyatt,2023-09-22 01:23:47,2023-09-23 01:23:47,2023-09-22 01:25:47,2023-09-22 01:29:28.774,SLA Violated,2023-09-22 15:35:24.916,Within SLA,2023-09-28 11:19:43.184,5,4.0,Custom software development,Tier 2,Italy,43.036776,12.678565,0.09493722222222223,14.193865555555554,False,False,False,Within SLA
Closed,3153,Low,Chat,Bug report,1st line support,Connor Danielovitch,2023-09-22 15:53:36,2023-09-23 15:53:36,2023-09-22 15:55:36,2023-09-22 15:53:56.581,Within SLA,2023-09-25 16:13:56.776,SLA Violated,2023-09-26 06:07:17.295,8,5.0,Ready to use Software,Tier 1,United Kingdom,55.378052,-3.435973,0.005716944444444445,72.33910444444444,False,False,False,SLA Violated
Closed,3154,Low,Email,Pricing and licensing,1st line support,Nicola Wane,2023-09-22 04:05:12,2023-09-24 04:05:12,2023-09-22 05:05:12,2023-09-22 04:48:27.497,Within SLA,2023-09-22 22:10:31.154,Within SLA,2023-09-25 02:09:57.651,1,1.0,Custom software development,Tier 1,Germany,51.165691,10.451526,0.7209713888888889,18.08865388888889,False,False,False,Within SLA
Resolved,3155,Low,Phone,Product setup,1st line support,Nicola Wane,2023-09-22 05:52:08,2023-09-24 05:52:08,2023-09-22 05:54:08,2023-09-22 05:53:50.453,Within SLA,2023-09-22 20:15:40.650,Within SLA,,3,,Training and Consulting Services,Tier 1,France,48.864716,2.349014,0.028459166666666667,14.392402777777779,False,False,False,Within SLA
Closed,3156,High,Phone,Other,2nd line support,Heather Urry,2023-09-22 23:23:44,2023-09-24 23:23:44,2023-09-22 23:25:44,2023-09-22 23:24:15.693,Within SLA,2023-09-23 01:05:46.678,Within SLA,2023-09-25 19:30:16.104,3,5.0,Ready to use Software,Tier 2,United Kingdom,55.378052,-3.435973,0.008803611111111111,1.7007438888888888,False,False,False,Within SLA
Resolved,3157,Medium,Chat,Purchasing and invoicing,1st line support,Bernard Beckley,2023-09-22 21:49:23,2023-09-23 21:49:23,2023-09-22 21:51:23,2023-09-22 21:50:19.341,Within SLA,2023-09-23 06:59:05.760,Within SLA,,8,,Ready to use Software,Tier 1,Republic of Ireland,53.094024,-8.019675,0.015650277777777777,9.161877777777779,False,False,False,Within SLA
Closed,3158,Low,Chat,Pricing and licensing,1st line support,Kristos Westoll,2023-09-22 19:56:13,2023-09-23 19:56:13,2023-09-22 19:58:13,2023-09-22 19:56:38.205,Within SLA,2023-09-28 15:01:59.015,SLA Violated,2023-09-29 21:33:41.229,2,5.0,Custom software development,Tier 1,Poland,52.536273,19.050639,0.007001388888888889,139.09611527777778,False,False,False,SLA Violated
Resolved,3159,Medium,Email,Product setup,2nd line support,Adolpho Messingham,2023-09-22 01:37:21,2023-09-24 01:37:21,2023-09-22 02:37:21,2023-09-22 01:50:37.937,Within SLA,2023-09-25 10:33:14.409,SLA Violated,,6,,Custom software development,Tier 2,France,48.864716,2.349014,0.22137138888888888,80.9315025,False,False,False,SLA Violated
Closed,3160,Medium,Phone,Purchasing and invoicing,1st line support,Bernard Beckley,2023-09-22 09:32:02,2023-09-24 09:32:02,2023-09-22 09:34:02,2023-09-22 09:32:42.226,Within SLA,2023-09-24 05:36:07.484,Within SLA,2023-09-24 10:15:41.005,1,3.0,Ready to use Software,Tier 1,Germany,51.165691,10.451526,0.01117388888888889,44.06819,False,False,False,Within SLA
Resolved,3161,Low,Chat,Product setup,1st line support,Connor Danielovitch,2023-09-22 00:55:01,2023-09-23 00:55:01,2023-09-22 00:57:01,2023-09-22 00:55:40.756,Within SLA,2023-09-22 14:14:26.417,Within SLA,,6,,Training and Consulting Services,Tier 1,Spain,39.67337,-4.767726,0.011043333333333334,13.323726944444445,False,False,False,Within SLA
Closed,3162,Low,Email,Pricing and licensing,1st line support,Kristos Westoll,2023-09-23 16:45:45,2023-09-25 16:45:45,2023-09-23 17:45:45,2023-09-23 16:55:13.380,Within SLA,2023-09-27 05:04:32.910,SLA Violated,2023-09-28 01:13:29.924,5,1.0,Ready to use Software,Tier 1,Spain,39.67337,-4.767726,0.15788333333333332,84.31330833333332,False,False,False,SLA Violated
Closed,3163,Low,Email,Feature request,2nd line support,Michele Whyatt,2023-09-23 00:34:40,2023-09-25 00:34:40,2023-09-23 01:34:40,2023-09-23 01:32:32.826,Within SLA,2023-09-24 23:12:16.932,Within SLA,2023-09-26 10:29:32.129,10,4.0,Other,Tier 2,Greece,39.368279,21.863141,0.9646738888888889,46.62692555555556,False,False,False,Within SLA
Closed,3164,Low,Email,Purchasing and invoicing,2nd line support,Michele Whyatt,2023-09-23 01:32:55,2023-09-25 01:32:55,2023-09-23 02:32:55,2023-09-23 02:00:10.025,Within SLA,2023-09-24 07:19:51.672,Within SLA,2023-09-27 23:10:01.983,1,4.0,Ready to use Software,Tier 2,United Kingdom,55.378052,-3.435973,0.45417361111111115,29.78240888888889,False,False,False,Within SLA
In progress,3178,Low,Email,Product setup,1st line support,Bernard Beckley,2023-09-24 19:44:22,2023-09-26 19:44:22,2023-09-24 20:44:22,2023-09-24 20:33:08.531,Within SLA,,SLA Violated,,7,,Other,Tier 1,Germany,51.165691,10.451526,0.8129252777777778,,False,False,True,
Closed,3179,Medium,Chat,Pricing and licensing,2nd line support,Michele Whyatt,2023-09-24 03:25:42,2023-09-25 03:25:42,2023-09-24 03:27:42,2023-09-24 03:27:06.310,Within SLA,2023-09-25 01:19:16.206,Within SLA,2023-09-28 08:53:20.231,60,5.0,Custom software development,Tier 2,United Kingdom,55.378052,-3.435973,0.023419444444444444,21.892835,False,True,False,Within SLA
In progress,3180,Low,Chat,Pricing and licensing,1st line support,Connor Danielovitch,2023-09-24 21:16:42,2023-09-25 21:16:42,2023-09-24 21:18:42,2023-09-24 21:18:30.211,Within SLA,,SLA Violated,,8,,Custom software development,Tier 1,Germany,51.165691,10.451526,0.030058611111111112,,False,False,True,
Closed,3181,Low,Chat,Product setup,2nd line support,Adolpho Messingham,2023-09-25 10:35:13,2023-09-26 10:35:13,2023-09-25 10:37:13,2023-09-25 10:36:35.532,Within SLA,2023-09-26 02:54:57.669,Within SLA,2023-09-26 20:56:20.205,7,4.0,Training and Consulting Services,Tier 2,Italy,43.036776,12.678565,0.022925555555555553,16.329074722222224,False,False,False,Within SLA
Closed,3182,High,Email,Feature request,1st line support,Nicola Wane,2023-09-25 15:13:39,2023-09-27 15:13:39,2023-09-25 16:13:39,2023-09-25 15:40:02.766,Within SLA,2023-09-26 19:59:33.591,Within SLA,2023-10-02 01:13:15.253,2,5.0,Custom software development,Tier 1,Austria,47.6964719,13.3457347,0.439935,28.76516416666667,False,False,False,Within SLA
In progress,3183,High,Email,Purchasing and invoicing,1st line support,Kristos Westoll,2023-09-25 01:25:06,2023-09-27 01:25:06,2023-09-25 02:25:06,2023-09-25 01:27:56.215,Within SLA,,SLA Violated,,2,,Training and Consulting Services,Tier 1,Italy,43.036776,12.678565,0.047281944444444446,,False,False,True,
Resolved,3184,Medium,Chat,Purchasing and invoicing,2nd line support,Heather Urry,2023-09-25 03:28:54,2023-09-26 03:28:54,2023-09-25 03:30:54,2023-09-25 03:30:36.041,Within SLA,2023-09-25 14:49:06.655,Within SLA,,2,,Other,Tier 2,United Kingdom,55.378052,-3.435973,0.028344722222222223,11.33684861111111,False,False,False,Within SLA
Resolved,3185,Low,Phone,Purchasing and invoicing,1st line support,Kristos Westoll,2023-09-25 03:57:29,2023-09-27 03:57:29,2023-09-25 03:59:29,2023-09-25 04:03:16.187,SLA Violated,2023-09-27 19:05:46.846,SLA Violated,,1,,Custom software development,Tier 1,Slovenia,46.1491664,14.9860106,0.09644083333333334,63.13829055555555,False,False,False,SLA Violated
Resolved,3186,Low,Phone,Product setup,1st line support,Nicola Wane,2023-09-25 05:24:37,2023-09-27 05:24:37,2023-09-25 05:26:37,2023-09-25 05:25:35.296,Within SLA,2023-09-25 17:23:42.673,Within SLA,,4,,Ready to use Software,Tier 1,Spain,39.67337,-4.767726,0.016193333333333334,11.984909166666668,False,False,False,Within SLA
Closed,3187,Medium,Chat,Bug report,1st line support,Kristos Westoll,2023-09-25 15:07:49,2023-09-26 15:07:49,2023-09-25 15:09:49,2023-09-25 15:09:36.810,Within SLA,2023-09-26 04:31:53.608,Within SLA,2023-09-28 06:23:49.836,6,1.0,Custom software development,Tier 1,Poland,52.536273,19.050639,0.029947222222222222,13.40128,False,False,False,Within SLA
Closed,3188,Low,Phone,Feature request,1st line support,Sheela Cutten,2023-09-25 09:47:27,2023-09-27 09:47:27,2023-09-25 09:49:27,2023-09-25 09:47:36.221,Within SLA,2023-09-25 18:31:02.832,Within SLA,2023-09-30 05:53:56.718,1,4.0,Custom software development,Tier 1,Bulgaria,42.7249925,25.4833039,0.002561388888888889,8.726619999999999,False,False,False,Within SLA
Resolved,3189,Low,Chat,Pricing and licensing,1st line support,Bernard Beckley,2023-09-25 15:40:01,2023-09-26 15:40:01,2023-09-25 15:42:01,2023-09-25 15:41:08.409,Within SLA,2023-09-26 06:33:03.445,Within SLA,,4,,Custom software development,Tier 1,Poland,52.536273,19.050639,0.018724722222222222,14.8840125,False,False,False,Within SLA
Closed,3190,Low,Email,Purchasing and invoicing,1st line support,Connor Danielovitch,2023-09-26 22:51:15,2023-09-28 22:51:15,2023-09-26 23:51:15,2023-09-26 23:07:18.118,Within SLA,2023-09-27 07:56:17.333,Within SLA,2023-09-28 15:43:20.948,1,3.0,Custom software development,Tier 1,Republic of Ireland,53.094024,-8.019675,0.2675327777777778,9.083981388888889,False,False,False,Within SLA
Closed,3191,Medium,Email,Pricing and licensing,1st line support,Kristos Westoll,2023-09-26 15:34:41,2023-09-28 15:34:41,2023-09-26 16:34:41,2023-09-26 16:24:49.837,Within SLA,2023-10-01 09:36:10.537,SLA Violated,2023-10-01 23:04:21.348,1,5.0,Other,Tier 1,Bulgaria,42.7249925,25.4833039,0.8357880555555556,114.0248713888889,False,False,False,SLA Violated
Closed,3192,Medium,Email,Product setup,1st line support,Bernard Beckley,2023-09-26 17:16:49,2023-09-28 17:16:49,2023-09-26 18:16:49,2023-09-26 17:53:48.929,Within SLA,2023-09-27 06:30:46.995,Within SLA,2023-09-28 09:48:56.431,7,1.0,Ready to use Software,Tier 1,Bulgaria,42.7249925,25.4833039,0.6166469444444445,13.23277638888889,False,False,False,Within SLA
Closed,3193,Low,Phone,Feature request,2nd line support,Michele Whyatt,2023-09-26 11:00:11,2023-09-28 11:00:11,2023-09-26 11:02:11,2023-09-26 11:00:21.447,Within SLA,2023-09-28 03:55:06.818,Within SLA,2023-10-01 03:52:50.712,6,4.0,Other,Tier 2,Bulgaria,42.7249925,25.4833039,0.0029019444444444444,40.915505,False,False,False,Within SLA
In progress,3194,Low,Email,Product setup,1st line support,Connor Danielovitch,2023-09-26 12:56:07,2023-09-28 12:56:07,2023-09-26 13:56:07,2023-09-26 13:15:00.390,Within SLA,,SLA Violated,,2,,Ready to use Software,Tier 1,Czech Republic,49.8037633,15.4749126,0.31483055555555556,,False,False,True,
Resolved,3196,Medium,Email,Other,2nd line support,Michele Whyatt,2023-09-27 01:56:05,2023-09-29 01:56:05,2023-09-27 02:56:05,2023-09-27 02:42:28.193,Within SLA,2023-09-28 04:08:42.299,Within SLA,,2,,Custom software development,Tier 2,Spain,39.67337,-4.767726,0.7731091666666667,26.210360833333333,False,False,False,Within SLA
In progress,3197,Low,Email,Feature request,1st line support,Nicola Wane,2023-09-27 22:45:17,2023-09-29 22:45:17,2023-09-27 23:45:17,2023-09-27 23:26:03.672,Within SLA,,SLA Violated,,5,,Ready to use Software,Tier 1,United Kingdom,55.378052,-3.435973,0.6796311111111111,,False,False,True,
Closed,3198,Low,Chat,Bug report,1st line support,Bernard Beckley,2023-09-27 05:29:59,2023-09-28 05:29:59,2023-09-27 05:31:59,2023-09-27 05:33:14.077,SLA Violated,2023-09-30 12:01:11.557,SLA Violated,2023-10-02 09:08:12.949,7,1.0,Ready to use Software,Tier 1,United Kingdom,55.378052,-3.435973,0.05418805555555555,78.52015472222222,False,False,False,SLA Violated
Closed,3200,High,Chat,Pricing and licensing,2nd line support,Michele Whyatt,2023-09-27 06:14:51,2023-09-28 06:14:51,2023-09-27 06:16:51,2023-09-27 06:19:46.101,SLA Violated,2023-09-27 21:31:15.238,Within SLA,2023-10-01 03:32:58.280,2,5.0,Ready to use Software,Tier 2,Greece,39.368279,21.863141,0.0819725,15.273399444444443,False,False,False,Within SLA
Closed,3201,Medium,Chat,Pricing and licensing,2nd line support,Adolpho Messingham,2023-09-27 05:52:12,2023-09-28 05:52:12,2023-09-27 05:54:12,2023-09-27 05:54:09.016,Within SLA,2023-10-03 04:32:54.382,SLA Violated,2023-10-04 04:42:21.403,2,5.0,Training and Consulting Services,Tier 2,Poland,52.536273,19.050639,0.03250444444444445,142.67843944444445,False,False,False,SLA Violated
Resolved,3202,High,Chat,Product setup,1st line support,Bernard Beckley,2023-09-27 09:00:12,2023-09-28 09:00:12,2023-09-27 09:02:12,2023-09-27 09:01:38.154,Within SLA,2023-09-28 01:56:50.372,Within SLA,,6,,Ready to use Software,Tier 1,Bulgaria,42.7249925,25.4833039,0.023931666666666667,16.943992222222224,False,False,False,Within SLA
In progress,3203,Low,Chat,Pricing and licensing,1st line support,Kristos Westoll,2023-09-27 10:58:40,2023-09-28 10:58:40,2023-09-27 11:00:40,2023-09-27 11:00:23.701,Within SLA,,SLA Violated,,6,,Custom software development,Tier 1,France,48.864716,2.349014,0.028805833333333333,,False,False,True,
Closed,3204,Low,Email,Bug report,2nd line support,Heather Urry,2023-09-27 00:18:02,2023-09-29 00:18:02,2023-09-27 01:18:02,2023-09-27 00:49:09.982,Within SLA,2023-09-28 05:08:57.833,Within SLA,2023-09-30 04:14:04.966,9,4.0,Training and Consulting Services,Tier 2,Poland,52.536273,19.050639,0.5188838888888889,28.8488425,False,False,False,Within SLA
Closed,3205,Low,Email,Purchasing and invoicing,1st line support,Sheela Cutten,2023-09-27 14:36:20,2023-09-29 14:36:20,2023-09-27 15:36:20,2023-09-27 15:13:43.393,Within SLA,2023-09-29 04:48:29.819,Within SLA,2023-09-29 02:01:21.106,3,3.0,Training and Consulting Services,Tier 1,France,48.864716,2.349014,0.6231647222222222,38.202727499999995,False,False,False,Within SLA
In progress,3206,Medium,Chat,Product setup,1st line support,Kristos Westoll,2023-09-28 11:38:17,2023-09-29 11:38:17,2023-09-28 11:40:17,2023-09-28 11:40:12.158,Within SLA,,SLA Violated,,2,,Ready to use Software,Tier 1,Slovenia,46.1491664,14.9860106,0.031988333333333334,,False,False,True,
Closed,3207,Low,Chat,Purchasing and invoicing,1st line support,Kristos Westoll,2023-09-28 02:28:25,2023-09-29 02:28:25,2023-09-28 02:30:25,2023-09-28 02:33:31.470,SLA Violated,2023-09-28 10:03:24.849,Within SLA,2023-10-03 15:04:20.368,5,4.0,Custom software development,Tier 1,Poland,52.536273,19.050639,0.08513055555555556,7.583291388888888,False,False,False,Within SLA
Resolved,3208,Medium,Email,Other,1st line support,Kristos Westoll,2023-09-28 08:07:52,2023-09-30 08:07:52,2023-09-28 09:07:52,2023-09-28 08:43:24.997,Within SLA,2023-09-29 11:54:36.872,Within SLA,,8,,Other,Tier 1,Bulgaria,42.7249925,25.4833039,0.5924991666666666,27.779131111111113,False,False,False,Within SLA
Closed,3209,High,Email,Product setup,1st line support,Bernard Beckley,2023-09-28 14:43:00,2023-09-30 14:43:00,2023-09-28 15:43:00,2023-09-28 15:12:18.804,Within SLA,2023-10-02 21:26:33.233,SLA Violated,2023-10-04 07:27:28.517,1,3.0,Other,Tier 1,Italy,43.036776,12.678565,0.4885566666666667,102.72589805555556,False,False,False,SLA Violated
Closed,3210,Low,Email,Pricing and licensing,1st line support,Bernard Beckley,2023-09-28 18:54:26,2023-09-30 18:54:26,2023-09-28 19:54:26,2023-09-28 18:56:27.790,Within SLA,2023-10-01 16:54:06.980,SLA Violated,2023-10-02 09:41:47.920,1,1.0,Custom software development,Tier 1,Poland,52.536273,19.050639,0.03383055555555556,69.99471666666668,False,False,False,SLA Violated
Closed,3211,Medium,Chat,Training request,1st line support,Sheela Cutten,2023-09-28 07:43:20,2023-09-29 07:43:20,2023-09-28 07:45:20,2023-09-28 07:43:57.880,Within SLA,2023-09-28 11:39:35.016,Within SLA,2023-09-30 22:21:10.934,6,3.0,Training and Consulting Services,Tier 1,Italy,43.036776,12.678565,0.010522222222222223,3.9375044444444445,False,False,False,Within SLA
In progress,3212,Medium,Chat,Pricing and licensing,1st line support,Nicola Wane,2023-09-28 18:52:08,2023-09-29 18:52:08,2023-09-28 18:54:08,2023-09-28 18:52:16.648,Within SLA,,SLA Violated,,4,,Custom software development,Tier 1,Greece,39.368279,21.863141,0.0024022222222222223,,False,False,True,
Closed,3214,Low,Email,Purchasing and invoicing,1st line support,Kristos Westoll,2023-09-29 01:39:42,2023-10-01 01:39:42,2023-09-29 02:39:42,2023-09-29 02:14:56.572,Within SLA,2023-09-29 18:55:59.280,Within SLA,2023-10-01 17:03:43.697,1,2.0,Other,Tier 1,France,48.864716,2.349014,0.5873811111111111,17.271466666666665,False,False,False,Within SLA
Closed,3215,Low,Email,Product setup,1st line support,Connor Danielovitch,2023-09-29 23:41:14,2023-10-01 23:41:14,2023-09-30 00:41:14,2023-09-30 00:14:07.764,Within SLA,2023-09-30 00:24:51.569,Within SLA,2023-10-06 23:20:52.466,9,5.0,Ready to use Software,Tier 1,United Kingdom,55.378052,-3.435973,0.5482677777777778,0.7271025,False,False,False,Within SLA
Resolved,3216,High,Email,Product setup,1st line support,Kristos Westoll,2023-09-29 09:45:58,2023-10-01 09:45:58,2023-09-29 10:45:58,2023-09-29 10:37:03.248,Within SLA,2023-09-30 14:43:47.313,Within SLA,,1,,Training and Consulting Services,Tier 1,Bulgaria,42.7249925,25.4833039,0.8514577777777778,28.963698055555554,False,False,False,Within SLA
Closed,3218,Medium,Email,Pricing and licensing,1st line support,Kristos Westoll,2023-09-30 01:21:38,2023-10-02 01:21:38,2023-09-30 02:21:38,2023-09-30 01:59:58.150,Within SLA,2023-10-04 22:54:07.567,SLA Violated,2023-10-05 07:18:45.778,8,5.0,Ready to use Software,Tier 1,Greece,39.368279,21.863141,0.6389305555555556,117.54154638888889,False,False,False,SLA Violated
Resolved,3219,Low,Phone,Pricing and licensing,1st line support,Kristos Westoll,2023-09-30 02:53:40,2023-10-02 02:53:40,2023-09-30 02:55:40,2023-09-30 02:59:13.773,SLA Violated,2023-10-05 12:12:59.208,SLA Violated,,1,,Other,Tier 1,Italy,43.036776,12.678565,0.09271472222222223,129.3220022222222,False,False,False,SLA Violated
Closed,3220,Low,Email,Feature request,2nd line support,Heather Urry,2023-09-30 16:21:10,2023-10-02 16:21:10,2023-09-30 17:21:10,2023-09-30 17:09:31.892,Within SLA,2023-09-30 20:48:13.405,Within SLA,2023-10-04 12:04:32.734,6,1.0,Ready to use Software,Tier 2,France,48.864716,2.349014,0.806081111111111,4.450945833333334,False,False,False,Within SLA
Resolved,3228,Low,Phone,Pricing and licensing,1st line support,Bernard Beckley,2023-10-01 12:32:53,2023-10-03 12:32:53,2023-10-01 12:34:53,2023-10-01 12:34:07.055,Within SLA,2023-10-03 12:04:41.840,Within SLA,,5,,Ready to use Software,Tier 1,Italy,43.036776,12.678565,0.020570833333333337,47.530233333333335,False,False,False,Within SLA
Resolved,3229,Low,Phone,Product setup,1st line support,Connor Danielovitch,2023-10-02 02:28:15,2023-10-04 02:28:15,2023-10-02 02:30:15,2023-10-02 02:29:17.224,Within SLA,2023-10-06 10:24:06.352,SLA Violated,,4,,Custom software development,Tier 1,United Kingdom,55.378052,-3.435973,0.017284444444444443,103.93093111111112,False,False,False,SLA Violated
Resolved,3230,Medium,Email,Pricing and licensing,1st line support,Kristos Westoll,2023-10-02 18:04:18,2023-10-04 18:04:18,2023-10-02 19:04:18,2023-10-02 21:28:48.523,SLA Violated,2023-10-02 18:39:20.745,Within SLA,,1,,Training and Consulting Services,Tier 1,Republic of Ireland,53.094024,-8.019675,3.4084786111111107,0.5840958333333333,False,False,False,Within SLA
Resolved,3231,High,Chat,Feature request,1st line support,Nicola Wane,2023-10-02 08:19:12,2023-10-03 08:19:12,2023-10-02 08:21:12,2023-10-02 08:19:59.283,Within SLA,2023-10-03 02:05:09.493,Within SLA,,60,,Ready to use Software,Tier 1,Italy,43.036776,12.678565,0.013134166666666667,17.76597027777778,False,True,False,Within SLA
Resolved,3232,Low,Chat,Product setup,2nd line support,Heather Urry,2023-10-02 20:30:48,2023-10-03 20:30:48,2023-10-02 20:32:48,2023-10-02 20:32:38.955,Within SLA,2023-10-03 05:55:23.267,Within SLA,,2,,Training and Consulting Services,Tier 2,Spain,39.67337,-4.767726,0.030820833333333332,9.40979638888889,False,False,False,Within SLA
Closed,3233,Medium,Phone,Other,1st line support,Kristos Westoll,2023-10-02 06:05:57,2023-10-04 06:05:57,2023-10-02 06:07:57,2023-10-02 06:06:45.307,Within SLA,2023-10-04 01:30:26.117,Within SLA,2023-10-08 10:26:01.460,5,2.0,Ready to use Software,Tier 1,Poland,52.536273,19.050639,0.013418611111111112,43.40808805555555,False,False,False,Within SLA
Resolved,3234,Low,Email,Product setup,1st line support,Sheela Cutten,2023-10-02 23:15:59,2023-10-04 23:15:59,2023-10-03 00:15:59,2023-10-02 23:55:47.070,Within SLA,2023-10-06 06:21:34.711,SLA Violated,,8,,Ready to use Software,Tier 1,United Kingdom,55.378052,-3.435973,0.6633527777777778,79.09325305555556,False,False,False,SLA Violated
Closed,3235,Medium,Phone,Other,1st line support,Sheela Cutten,2023-10-02 03:14:09,2023-10-04 03:14:09,2023-10-02 03:16:09,2023-10-02 03:19:14.916,SLA Violated,2023-10-03 05:36:35.414,Within SLA,2023-10-03 00:04:21.464,2,3.0,Custom software development,Tier 1,Austria,47.6964719,13.3457347,0.08497666666666667,26.37400388888889,False,False,False,Within SLA
Resolved,3236,Medium,Email,Bug report,2nd line support,Heather Urry,2023-10-03 01:21:20,2023-10-05 01:21:20,2023-10-03 02:21:20,2023-10-03 01:49:32.920,Within SLA,2023-10-04 08:40:49.878,Within SLA,,1,,Ready to use Software,Tier 2,Greece,39.368279,21.863141,0.4702555555555556,31.32496611111111,False,False,False,Within SLA
Closed,3237,Medium,Chat,Training request,1st line support,Sheela Cutten,2023-10-03 08:47:28,2023-10-04 08:47:28,2023-10-03 08:49:28,2023-10-03 08:50:32.764,SLA Violated,2023-10-04 08:40:20.230,Within SLA,2023-10-06 02:00:58.250,5,4.0,Training and Consulting Services,Tier 1,Poland,52.536273,19.050639,0.05132333333333334,23.881175,False,False,False,Within SLA
Resolved,3238,Low,Chat,Pricing and licensing,1st line support,Nicola Wane,2023-10-03 02:51:22,2023-10-04 02:51:22,2023-10-03 02:53:22,2023-10-03 02:53:08.374,Within SLA,2023-10-04 00:17:37.943,Within SLA,,8,,Custom software development,Tier 1,Italy,43.036776,12.678565,0.029548333333333333,21.437761944444443,False,False,False,Within SLA
Closed,3239,High,Email,Product setup,2nd line support,Heather Urry,2023-10-03 02:21:32,2023-10-05 02:21:32,2023-10-03 03:21:32,2023-10-03 02:38:44.157,Within SLA,2023-10-04 19:30:32.471,Within SLA,2023-10-06 08:48:12.058,1,3.0,Custom software development,Tier 2,Spain,39.67337,-4.767726,0.28671027777777774,41.15013083333333,False,False,False,Within SLA
Resolved,3240,Low,Chat,Feature request,2nd line support,Michele Whyatt,2023-10-03 22:55:49,2023-10-04 22:55:49,2023-10-03 22:57:49,2023-10-03 22:56:58.325,Within SLA,2023-10-07 15:01:05.068,SLA Violated,,2,,Other,Tier 2,United Kingdom,55.378052,-3.435973,0.019256944444444445,88.08779666666668,False,False,False,SLA Violated
In progress,3241,Medium,Email,Pricing and licensing,1st line support,Connor Danielovitch,2023-10-03 16:05:53,2023-10-05 16:05:53,2023-10-03 17:05:53,2023-10-03 16:53:53.421,Within SLA,,SLA Violated,,1,,Ready to use Software,Tier 1,Slovenia,46.1491664,14.9860106,0.8001169444444444,,False,False,True,
Closed,3242,High,Chat,Purchasing and invoicing,2nd line support,Heather Urry,2023-10-03 12:16:58,2023-10-04 12:16:58,2023-10-03 12:18:58,2023-10-03 12:18:21.917,Within SLA,2023-10-08 01:25:14.699,SLA Violated,2023-10-09 06:41:20.242,2,4.0,Ready to use Software,Tier 2,Poland,52.536273,19.050639,0.023310277777777777,109.13797194444444,False,False,False,SLA Violated
In progress,3243,Medium,Email,Product setup,2nd line support,Adolpho Messingham,2023-10-04 01:11:12,2023-10-06 01:11:12,2023-10-04 02:11:12,2023-10-04 01:17:30.182,Within SLA,,SLA Violated,,4,,Other,Tier 2,United Kingdom,55.378052,-3.435973,0.10505055555555556,,False,False,True,
Closed,3244,Low,Email,Product setup,1st line support,Kristos Westoll,2023-10-04 21:18:44,2023-10-06 21:18:44,2023-10-04 22:18:44,2023-10-04 22:10:39.919,Within SLA,2023-10-05 03:01:25.394,Within SLA,2023-10-06 05:18:13.184,9,2.0,Custom software development,Tier 1,Germany,51.165691,10.451526,0.8655330555555555,5.711498333333333,False,False,False,Within SLA
Closed,3245,High,Email,Other,1st line support,Connor Danielovitch,2023-10-04 03:45:47,2023-10-06 03:45:47,2023-10-04 04:45:47,2023-10-04 04:19:29.756,Within SLA,2023-10-05 13:18:38.232,Within SLA,2023-10-11 03:26:39.405,8,3.0,Ready to use Software,Tier 1,Greece,39.368279,21.863141,0.5618766666666667,33.54756444444445,False,False,False,Within SLA
Closed,3246,Low,Email,Product setup,1st line support,Bernard Beckley,2023-10-04 13:30:44,2023-10-06 13:30:44,2023-10-04 14:30:44,2023-10-04 14:12:43.077,Within SLA,2023-10-08 04:11:59.845,SLA Violated,2023-10-09 18:30:16.517,7,3.0,Ready to use Software,Tier 1,Czech Republic,49.8037633,15.4749126,0.6997436111111112,86.68773472222222,False,False,False,SLA Violated
Resolved,3247,Low,Chat,Product setup,2nd line support,Adolpho Messingham,2023-10-04 00:32:04,2023-10-05 00:32:04,2023-10-04 00:34:04,2023-10-04 00:33:57.349,Within SLA,2023-10-04 11:25:15.305,Within SLA,,2,,Custom software development,Tier 2,United Kingdom,55.378052,-3.435973,0.03148583333333333,10.88647361111111,False,False,False,Within SLA
Resolved,3248,Medium,Email,Product setup,1st line support,Nicola Wane,2023-10-04 07:03:44,2023-10-06 07:03:44,2023-10-04 08:03:44,2023-10-04 07:28:29.135,Within SLA,2023-10-04 15:51:43.446,Within SLA,,1,,Training and Consulting Services,Tier 1,Bulgaria,42.7249925,25.4833039,0.4125375,8.799846111111112,False,False,False,Within SLA
Resolved,3249,Medium,Email,Product setup,1st line support,Kristos Westoll,2023-10-04 09:31:24,2023-10-06 09:31:24,2023-10-04 10:31:24,2023-10-04 09:48:32.991,Within SLA,2023-10-05 22:59:17.737,Within SLA,,10,,Ready to use Software,Tier 1,Spain,39.67337,-4.767726,0.2858308333333333,37.46492694444444,False,False,False,Within SLA
In progress,3250,Low,Email,Product setup,1st line support,Nicola Wane,2023-10-05 05:10:40,2023-10-07 05:10:40,2023-10-05 06:10:40,2023-10-05 05:41:14.126,Within SLA,,SLA Violated,,1,,Training and Consulting Services,Tier 1,United Kingdom,55.378052,-3.435973,0.5094794444444445,,False,False,True,
Resolved,3251,High,Phone,Other,1st line support,Bernard Beckley,2023-10-05 16:45:56,2023-10-07 16:45:56,2023-10-05 16:47:56,2023-10-05 16:47:09.330,Within SLA,2023-10-06 07:56:17.783,Within SLA,,3,,Other,Tier 1,Poland,52.536273,19.050639,0.020369444444444443,15.172717500000001,False,False,False,Within SLA
Closed,3252,High,Email,Product setup,1st line support,Connor Danielovitch,2023-10-05 04:06:05,2023-10-07 04:06:05,2023-10-05 05:06:05,2023-10-05 04:19:47.820,Within SLA,2023-10-10 13:03:56.932,SLA Violated,2023-10-11 20:10:44.366,4,5.0,Ready to use Software,Tier 1,Poland,52.536273,19.050639,0.22856111111111113,128.96442555555555,False,False,False,SLA Violated
Closed,3253,Low,Email,Pricing and licensing,1st line support,Kristos Westoll,2023-10-05 12:30:40,2023-10-07 12:30:40,2023-10-05 13:30:40,2023-10-05 12:59:34.199,Within SLA,2023-10-06 04:48:43.989,Within SLA,2023-10-09 19:50:28.012,6,4.0,Ready to use Software,Tier 1,Slovenia,46.1491664,14.9860106,0.48172194444444444,16.301108055555556,False,False,False,Within SLA
Resolved,3254,High,Email,Feature request,1st line support,Sheela Cutten,2023-10-05 21:48:09,2023-10-07 21:48:09,2023-10-05 22:48:09,2023-10-05 22:32:03.601,Within SLA,2023-10-07 07:49:16.706,Within SLA,,3,,Ready to use Software,Tier 1,France,48.864716,2.349014,0.7318336111111111,34.01880722222222,False,False,False,Within SLA
In progress,3255,Low,Email,Pricing and licensing,2nd line support,Adolpho Messingham,2023-10-05 06:04:33,2023-10-07 06:04:33,2023-10-05 07:04:33,2023-10-05 06:16:40.976,Within SLA,,SLA Violated,,1,,Ready to use Software,Tier 2,Italy,43.036776,12.678565,0.20221555555555557,,False,False,True,
Closed,3256,Low,Chat,Training request,1st line support,Kristos Westoll,2023-10-05 06:44:05,2023-10-06 06:44:05,2023-10-05 06:46:05,2023-10-05 06:45:27.303,Within SLA,2023-10-09 18:23:04.320,SLA Violated,2023-10-09 19:19:23.343,6,4.0,Training and Consulting Services,Tier 1,Austria,47.6964719,13.3457347,0.022861944444444445,107.64981111111112,False,False,False,SLA Violated
Resolved,3257,Medium,Email,Feature request,2nd line support,Michele Whyatt,2023-10-06 03:18:41,2023-10-08 03:18:41,2023-10-06 04:18:41,2023-10-06 03:38:39.252,Within SLA,2023-10-06 08:11:06.678,Within SLA,,1,,Other,Tier 2,United Kingdom,55.378052,-3.435973,0.33284777777777774,4.873799444444445,False,False,False,Within SLA
Closed,3258,Low,Phone,Pricing and licensing,2nd line support,Michele Whyatt,2023-10-06 08:01:52,2023-10-08 08:01:52,2023-10-06 08:03:52,2023-10-06 08:03:15.052,Within SLA,2023-10-07 00:10:29.465,Within SLA,2023-10-10 15:30:17.957,2,3.0,Ready to use Software,Tier 2,Italy,43.036776,12.678565,0.02307,16.143740277777777,False,False,False,Within SLA
Closed,3259,Medium,Email,Pricing and licensing,1st line support,Nicola Wane,2023-10-06 21:17:46,2023-10-08 21:17:46,2023-10-06 22:17:46,2023-10-06 21:24:07.238,Within SLA,2023-10-08 19:30:53.770,Within SLA,2023-10-08 12:02:33.630,9,2.0,Custom software development,Tier 1,Spain,39.67337,-4.767726,0.10589944444444445,46.218824999999995,False,False,False,Within SLA
In progress,3260,Medium,Chat,Training request,1st line support,Sheela Cutten,2023-10-06 14:38:41,2023-10-07 14:38:41,2023-10-06 14:40:41,2023-10-06 14:39:33.142,Within SLA,,SLA Violated,,5,,Training and Consulting Services,Tier 1,United Kingdom,55.378052,-3.435973,0.01448388888888889,,False,False,True,
Closed,3261,Low,Chat,Feature request,1st line support,Nicola Wane,2023-10-06 07:23:29,2023-10-07 07:23:29,2023-10-06 07:25:29,2023-10-06 07:24:38.611,Within SLA,2023-10-06 16:18:49.543,Within SLA,2023-10-08 14:48:03.590,6,3.0,Custom software development,Tier 1,Italy,43.036776,12.678565,0.01933638888888889,8.922373055555555,False,False,False,Within SLA
Resolved,3262,Low,Phone,Product setup,1st line support,Bernard Beckley,2023-10-06 05:55:08,2023-10-08 05:55:08,2023-10-06 05:57:08,2023-10-06 05:56:29.156,Within SLA,2023-10-07 18:51:07.295,Within SLA,,5,,Ready to use Software,Tier 1,Czech Republic,49.8037633,15.4749126,0.022543333333333335,36.9331375,False,False,False,Within SLA
Closed,3263,Medium,Email,Product setup,1st line support,Sheela Cutten,2023-10-06 03:10:41,2023-10-08 03:10:41,2023-10-06 04:10:41,2023-10-06 03:24:29.525,Within SLA,2023-10-10 17:56:55.934,SLA Violated,2023-10-12 16:56:56.245,2,3.0,Custom software development,Tier 1,Italy,43.036776,12.678565,0.23014583333333333,110.770815,False,False,False,SLA Violated
Closed,3264,Medium,Chat,Feature request,1st line support,Connor Danielovitch,2023-10-06 00:29:50,2023-10-07 00:29:50,2023-10-06 00:31:50,2023-10-06 00:33:25.532,SLA Violated,2023-10-10 19:34:09.880,SLA Violated,2023-10-11 05:44:39.260,6,3.0,Ready to use Software,Tier 1,Spain,39.67337,-4.767726,0.05987,115.07218888888889,False,False,False,SLA Violated
Closed,3265,Low,Email,Product setup,2nd line support,Adolpho Messingham,2023-10-06 23:57:46,2023-10-08 23:57:46,2023-10-07 00:57:46,2023-10-07 00:55:57.347,Within SLA,2023-10-08 17:05:11.647,Within SLA,2023-10-11 14:09:37.376,1,2.0,Training and Consulting Services,Tier 2,Germany,51.165691,10.451526,0.9698186111111111,41.12379083333333,False,False,False,Within SLA
Resolved,3266,Medium,Email,Bug report,2nd line support,Heather Urry,2023-10-06 18:47:37,2023-10-08 18:47:37,2023-10-06 19:47:37,2023-10-06 23:07:41.264,SLA Violated,2023-10-07 19:24:33.711,Within SLA,,1,,Other,Tier 2,Republic of Ireland,53.094024,-8.019675,4.334517777777777,24.615753055555555,False,False,False,Within SLA
Resolved,3267,Low,Chat,Product setup,1st line support,Bernard Beckley,2023-10-07 17:08:31,2023-10-08 17:08:31,2023-10-07 17:10:31,2023-10-07 17:09:32.834,Within SLA,2023-10-08 02:27:11.519,Within SLA,,7,,Custom software development,Tier 1,Poland,52.536273,19.050639,0.01717611111111111,9.311255277777779,False,False,False,Within SLA
Closed,3269,Low,Chat,Product setup,2nd line support,Michele Whyatt,2023-10-07 06:00:57,2023-10-08 06:00:57,2023-10-07 06:02:57,2023-10-07 06:02:53.270,Within SLA,2023-10-07 11:02:55.148,Within SLA,2023-10-09 00:28:44.482,9,1.0,Ready to use Software,Tier 2,Greece,39.368279,21.863141,0.03229722222222222,5.032818888888889,False,False,False,Within SLA
In progress,3271,Low,Email,Purchasing and invoicing,1st line support,Sheela Cutten,2023-10-07 03:30:54,2023-10-09 03:30:54,2023-10-07 04:30:54,2023-10-07 04:00:32.757,Within SLA,,SLA Violated,,1,,Custom software development,Tier 1,Italy,43.036776,12.678565,0.4940991666666667,,False,False,True,
Closed,3272,Medium,Chat,Other,1st line support,Kristos Westoll,2023-10-07 16:37:00,2023-10-08 16:37:00,2023-10-07 16:39:00,2023-10-07 16:37:33.540,Within SLA,2023-10-09 02:48:55.600,SLA Violated,2023-10-10 12:44:57.452,2,4.0,Custom software development,Tier 1,Austria,47.6964719,13.3457347,0.009316666666666666,34.19877777777778,False,False,False,SLA Violated
Closed,3279,Low,Chat,Bug report,2nd line support,Michele Whyatt,2023-10-08 09:20:28,2023-10-09 09:20:28,2023-10-08 09:22:28,2023-10-08 09:20:39.053,Within SLA,2023-10-08 22:05:13.097,Within SLA,2023-10-14 08:40:28.404,5,5.0,Training and Consulting Services,Tier 2,Spain,39.67337,-4.767726,0.003070277777777778,12.745860277777778,False,False,False,Within SLA
Closed,3281,Low,Chat,Product setup,2nd line support,Adolpho Messingham,2023-10-09 07:02:33,2023-10-10 07:02:33,2023-10-09 07:04:33,2023-10-09 07:03:12.335,Within SLA,2023-10-13 06:13:42.813,SLA Violated,2023-10-14 23:42:07.931,4,5.0,Ready to use Software,Tier 2,Greece,39.368279,21.863141,0.010926388888888888,95.18605916666667,False,False,False,SLA Violated
Closed,3282,Medium,Email,Bug report,1st line support,Nicola Wane,2023-10-09 15:02:45,2023-10-11 15:02:45,2023-10-09 16:02:45,2023-10-09 15:38:42.135,Within SLA,2023-10-09 15:25:26.915,Within SLA,2023-10-11 08:15:42.236,6,5.0,Ready to use Software,Tier 1,Czech Republic,49.8037633,15.4749126,0.5992041666666668,0.3783097222222222,False,False,False,Within SLA
Resolved,3283,High,Email,Product setup,1st line support,Bernard Beckley,2023-10-09 07:10:47,2023-10-11 07:10:47,2023-10-09 08:10:47,2023-10-09 07:41:54.318,Within SLA,2023-10-10 23:24:23.748,Within SLA,,4,,Other,Tier 1,Italy,43.036776,12.678565,0.5186994444444445,40.22687444444444,False,False,False,Within SLA
Closed,3284,High,Chat,Bug report,1st line support,Connor Danielovitch,2023-10-09 04:28:25,2023-10-10 04:28:25,2023-10-09 04:30:25,2023-10-09 04:30:16.066,Within SLA,2023-10-12 00:56:43.041,SLA Violated,2023-10-13 06:51:40.462,9,5.0,Training and Consulting Services,Tier 1,Italy,43.036776,12.678565,0.030851666666666666,68.47167805555556,False,False,False,SLA Violated
Closed,3285,Low,Email,Pricing and licensing,1st line support,Kristos Westoll,2023-10-09 18:03:15,2023-10-11 18:03:15,2023-10-09 19:03:15,2023-10-09 18:29:02.628,Within SLA,2023-10-10 15:01:07.208,Within SLA,2023-10-12 21:45:18.778,4,5.0,Other,Tier 1,Italy,43.036776,12.678565,0.42989666666666665,20.964502222222222,False,False,False,Within SLA
Closed,3286,Low,Chat,Purchasing and invoicing,1st line support,Connor Danielovitch,2023-10-09 07:04:52,2023-10-10 07:04:52,2023-10-09 07:06:52,2023-10-09 07:06:05.470,Within SLA,2023-10-09 18:53:30.064,Within SLA,2023-10-13 05:56:12.136,6,3.0,Ready to use Software,Tier 1,United Kingdom,55.378052,-3.435973,0.020408333333333334,11.810573333333332,False,False,False,Within SLA
Closed,3287,Medium,Email,Feature request,1st line support,Kristos Westoll,2023-10-09 06:15:04,2023-10-11 06:15:04,2023-10-09 07:15:04,2023-10-09 06:22:13.245,Within SLA,2023-10-14 22:20:32.880,SLA Violated,2023-10-15 08:20:41.029,8,5.0,Ready to use Software,Tier 1,Spain,39.67337,-4.767726,0.11923472222222223,136.09135555555557,False,False,False,SLA Violated
Resolved,3288,Medium,Email,Pricing and licensing,1st line support,Connor Danielovitch,2023-10-09 15:56:53,2023-10-11 15:56:53,2023-10-09 16:56:53,2023-10-09 16:10:56.606,Within SLA,2023-10-10 09:58:54.275,Within SLA,,1,,Custom software development,Tier 1,United Kingdom,55.378052,-3.435973,0.234335,18.0336875,False,False,False,Within SLA
Closed,3290,Medium,Phone,Bug report,1st line support,Nicola Wane,2023-10-10 01:54:53,2023-10-12 01:54:53,2023-10-10 01:56:53,2023-10-10 01:56:51.995,Within SLA,2023-10-11 12:47:09.417,Within SLA,2023-10-16 02:07:26.459,1,5.0,Ready to use Software,Tier 1,Czech Republic,49.8037633,15.4749126,0.03305416666666667,34.871226944444444,False,False,False,Within SLA
Resolved,3291,Medium,Email,Purchasing and invoicing,1st line support,Connor Danielovitch,2023-10-10 07:14:04,2023-10-12 07:14:04,2023-10-10 08:14:04,2023-10-10 08:07:36.286,Within SLA,2023-10-12 03:20:48.192,Within SLA,,1,,Ready to use Software,Tier 1,Bulgaria,42.7249925,25.4833039,0.8923016666666667,44.112275555555556,False,False,False,Within SLA
Closed,3292,Low,Email,Feature request,1st line support,Sheela Cutten,2023-10-10 16:12:48,2023-10-12 16:12:48,2023-10-10 17:12:48,2023-10-10 16:40:38.149,Within SLA,2023-10-14 00:09:34.934,SLA Violated,2023-10-15 20:05:11.138,3,4.0,Other,Tier 1,United Kingdom,55.378052,-3.435973,0.46393027777777773,79.94637055555556,False,False,False,SLA Violated
Resolved,3293,Medium,Chat,Product setup,1st line support,Nicola Wane,2023-10-10 07:50:07,2023-10-11 07:50:07,2023-10-10 07:52:07,2023-10-10 07:55:58.042,SLA Violated,2023-10-13 14:09:32.804,SLA Violated,,7,,Ready to use Software,Tier 1,Czech Republic,49.8037633,15.4749126,0.09751166666666666,78.32383444444444,False,False,False,SLA Violated
Resolved,3294,Medium,Chat,Feature request,1st line support,Bernard Beckley,2023-10-10 15:50:53,2023-10-11 15:50:53,2023-10-10 15:52:53,2023-10-10 15:52:41.734,Within SLA,2023-10-10 19:38:24.518,Within SLA,,6,,Ready to use Software,Tier 1,Poland,52.536273,19.050639,0.030203888888888888,3.7920883333333335,False,False,False,Within SLA
Resolved,3295,Medium,Chat,Feature request,2nd line support,Michele Whyatt,2023-10-11 13:40:00,2023-10-12 13:40:00,2023-10-11 13:42:00,2023-10-11 13:41:52.471,Within SLA,2023-10-11 18:55:49.699,Within SLA,,5,,Custom software development,Tier 2,Italy,43.036776,12.678565,0.031241944444444447,5.263805277777778,False,False,False,Within SLA
Resolved,3296,Low,Chat,Product setup,1st line support,Connor Danielovitch,2023-10-11 17:19:03,2023-10-12 17:19:03,2023-10-11 17:21:03,2023-10-11 17:19:16.105,Within SLA,2023-10-12 10:35:28.030,Within SLA,,7,,Other,Tier 1,Spain,39.67337,-4.767726,0.003640277777777778,17.273619444444446,False,False,False,Within SLA
Resolved,3297,Low,Email,Product setup,2nd line support,Michele Whyatt,2023-10-11 08:14:02,2023-10-13 08:14:02,2023-10-11 09:14:02,2023-10-11 09:12:06.779,Within SLA,2023-10-12 21:41:02.125,Within SLA,,10,,Other,Tier 2,Slovenia,46.1491664,14.9860106,0.9679941666666667,37.45003472222222,False,False,False,Within SLA
Closed,3298,Low,Email,Feature request,2nd line support,Michele Whyatt,2023-10-11 10:04:30,2023-10-13 10:04:30,2023-10-11 11:04:30,2023-10-11 10:07:36.896,Within SLA,2023-10-12 14:47:22.753,Within SLA,2023-10-15 14:21:58.805,5,3.0,Ready to use Software,Tier 2,Austria,47.6964719,13.3457347,0.051915555555555555,28.71465361111111,False,False,False,Within SLA
Closed,3299,Low,Email,Pricing and licensing,1st line support,Kristos Westoll,2023-10-11 08:09:16,2023-10-13 08:09:16,2023-10-11 09:09:16,2023-10-11 08:25:58.123,Within SLA,2023-10-15 20:41:09.558,SLA Violated,2023-10-17 15:53:04.678,3,5.0,Custom software development,Tier 1,United Kingdom,55.378052,-3.435973,0.2783675,108.53154388888889,False,False,False,SLA Violated
Closed,3300,Low,Chat,Pricing and licensing,1st line support,Nicola Wane,2023-10-11 17:24:55,2023-10-12 17:24:55,2023-10-11 17:26:55,2023-10-11 17:26:27.867,Within SLA,2023-10-11 20:26:57.728,Within SLA,2023-10-13 03:14:30.276,6,3.0,Custom software development,Tier 1,Spain,39.67337,-4.767726,0.02579638888888889,3.034091111111111,False,False,False,Within SLA
In progress,3301,High,Phone,Feature request,1st line support,Kristos Westoll,2023-10-11 01:12:43,2023-10-13 01:12:43,2023-10-11 01:14:43,2023-10-11 01:14:12.659,Within SLA,,SLA Violated,,1,,Ready to use Software,Tier 1,Germany,51.165691,10.451526,0.02490527777777778,,False,False,True,
Closed,3302,Low,Chat,Product setup,1st line support,Nicola Wane,2023-10-11 05:25:30,2023-10-12 05:25:30,2023-10-11 05:27:30,2023-10-11 05:27:26.936,Within SLA,2023-10-11 13:18:52.657,Within SLA,2023-10-13 20:46:34.467,8,4.0,Custom software development,Tier 1,Italy,43.036776,12.678565,0.032482222222222225,7.889626944444444,False,False,False,Within SLA
Closed,3303,Medium,Chat,Pricing and licensing,1st line support,Connor Danielovitch,2023-10-12 15:08:18,2023-10-13 15:08:18,2023-10-12 15:10:18,2023-10-12 15:08:55.288,Within SLA,2023-10-13 07:27:09.723,Within SLA,2023-10-13 19:35:34.499,6,3.0,Other,Tier 1,Poland,52.536273,19.050639,0.010357777777777777,16.3143675,False,False,False,Within SLA
Resolved,3304,Low,Chat,Other,2nd line support,Michele Whyatt,2023-10-12 04:25:20,2023-10-13 04:25:20,2023-10-12 04:27:20,2023-10-12 04:26:47.418,Within SLA,2023-10-12 12:55:18.284,Within SLA,,4,,Training and Consulting Services,Tier 2,Republic of Ireland,53.094024,-8.019675,0.024282777777777778,8.499523333333332,False,False,False,Within SLA
Resolved,3305,Low,Chat,Product setup,1st line support,Nicola Wane,2023-10-12 12:33:45,2023-10-13 12:33:45,2023-10-12 12:35:45,2023-10-12 12:35:37.505,Within SLA,2023-10-14 05:29:04.902,SLA Violated,,8,,Ready to use Software,Tier 1,Poland,52.536273,19.050639,0.03125138888888889,40.922195,False,False,False,SLA Violated
Closed,3306,Medium,Email,Pricing and licensing,1st line support,Nicola Wane,2023-10-12 15:03:01,2023-10-14 15:03:01,2023-10-12 16:03:01,2023-10-12 15:27:46.995,Within SLA,2023-10-14 14:11:07.059,Within SLA,2023-10-15 09:22:54.272,2,4.0,Custom software development,Tier 1,Italy,43.036776,12.678565,0.41277638888888885,47.13501638888889,False,False,False,Within SLA
In progress,3307,Low,Email,Pricing and licensing,1st line support,Sheela Cutten,2023-10-12 19:25:20,2023-10-14 19:25:20,2023-10-12 20:25:20,2023-10-12 19:35:32.157,Within SLA,,SLA Violated,,1,,Ready to use Software,Tier 1,Italy,43.036776,12.678565,0.17004361111111113,,False,False,True,
Closed,3308,Low,Chat,Pricing and licensing,1st line support,Bernard Beckley,2023-10-12 19:02:17,2023-10-13 19:02:17,2023-10-12 19:04:17,2023-10-12 19:04:00.787,Within SLA,2023-10-13 14:04:52.532,Within SLA,2023-10-14 13:43:37.589,5,2.0,Custom software development,Tier 1,United Kingdom,55.378052,-3.435973,0.028829722222222225,19.043203333333334,False,False,False,Within SLA
Closed,3309,Low,Email,Other,2nd line support,Adolpho Messingham,2023-10-12 12:47:43,2023-10-14 12:47:43,2023-10-12 13:47:43,2023-10-12 13:10:13.856,Within SLA,2023-10-14 02:09:27.014,Within SLA,2023-10-17 12:48:40.680,9,1.0,Ready to use Software,Tier 2,Austria,47.6964719,13.3457347,0.3752377777777778,37.36222611111111,False,False,False,Within SLA
Closed,3310,Medium,Email,Product setup,1st line support,Nicola Wane,2023-10-12 18:46:46,2023-10-14 18:46:46,2023-10-12 19:46:46,2023-10-12 19:31:01.014,Within SLA,2023-10-13 03:24:20.466,Within SLA,2023-10-15 12:42:43.348,1,3.0,Training and Consulting Services,Tier 1,Italy,43.036776,12.678565,0.737503888888889,8.626240555555556,False,False,False,Within SLA
In progress,3311,Low,Chat,Product setup,1st line support,Bernard Beckley,2023-10-13 16:13:18,2023-10-14 16:13:18,2023-10-13 16:15:18,2023-10-13 16:14:39.068,Within SLA,,SLA Violated,,2,,Other,Tier 1,France,48.864716,2.349014,0.022518888888888887,,False,False,True,
Closed,3312,Low,Phone,Bug report,1st line support,Kristos Westoll,2023-10-13 22:23:31,2023-10-15 22:23:31,2023-10-13 22:25:31,2023-10-13 22:24:01.226,Within SLA,2023-10-15 20:41:24.967,Within SLA,2023-10-16 21:03:00.461,3,5.0,Custom software development,Tier 1,Republic of Ireland,53.094024,-8.019675,0.008396111111111111,46.29832416666667,False,False,False,Within SLA
In progress,3313,Medium,Chat,Purchasing and invoicing,1st line support,Connor Danielovitch,2023-10-13 12:25:20,2023-10-14 12:25:20,2023-10-13 12:27:20,2023-10-13 12:26:46.089,Within SLA,,SLA Violated,,6,,Other,Tier 1,Bulgaria,42.7249925,25.4833039,0.02391361111111111,,False,False,True,
Closed,3314,Medium,Email,Bug report,1st line support,Kristos Westoll,2023-10-13 17:04:50,2023-10-15 17:04:50,2023-10-13 18:04:50,2023-10-13 17:41:12.090,Within SLA,2023-10-16 03:26:44.739,SLA Violated,2023-10-17 09:01:52.130,3,5.0,Custom software development,Tier 1,Slovenia,46.1491664,14.9860106,0.6061361111111111,58.365205277777775,False,False,False,SLA Violated
Resolved,3315,Medium,Chat,Feature request,2nd line support,Adolpho Messingham,2023-10-14 19:17:47,2023-10-15 19:17:47,2023-10-14 19:19:47,2023-10-14 19:23:38.127,SLA Violated,2023-10-20 13:19:30.615,SLA Violated,,7,,Ready to use Software,Tier 2,France,48.864716,2.349014,0.09753527777777778,138.02878194444443,False,False,False,SLA Violated
Closed,3316,Medium,Email,Feature request,1st line support,Sheela Cutten,2023-10-14 13:17:57,2023-10-16 13:17:57,2023-10-14 14:17:57,2023-10-14 13:52:20.141,Within SLA,2023-10-14 16:38:18.812,Within SLA,2023-10-17 00:54:26.957,1,2.0,Custom software development,Tier 1,Republic of Ireland,53.094024,-8.019675,0.5730947222222222,3.339392222222222,False,False,False,Within SLA
In progress,3317,Low,Email,Pricing and licensing,1st line support,Nicola Wane,2023-10-14 19:40:35,2023-10-16 19:40:35,2023-10-14 20:40:35,2023-10-14 20:12:54.159,Within SLA,,SLA Violated,,2,,Ready to use Software,Tier 1,France,48.864716,2.349014,0.5386552777777778,,False,False,True,
Resolved,3318,Low,Chat,Pricing and licensing,1st line support,Connor Danielovitch,2023-10-14 15:22:51,2023-10-15 15:22:51,2023-10-14 15:24:51,2023-10-14 15:23:45.358,Within SLA,2023-10-15 09:47:48.536,Within SLA,,5,,Ready to use Software,Tier 1,Spain,39.67337,-4.767726,0.015099444444444443,18.41598222222222,False,False,False,Within SLA
Closed,3319,Medium,Chat,Pricing and licensing,1st line support,Kristos Westoll,2023-10-14 07:59:49,2023-10-15 07:59:49,2023-10-14 08:01:49,2023-10-14 08:01:21.769,Within SLA,2023-10-17 20:41:22.185,SLA Violated,2023-10-17 21:28:17.092,2,2.0,Custom software development,Tier 1,Germany,51.165691,10.451526,0.02576916666666667,84.69255138888889,False,False,False,SLA Violated
Resolved,3331,Medium,Email,Purchasing and invoicing,1st line support,Nicola Wane,2023-10-16 09:32:25,2023-10-18 09:32:25,2023-10-16 10:32:25,2023-10-16 10:11:30.395,Within SLA,2023-10-17 01:05:13.167,Within SLA,,2,,Ready to use Software,Tier 1,Poland,52.536273,19.050639,0.6514986111111111,15.546713055555555,False,False,False,Within SLA
In progress,3332,Medium,Email,Feature request,1st line support,Sheela Cutten,2023-10-16 14:25:07,2023-10-18 14:25:07,2023-10-16 15:25:07,2023-10-16 14:42:19.828,Within SLA,,SLA Violated,,1,,Other,Tier 1,Italy,43.036776,12.678565,0.28689666666666663,,False,False,True,
In progress,3333,Low,Phone,Product setup,1st line support,Connor Danielovitch,2023-10-16 14:14:49,2023-10-18 14:14:49,2023-10-16 14:16:49,2023-10-16 14:16:19.422,Within SLA,,SLA Violated,,2,,Ready to use Software,Tier 1,Italy,43.036776,12.678565,0.02511722222222222,,False,False,True,
In progress,3334,Low,Email,Pricing and licensing,1st line support,Bernard Beckley,2023-10-16 12:38:37,2023-10-18 12:38:37,2023-10-16 13:38:37,2023-10-16 13:11:14.076,Within SLA,,SLA Violated,,9,,Ready to use Software,Tier 1,Slovenia,46.1491664,14.9860106,0.5436322222222222,,False,False,True,
Resolved,3335,Low,Email,Bug report,1st line support,Nicola Wane,2023-10-16 22:24:26,2023-10-18 22:24:26,2023-10-16 23:24:26,2023-10-16 22:51:50.309,Within SLA,2023-10-18 20:58:32.353,Within SLA,,2,,Ready to use Software,Tier 1,Italy,43.036776,12.678565,0.4567525,46.56843138888889,False,False,False,Within SLA
Resolved,3336,Medium,Chat,Bug report,1st line support,Connor Danielovitch,2023-10-16 04:17:14,2023-10-17 04:17:14,2023-10-16 04:19:14,2023-10-16 04:17:39.048,Within SLA,2023-10-16 08:00:46.567,Within SLA,,5,,Ready to use Software,Tier 1,Germany,51.165691,10.451526,0.006957777777777777,3.725713055555555,False,False,False,Within SLA
Resolved,3337,Low,Chat,Bug report,1st line support,Sheela Cutten,2023-10-16 13:54:00,2023-10-17 13:54:00,2023-10-16 13:56:00,2023-10-16 13:54:23.592,Within SLA,2023-10-21 02:00:55.181,SLA Violated,,2,,Training and Consulting Services,Tier 1,France,48.864716,2.349014,0.006553333333333333,108.11532805555555,False,False,False,SLA Violated
Closed,3338,High,Chat,Purchasing and invoicing,1st line support,Bernard Beckley,2023-10-16 18:14:13,2023-10-17 18:14:13,2023-10-16 18:16:13,2023-10-16 18:15:28.073,Within SLA,2023-10-17 12:29:16.364,Within SLA,2023-10-18 21:58:03.498,5,3.0,Custom software development,Tier 1,Austria,47.6964719,13.3457347,0.02085361111111111,18.250934444444447,False,False,False,Within SLA
Resolved,3339,Low,Email,Pricing and licensing,2nd line support,Heather Urry,2023-10-16 19:22:47,2023-10-18 19:22:47,2023-10-16 20:22:47,2023-10-16 20:08:05.722,Within SLA,2023-10-17 08:40:55.559,Within SLA,,3,,Custom software development,Tier 2,Poland,52.536273,19.050639,0.7552005555555557,13.3023775,False,False,False,Within SLA
Resolved,3340,Medium,Chat,Purchasing and invoicing,1st line support,Nicola Wane,2023-10-16 00:12:58,2023-10-17 00:12:58,2023-10-16 00:14:58,2023-10-16 00:17:25.487,SLA Violated,2023-10-16 20:04:44.091,Within SLA,,6,,Custom software development,Tier 1,Italy,43.036776,12.678565,0.07430194444444445,19.862803055555556,False,False,False,Within SLA
Closed,3341,Medium,Email,Pricing and licensing,1st line support,Kristos Westoll,2023-10-16 00:32:59,2023-10-18 00:32:59,2023-10-16 01:32:59,2023-10-16 01:30:34.655,Within SLA,2023-10-17 16:43:40.914,Within SLA,2023-10-16 16:03:26.601,8,2.0,Other,Tier 1,Spain,39.67337,-4.767726,0.9599041666666667,40.178309444444444,False,False,False,Within SLA
Closed,3342,High,Email,Purchasing and invoicing,1st line support,Sheela Cutten,2023-10-16 00:49:10,2023-10-18 00:49:10,2023-10-16 01:49:10,2023-10-16 01:10:53.381,Within SLA,2023-10-17 20:34:46.270,Within SLA,2023-10-20 22:18:13.497,3,4.0,Training and Consulting Services,Tier 1,Republic of Ireland,53.094024,-8.019675,0.3620502777777778,43.760075,False,False,False,Within SLA
Resolved,3343,High,Email,Pricing and licensing,1st line support,Bernard Beckley,2023-10-17 00:10:03,2023-10-19 00:10:03,2023-10-17 01:10:03,2023-10-17 00:44:55.352,Within SLA,2023-10-17 06:02:52.774,Within SLA,,7,,Ready to use Software,Tier 1,United Kingdom,55.378052,-3.435973,0.5812088888888889,5.8804927777777785,False,False,False,Within SLA
Closed,3344,Low,Chat,Pricing and licensing,1st line support,Connor Danielovitch,2023-10-17 21:43:36,2023-10-18 21:43:36,2023-10-17 21:45:36,2023-10-17 21:43:37.691,Within SLA,2023-10-20 06:08:05.792,SLA Violated,2023-10-21 01:20:40.179,7,5.0,Ready to use Software,Tier 1,Germany,51.165691,10.451526,0.00046972222222222223,56.408275555555555,False,False,False,SLA Violated
Closed,3345,Low,Email,Bug report,1st line support,Nicola Wane,2023-10-17 08:26:50,2023-10-19 08:26:50,2023-10-17 09:26:50,2023-10-17 09:25:11.118,Within SLA,2023-10-18 10:56:04.886,Within SLA,2023-10-19 19:11:17.232,3,5.0,Ready to use Software,Tier 1,Italy,43.036776,12.678565,0.9725327777777778,26.487468333333332,False,False,False,Within SLA
Resolved,3346,Low,Email,Other,1st line support,Connor Danielovitch,2023-10-17 11:44:38,2023-10-19 11:44:38,2023-10-17 12:44:38,2023-10-17 12:00:15.224,Within SLA,2023-10-19 01:09:11.796,Within SLA,,1,,Custom software development,Tier 1,Spain,39.67337,-4.767726,0.26034,37.40938777777778,False,False,False,Within SLA
Resolved,3347,Low,Email,Bug report,1st line support,Nicola Wane,2023-10-17 20:29:49,2023-10-19 20:29:49,2023-10-17 21:29:49,2023-10-17 21:26:40.412,Within SLA,2023-10-18 04:12:09.071,Within SLA,,2,,Training and Consulting Services,Tier 1,Germany,51.165691,10.451526,0.9476144444444444,7.705575277777778,False,False,False,Within SLA
Closed,3348,Low,Email,Training request,2nd line support,Michele Whyatt,2023-10-17 06:00:33,2023-10-19 06:00:33,2023-10-17 07:00:33,2023-10-17 12:47:01.005,SLA Violated,2023-10-21 15:58:32.252,SLA Violated,2023-10-21 20:13:56.216,1,4.0,Training and Consulting Services,Tier 2,Czech Republic,49.8037633,15.4749126,6.774445833333334,105.96645888888888,False,False,False,SLA Violated
Resolved,3349,Low,Email,Pricing and licensing,1st line support,Connor Danielovitch,2023-10-18 08:08:28,2023-10-20 08:08:28,2023-10-18 09:08:28,2023-10-18 08:51:54.292,Within SLA,2023-10-22 05:48:06.024,SLA Violated,,7,,Ready to use Software,Tier 1,Republic of Ireland,53.094024,-8.019675,0.72397,93.66056222222221,False,False,False,SLA Violated
Resolved,3350,Low,Phone,Other,1st line support,Bernard Beckley,2023-10-18 10:05:07,2023-10-20 10:05:07,2023-10-18 10:07:07,2023-10-18 10:05:44.559,Within SLA,2023-10-22 08:14:45.725,SLA Violated,,1,,Ready to use Software,Tier 1,United Kingdom,55.378052,-3.435973,0.010433055555555555,94.16075694444444,False,False,False,SLA Violated
In progress,3351,Low,Chat,Product setup,1st line support,Sheela Cutten,2023-10-18 21:51:40,2023-10-19 21:51:40,2023-10-18 21:53:40,2023-10-18 21:53:19.915,Within SLA,,SLA Violated,,6,,Ready to use Software,Tier 1,Poland,52.536273,19.050639,0.02775416666666667,,False,False,True,
Resolved,3352,Low,Chat,Pricing and licensing,1st line support,Kristos Westoll,2023-10-18 05:39:02,2023-10-19 05:39:02,2023-10-18 05:41:02,2023-10-18 05:39:13.281,Within SLA,2023-10-18 17:50:54.689,Within SLA,,6,,Custom software development,Tier 1,Republic of Ireland,53.094024,-8.019675,0.0031336111111111113,12.197969166666667,False,False,False,Within SLA
Closed,3353,Medium,Email,Product setup,1st line support,Sheela Cutten,2023-10-18 15:35:58,2023-10-20 15:35:58,2023-10-18 16:35:58,2023-10-18 16:28:27.768,Within SLA,2023-10-19 06:56:50.372,Within SLA,2023-10-23 23:29:18.791,4,2.0,Custom software development,Tier 1,Czech Republic,49.8037633,15.4749126,0.8749355555555556,15.347881111111112,False,False,False,Within SLA
Closed,3354,Low,Phone,Purchasing and invoicing,1st line support,Bernard Beckley,2023-10-18 17:52:22,2023-10-20 17:52:22,2023-10-18 17:54:22,2023-10-18 17:55:09.692,SLA Violated,2023-10-23 00:32:16.033,SLA Violated,2023-10-24 05:46:54.220,2,2.0,Custom software development,Tier 1,Czech Republic,49.8037633,15.4749126,0.046581111111111115,102.66500916666666,False,False,False,SLA Violated
Resolved,3355,Medium,Chat,Other,2nd line support,Adolpho Messingham,2023-10-18 02:49:03,2023-10-19 02:49:03,2023-10-18 02:51:03,2023-10-18 02:49:05.577,Within SLA,2023-10-18 15:47:01.863,Within SLA,,2,,Ready to use Software,Tier 2,United Kingdom,55.378052,-3.435973,0.0007158333333333333,12.966350833333333,False,False,False,Within SLA
Closed,3356,Medium,Email,Product setup,1st line support,Kristos Westoll,2023-10-18 20:38:28,2023-10-20 20:38:28,2023-10-18 21:38:28,2023-10-18 21:20:24.367,Within SLA,2023-10-19 11:56:08.660,Within SLA,2023-10-21 15:36:56.774,2,2.0,Training and Consulting Services,Tier 1,Poland,52.536273,19.050639,0.6989908333333333,15.294627777777778,False,False,False,Within SLA
Resolved,3357,Low,Email,Bug report,1st line support,Connor Danielovitch,2023-10-18 22:51:28,2023-10-20 22:51:28,2023-10-18 23:51:28,2023-10-18 23:22:04.047,Within SLA,2023-10-23 03:32:47.250,SLA Violated,,7,,Ready to use Software,Tier 1,Poland,52.536273,19.050639,0.5100130555555555,100.68868055555555,False,False,False,SLA Violated
Resolved,3358,Medium,Phone,Product setup,1st line support,Sheela Cutten,2023-10-18 11:15:29,2023-10-20 11:15:29,2023-10-18 11:17:29,2023-10-18 11:17:58.063,SLA Violated,2023-10-19 15:47:55.036,Within SLA,,7,,Training and Consulting Services,Tier 1,Poland,52.536273,19.050639,0.04140638888888889,28.540565555555553,False,False,False,Within SLA
Resolved,3359,High,Chat,Pricing and licensing,2nd line support,Adolpho Messingham,2023-10-18 15:22:51,2023-10-19 15:22:51,2023-10-18 15:24:51,2023-10-18 15:24:42.041,Within SLA,2023-10-19 13:09:57.057,Within SLA,,2,,Ready to use Software,Tier 2,Poland,52.536273,19.050639,0.03084472222222222,21.785015833333333,False,False,False,Within SLA
Closed,3360,Low,Email,Product setup,1st line support,Bernard Beckley,2023-10-18 20:36:54,2023-10-20 20:36:54,2023-10-18 21:36:54,2023-10-18 21:11:38.055,Within SLA,2023-10-20 18:55:25.273,Within SLA,2023-10-21 05:39:39.415,1,4.0,Training and Consulting Services,Tier 1,Slovenia,46.1491664,14.9860106,0.5789041666666667,46.30868694444444,False,False,False,Within SLA
In progress,3361,High,Email,Product setup,2nd line support,Michele Whyatt,2023-10-18 03:46:11,2023-10-20 03:46:11,2023-10-18 04:46:11,2023-10-18 04:30:57.229,Within SLA,,SLA Violated,,9,,Custom software development,Tier 2,Germany,51.165691,10.451526,0.7461747222222221,,False,False,True,
Closed,3363,High,Chat,Product setup,2nd line support,Michele Whyatt,2023-10-18 21:11:59,2023-10-19 21:11:59,2023-10-18 21:13:59,2023-10-18 21:13:12.649,Within SLA,2023-10-19 16:59:09.925,Within SLA,2023-10-19 12:04:44.838,2,3.0,Ready to use Software,Tier 2,France,48.864716,2.349014,0.020458055555555556,19.786368055555556,False,False,False,Within SLA
In progress,3364,Low,Email,Other,2nd line support,Heather Urry,2023-10-18 00:20:33,2023-10-20 00:20:33,2023-10-18 01:20:33,2023-10-18 00:54:04.485,Within SLA,,SLA Violated,,3,,Other,Tier 2,Republic of Ireland,53.094024,-8.019675,0.5587458333333333,,False,False,True,
In progress,3365,High,Email,Training request,1st line support,Kristos Westoll,2023-10-19 06:16:32,2023-10-21 06:16:32,2023-10-19 07:16:32,2023-10-19 06:36:18.444,Within SLA,,SLA Violated,,2,,Training and Consulting Services,Tier 1,United Kingdom,55.378052,-3.435973,0.3295677777777778,,False,False,True,
Closed,3366,Low,Chat,Product setup,1st line support,Connor Danielovitch,2023-10-19 17:45:48,2023-10-20 17:45:48,2023-10-19 17:47:48,2023-10-19 17:47:05.767,Within SLA,2023-10-19 20:33:37.869,Within SLA,2023-10-27 16:47:10.033,6,5.0,Ready to use Software,Tier 1,Slovenia,46.1491664,14.9860106,0.021601944444444444,2.7971858333333337,False,False,False,Within SLA
Resolved,3367,Medium,Email,Product setup,1st line support,Bernard Beckley,2023-10-19 04:44:14,2023-10-21 04:44:14,2023-10-19 05:44:14,2023-10-19 05:28:31.270,Within SLA,2023-10-22 18:09:09.343,SLA Violated,,2,,Custom software development,Tier 1,Greece,39.368279,21.863141,0.7381305555555555,85.41537305555555,False,False,False,SLA Violated
Closed,3368,Low,Chat,Purchasing and invoicing,1st line support,Connor Danielovitch,2023-10-19 12:01:28,2023-10-20 12:01:28,2023-10-19 12:03:28,2023-10-19 12:03:02.251,Within SLA,2023-10-24 09:10:37.687,SLA Violated,2023-10-24 15:36:36.187,5,5.0,Ready to use Software,Tier 1,Poland,52.536273,19.050639,0.026180833333333334,117.15269083333332,False,False,False,SLA Violated
Closed,3369,Low,Chat,Feature request,1st line support,Kristos Westoll,2023-10-19 00:51:54,2023-10-20 00:51:54,2023-10-19 00:53:54,2023-10-19 00:52:39.618,Within SLA,2023-10-19 14:06:11.151,Within SLA,2023-10-19 13:56:02.623,5,2.0,Ready to use Software,Tier 1,Republic of Ireland,53.094024,-8.019675,0.012671666666666668,13.2380975,False,False,False,Within SLA
Resolved,3370,Medium,Email,Product setup,1st line support,Bernard Beckley,2023-10-19 21:34:41,2023-10-21 21:34:41,2023-10-19 22:34:41,2023-10-19 21:58:20.249,Within SLA,2023-10-20 12:27:03.458,Within SLA,,5,,Ready to use Software,Tier 1,United Kingdom,55.378052,-3.435973,0.39423583333333334,14.872905,False,False,False,Within SLA
Resolved,3371,Low,Chat,Purchasing and invoicing,1st line support,Connor Danielovitch,2023-10-19 04:33:51,2023-10-20 04:33:51,2023-10-19 04:35:51,2023-10-19 04:33:55.427,Within SLA,2023-10-19 10:10:32.396,Within SLA,,9,,Ready to use Software,Tier 1,Republic of Ireland,53.094024,-8.019675,0.0012297222222222221,5.611498888888889,False,False,False,Within SLA
Resolved,3372,Medium,Email,Purchasing and invoicing,1st line support,Nicola Wane,2023-10-19 16:15:29,2023-10-21 16:15:29,2023-10-19 17:15:29,2023-10-19 16:27:35.228,Within SLA,2023-10-20 19:20:02.736,Within SLA,,10,,Ready to use Software,Tier 1,United Kingdom,55.378052,-3.435973,0.20173,27.076037777777778,False,False,False,Within SLA
In progress,3373,Low,Email,Other,1st line support,Connor Danielovitch,2023-10-19 13:57:38,2023-10-21 13:57:38,2023-10-19 14:57:38,2023-10-19 14:00:27.393,Within SLA,,SLA Violated,,9,,Custom software development,Tier 1,United Kingdom,55.378052,-3.435973,0.04705361111111111,,False,False,True,
Closed,3374,Low,Email,Product setup,1st line support,Bernard Beckley,2023-10-19 01:14:55,2023-10-21 01:14:55,2023-10-19 02:14:55,2023-10-19 01:46:53.802,Within SLA,2023-10-21 04:04:36.122,SLA Violated,2023-10-22 04:26:21.562,9,4.0,Other,Tier 1,Germany,51.165691,10.451526,0.5330005555555555,50.828089444444444,False,False,False,SLA Violated
Closed,3376,Medium,Chat,Pricing and licensing,1st line support,Kristos Westoll,2023-10-19 03:54:58,2023-10-20 03:54:58,2023-10-19 03:56:58,2023-10-19 03:55:07.146,Within SLA,2023-10-20 06:16:39.546,SLA Violated,2023-10-20 12:41:32.650,7,2.0,Custom software development,Tier 1,Austria,47.6964719,13.3457347,0.002540555555555556,26.361540555555557,False,False,False,SLA Violated
Resolved,3377,Low,Email,Product setup,2nd line support,Heather Urry,2023-10-20 13:53:50,2023-10-22 13:53:50,2023-10-20 14:53:50,2023-10-20 17:47:32.962,SLA Violated,2023-10-21 12:14:31.198,Within SLA,,3,,Ready to use Software,Tier 2,Poland,52.536273,19.050639,3.895267222222222,22.344777222222223,False,False,False,Within SLA
Resolved,3379,High,Email,Product setup,2nd line support,Michele Whyatt,2023-10-20 12:13:33,2023-10-22 12:13:33,2023-10-20 13:13:33,2023-10-20 12:52:03.987,Within SLA,2023-10-21 03:34:40.618,Within SLA,,4,,Training and Consulting Services,Tier 2,Spain,39.67337,-4.767726,0.6419408333333334,15.352116111111112,False,False,False,Within SLA
Resolved,3380,Low,Email,Pricing and licensing,1st line support,Sheela Cutten,2023-10-20 06:09:17,2023-10-22 06:09:17,2023-10-20 07:09:17,2023-10-20 06:15:56.345,Within SLA,2023-10-20 08:40:51.792,Within SLA,,3,,Custom software development,Tier 1,Poland,52.536273,19.050639,0.11092916666666668,2.526331111111111,False,False,False,Within SLA
In progress,3381,Low,Email,Bug report,2nd line support,Adolpho Messingham,2023-10-20 11:45:43,2023-10-22 11:45:43,2023-10-20 12:45:43,2023-10-20 11:59:56.676,Within SLA,,SLA Violated,,1,,Ready to use Software,Tier 2,Spain,39.67337,-4.767726,0.23713222222222224,,False,False,True,
Closed,3383,Medium,Email,Pricing and licensing,1st line support,Bernard Beckley,2023-10-20 15:50:36,2023-10-22 15:50:36,2023-10-20 16:50:36,2023-10-20 15:57:05.547,Within SLA,2023-10-20 21:04:24.260,Within SLA,2023-10-23 00:17:15.561,3,3.0,Custom software development,Tier 1,United Kingdom,55.378052,-3.435973,0.10820750000000001,5.230072222222222,False,False,False,Within SLA
Resolved,3384,High,Email,Other,1st line support,Nicola Wane,2023-10-21 20:51:44,2023-10-23 20:51:44,2023-10-21 21:51:44,2023-10-21 21:31:36.569,Within SLA,2023-10-22 23:05:18.756,Within SLA,,8,,Custom software development,Tier 1,United Kingdom,55.378052,-3.435973,0.6646025,26.22632111111111,False,False,False,Within SLA
Closed,3385,Low,Email,Pricing and licensing,1st line support,Sheela Cutten,2023-10-21 04:11:08,2023-10-23 04:11:08,2023-10-21 05:11:08,2023-10-21 04:32:58.826,Within SLA,2023-10-22 18:31:52.389,Within SLA,2023-10-28 04:16:37.434,1,4.0,Ready to use Software,Tier 1,Poland,52.536273,19.050639,0.3641183333333333,38.34566361111111,False,False,False,Within SLA
Closed,3386,Low,Phone,Product setup,1st line support,Bernard Beckley,2023-10-21 09:09:40,2023-10-23 09:09:40,2023-10-21 09:11:40,2023-10-21 09:09:59.103,Within SLA,2023-10-24 07:20:24.611,SLA Violated,2023-10-25 10:55:17.189,4,5.0,Ready to use Software,Tier 1,United Kingdom,55.378052,-3.435973,0.005306388888888889,70.17905861111112,False,False,False,SLA Violated
In progress,3398,Medium,Chat,Product setup,2nd line support,Heather Urry,2023-10-22 00:18:43,2023-10-23 00:18:43,2023-10-22 00:20:43,2023-10-22 00:24:04.860,SLA Violated,,SLA Violated,,5,,Training and Consulting Services,Tier 2,Spain,39.67337,-4.767726,0.08940555555555556,,False,False,True,
Resolved,3399,High,Email,Product setup,2nd line support,Heather Urry,2023-10-22 16:51:22,2023-10-24 16:51:22,2023-10-22 17:51:22,2023-10-22 17:45:30.393,Within SLA,2023-10-23 15:09:36.163,Within SLA,,7,,Ready to use Software,Tier 2,Italy,43.036776,12.678565,0.9023313888888889,22.303934166666668,False,False,False,Within SLA
Resolved,3400,Low,Email,Pricing and licensing,1st line support,Sheela Cutten,2023-10-22 14:43:58,2023-10-24 14:43:58,2023-10-22 15:43:58,2023-10-22 15:26:59.869,Within SLA,2023-10-24 03:19:32.929,Within SLA,,1,,Ready to use Software,Tier 1,Czech Republic,49.8037633,15.4749126,0.7171858333333334,36.59303583333333,False,False,False,Within SLA
Closed,3401,Medium,Chat,Feature request,1st line support,Kristos Westoll,2023-10-22 11:24:23,2023-10-23 11:24:23,2023-10-22 11:26:23,2023-10-22 11:25:44.796,Within SLA,2023-10-22 12:45:12.399,Within SLA,2023-10-28 07:10:51.521,6,4.0,Other,Tier 1,Germany,51.165691,10.451526,0.022721111111111112,1.3470552777777778,False,False,False,Within SLA
Closed,3402,Medium,Email,Pricing and licensing,1st line support,Sheela Cutten,2023-10-22 02:32:15,2023-10-24 02:32:15,2023-10-22 03:32:15,2023-10-22 05:27:03.387,SLA Violated,2023-10-24 09:35:10.736,SLA Violated,2023-10-26 01:53:58.001,1,5.0,Custom software development,Tier 1,Germany,51.165691,10.451526,2.9134408333333335,55.04881555555556,False,False,False,SLA Violated
Closed,3403,Low,Phone,Product setup,2nd line support,Adolpho Messingham,2023-10-22 08:47:17,2023-10-24 08:47:17,2023-10-22 08:49:17,2023-10-22 08:48:34.191,Within SLA,2023-10-22 10:16:13.363,Within SLA,2023-10-26 08:25:09.341,4,1.0,Custom software development,Tier 2,Spain,39.67337,-4.767726,0.021441944444444444,1.4823230555555555,False,False,False,Within SLA
Closed,3404,Low,Chat,Bug report,1st line support,Connor Danielovitch,2023-10-23 00:01:46,2023-10-24 00:01:46,2023-10-23 00:03:46,2023-10-23 00:02:24.957,Within SLA,2023-10-28 11:32:27.868,SLA Violated,2023-10-29 20:56:51.523,4,3.0,Ready to use Software,Tier 1,Czech Republic,49.8037633,15.4749126,0.010821388888888889,131.51163,False,False,False,SLA Violated
Resolved,3405,Low,Email,Bug report,1st line support,Sheela Cutten,2023-10-23 17:28:34,2023-10-25 17:28:34,2023-10-23 18:28:34,2023-10-23 17:57:13.244,Within SLA,2023-10-23 23:56:24.289,Within SLA,,2,,Training and Consulting Services,Tier 1,Czech Republic,49.8037633,15.4749126,0.47756777777777776,6.463969166666667,False,False,False,Within SLA
Closed,3406,Low,Email,Pricing and licensing,1st line support,Sheela Cutten,2023-10-23 14:41:25,2023-10-25 14:41:25,2023-10-23 15:41:25,2023-10-23 15:27:36.391,Within SLA,2023-10-24 12:00:18.374,Within SLA,2023-10-25 19:53:29.735,3,4.0,Ready to use Software,Tier 1,Italy,43.036776,12.678565,0.7698308333333334,21.31482611111111,False,False,False,Within SLA
Closed,3407,Medium,Email,Feature request,1st line support,Nicola Wane,2023-10-23 04:03:21,2023-10-25 04:03:21,2023-10-23 05:03:21,2023-10-23 04:15:53.771,Within SLA,2023-10-24 10:59:43.806,Within SLA,2023-10-28 05:22:23.331,7,5.0,Custom software development,Tier 1,Spain,39.67337,-4.767726,0.20910305555555556,30.939668333333334,False,False,False,Within SLA
Resolved,3408,Medium,Email,Pricing and licensing,1st line support,Kristos Westoll,2023-10-24 00:55:28,2023-10-26 00:55:28,2023-10-24 01:55:28,2023-10-24 01:34:47.421,Within SLA,2023-10-25 14:10:06.342,Within SLA,,8,,Other,Tier 1,Germany,51.165691,10.451526,0.6553947222222222,37.24398388888889,False,False,False,Within SLA
Closed,3409,Medium,Email,Bug report,1st line support,Kristos Westoll,2023-10-24 16:57:50,2023-10-26 16:57:50,2023-10-24 17:57:50,2023-10-24 17:31:17.366,Within SLA,2023-10-28 23:40:48.970,SLA Violated,2023-10-30 01:03:33.642,5,2.0,Ready to use Software,Tier 1,Germany,51.165691,10.451526,0.5576016666666667,102.71638055555555,False,False,False,SLA Violated
Closed,3410,Medium,Chat,Feature request,1st line support,Nicola Wane,2023-10-24 05:56:10,2023-10-25 05:56:10,2023-10-24 05:58:10,2023-10-24 05:58:00.040,Within SLA,2023-10-30 01:35:44.630,SLA Violated,2023-10-30 15:03:32.146,6,3.0,Custom software development,Tier 1,Greece,39.368279,21.863141,0.03056666666666667,139.65961944444444,False,False,False,SLA Violated
Closed,3411,Low,Chat,Purchasing and invoicing,2nd line support,Heather Urry,2023-10-24 09:33:56,2023-10-25 09:33:56,2023-10-24 09:35:56,2023-10-24 09:35:17.703,Within SLA,2023-10-24 14:46:27.649,Within SLA,2023-10-27 23:35:19.089,5,4.0,Custom software development,Tier 2,Italy,43.036776,12.678565,0.02269527777777778,5.208791388888889,False,False,False,Within SLA
Closed,3412,High,Email,Product setup,2nd line support,Adolpho Messingham,2023-10-24 20:01:39,2023-10-26 20:01:39,2023-10-24 21:01:39,2023-10-24 20:32:30.571,Within SLA,2023-10-26 17:40:33.868,Within SLA,2023-10-26 01:18:06.248,5,5.0,Ready to use Software,Tier 2,United Kingdom,55.378052,-3.435973,0.5143252777777777,45.64857444444444,False,False,False,Within SLA
Resolved,3413,Medium,Email,Feature request,1st line support,Sheela Cutten,2023-10-24 23:54:58,2023-10-26 23:54:58,2023-10-25 00:54:58,2023-10-24 23:56:01.804,Within SLA,2023-10-26 02:49:52.417,Within SLA,,1,,Other,Tier 1,Germany,51.165691,10.451526,0.017723333333333334,26.915115833333335,False,False,False,Within SLA
Closed,3414,Medium,Chat,Product setup,1st line support,Bernard Beckley,2023-10-24 11:54:36,2023-10-25 11:54:36,2023-10-24 11:56:36,2023-10-24 11:56:34.375,Within SLA,2023-10-24 19:32:59.292,Within SLA,2023-10-29 11:48:18.733,6,3.0,Other,Tier 1,Bulgaria,42.7249925,25.4833039,0.03288194444444444,7.639803333333334,False,False,False,Within SLA
Closed,3415,Medium,Email,Pricing and licensing,2nd line support,Adolpho Messingham,2023-10-25 23:08:17,2023-10-27 23:08:17,2023-10-26 00:08:17,2023-10-25 23:09:32.067,Within SLA,2023-10-27 17:24:38.591,Within SLA,2023-10-27 20:40:31.227,8,4.0,Custom software development,Tier 2,Italy,43.036776,12.678565,0.020851944444444444,42.272664166666665,False,False,False,Within SLA
Resolved,3416,Low,Chat,Product setup,1st line support,Connor Danielovitch,2023-10-25 09:24:24,2023-10-26 09:24:24,2023-10-25 09:26:24,2023-10-25 09:24:40.478,Within SLA,2023-10-26 20:53:57.823,SLA Violated,,2,,Training and Consulting Services,Tier 1,Poland,52.536273,19.050639,0.004577222222222223,35.49272861111111,False,False,False,SLA Violated
Closed,3417,Medium,Email,Pricing and licensing,1st line support,Kristos Westoll,2023-10-25 10:48:25,2023-10-27 10:48:25,2023-10-25 11:48:25,2023-10-25 11:30:48.755,Within SLA,2023-10-25 12:07:39.982,Within SLA,2023-10-31 12:17:02.500,2,1.0,Ready to use Software,Tier 1,Slovenia,46.1491664,14.9860106,0.7065986111111111,1.3208283333333333,False,False,False,Within SLA
In progress,3418,Low,Email,Product setup,2nd line support,Michele Whyatt,2023-10-25 04:04:02,2023-10-27 04:04:02,2023-10-25 05:04:02,2023-10-25 04:20:43.165,Within SLA,,SLA Violated,,4,,Training and Consulting Services,Tier 2,Greece,39.368279,21.863141,0.27810138888888886,,False,False,True,
Resolved,3419,Low,Email,Product setup,1st line support,Bernard Beckley,2023-10-25 23:34:43,2023-10-27 23:34:43,2023-10-26 00:34:43,2023-10-26 00:09:14.520,Within SLA,2023-10-26 08:45:29.731,Within SLA,,6,,Custom software development,Tier 1,United Kingdom,55.378052,-3.435973,0.5754222222222222,9.1796475,False,False,False,Within SLA
Resolved,3420,Low,Chat,Purchasing and invoicing,1st line support,Sheela Cutten,2023-10-25 01:13:47,2023-10-26 01:13:47,2023-10-25 01:15:47,2023-10-25 01:14:14.905,Within SLA,2023-10-25 14:07:41.706,Within SLA,,4,,Training and Consulting Services,Tier 1,Slovenia,46.1491664,14.9860106,0.007751388888888889,12.898529444444444,False,False,False,Within SLA
Closed,3421,High,Chat,Training request,1st line support,Nicola Wane,2023-10-26 09:44:19,2023-10-27 09:44:19,2023-10-26 09:46:19,2023-10-26 09:46:16.865,Within SLA,2023-10-26 10:08:05.473,Within SLA,2023-11-01 13:22:18.237,5,4.0,Training and Consulting Services,Tier 1,United Kingdom,55.378052,-3.435973,0.03274027777777778,0.3962425,False,False,False,Within SLA
Resolved,3422,Low,Chat,Bug report,2nd line support,Adolpho Messingham,2023-10-26 02:28:01,2023-10-27 02:28:01,2023-10-26 02:30:01,2023-10-26 02:30:35.888,SLA Violated,2023-10-30 20:24:59.011,SLA Violated,,2,,Ready to use Software,Tier 2,Austria,47.6964719,13.3457347,0.04302444444444445,113.9494475,False,False,False,SLA Violated
Resolved,3423,Low,Email,Feature request,1st line support,Connor Danielovitch,2023-10-26 05:47:17,2023-10-28 05:47:17,2023-10-26 06:47:17,2023-10-26 06:28:54.571,Within SLA,2023-10-28 04:22:48.020,Within SLA,,10,,Ready to use Software,Tier 1,Poland,52.536273,19.050639,0.6937697222222222,46.59195,False,False,False,Within SLA
Closed,3424,Medium,Chat,Product setup,1st line support,Sheela Cutten,2023-10-26 01:39:42,2023-10-27 01:39:42,2023-10-26 01:41:42,2023-10-26 01:39:58.855,Within SLA,2023-10-26 03:53:06.458,Within SLA,2023-10-27 14:26:35.805,6,4.0,Ready to use Software,Tier 1,Austria,47.6964719,13.3457347,0.004681944444444444,2.2234605555555556,False,False,False,Within SLA
In progress,3425,High,Phone,Bug report,1st line support,Bernard Beckley,2023-10-26 15:13:20,2023-10-28 15:13:20,2023-10-26 15:15:20,2023-10-26 15:13:52.348,Within SLA,,SLA Violated,,3,,Ready to use Software,Tier 1,Republic of Ireland,53.094024,-8.019675,0.008985555555555556,,False,False,True,
Resolved,3426,Medium,Email,Bug report,1st line support,Kristos Westoll,2023-10-26 22:22:25,2023-10-28 22:22:25,2023-10-26 23:22:25,2023-10-26 23:00:02.780,Within SLA,2023-10-27 08:33:44.680,Within SLA,,4,,Ready to use Software,Tier 1,Italy,43.036776,12.678565,0.6271611111111112,10.1888,False,False,False,Within SLA
Closed,3427,Low,Email,Product setup,2nd line support,Heather Urry,2023-10-26 16:21:45,2023-10-28 16:21:45,2023-10-26 17:21:45,2023-10-26 16:26:55.888,Within SLA,2023-10-30 16:05:18.022,SLA Violated,2023-10-31 06:21:11.355,2,4.0,Ready to use Software,Tier 2,France,48.864716,2.349014,0.08635777777777777,95.72583944444445,False,False,False,SLA Violated
Resolved,3428,Low,Email,Pricing and licensing,2nd line support,Heather Urry,2023-10-26 16:46:44,2023-10-28 16:46:44,2023-10-26 17:46:44,2023-10-26 17:24:03.907,Within SLA,2023-10-28 02:05:37.564,Within SLA,,1,,Custom software development,Tier 2,France,48.864716,2.349014,0.622196388888889,33.31487888888889,False,False,False,Within SLA
In progress,3429,High,Email,Feature request,1st line support,Kristos Westoll,2023-10-26 18:56:11,2023-10-28 18:56:11,2023-10-26 19:56:11,2023-10-26 19:10:21.038,Within SLA,,SLA Violated,,2,,Ready to use Software,Tier 1,Poland,52.536273,19.050639,0.23612166666666667,,False,False,True,
Closed,3430,Medium,Chat,Other,1st line support,Kristos Westoll,2023-10-26 22:52:28,2023-10-27 22:52:28,2023-10-26 22:54:28,2023-10-26 22:53:14.361,Within SLA,2023-10-27 16:52:08.822,Within SLA,2023-10-31 21:28:12.393,2,2.0,Custom software development,Tier 1,United Kingdom,55.378052,-3.435973,0.012878055555555554,17.99467277777778,False,False,False,Within SLA
Closed,3431,Medium,Chat,Product setup,1st line support,Sheela Cutten,2023-10-27 11:33:45,2023-10-28 11:33:45,2023-10-27 11:35:45,2023-10-27 11:35:19.573,Within SLA,2023-10-28 21:01:49.819,SLA Violated,2023-10-30 08:14:22.510,2,4.0,Ready to use Software,Tier 1,Poland,52.536273,19.050639,0.026270277777777774,33.46800527777778,False,False,False,SLA Violated
Resolved,3432,Low,Email,Feature request,1st line support,Bernard Beckley,2023-10-27 08:22:15,2023-10-29 08:22:15,2023-10-27 09:22:15,2023-10-27 12:22:21.184,SLA Violated,2023-10-29 02:02:26.937,Within SLA,,1,,Custom software development,Tier 1,Bulgaria,42.7249925,25.4833039,4.0017177777777775,41.6699825,False,False,False,Within SLA
Resolved,3433,Medium,Email,Bug report,1st line support,Sheela Cutten,2023-10-27 10:10:33,2023-10-29 10:10:33,2023-10-27 11:10:33,2023-10-27 11:08:57.282,Within SLA,2023-10-28 19:11:27.498,Within SLA,,3,,Ready to use Software,Tier 1,Greece,39.368279,21.863141,0.9734116666666667,33.01513833333333,False,False,False,Within SLA
Closed,3434,Low,Email,Feature request,1st line support,Connor Danielovitch,2023-10-27 12:03:12,2023-10-29 12:03:12,2023-10-27 13:03:12,2023-10-27 12:41:09.074,Within SLA,2023-10-28 21:19:07.262,Within SLA,2023-11-01 12:14:18.407,4,3.0,Ready to use Software,Tier 1,United Kingdom,55.378052,-3.435973,0.6325205555555555,33.26535055555556,False,False,False,Within SLA
Closed,3435,Low,Email,Feature request,2nd line support,Michele Whyatt,2023-10-27 14:44:55,2023-10-29 14:44:55,2023-10-27 15:44:55,2023-10-27 15:26:38.855,Within SLA,2023-10-28 03:36:35.098,Within SLA,2023-10-29 12:27:26.872,3,4.0,Ready to use Software,Tier 2,Spain,39.67337,-4.767726,0.6955152777777778,12.861138333333333,False,False,False,Within SLA
Resolved,3436,Low,Email,Other,1st line support,Bernard Beckley,2023-10-27 19:01:06,2023-10-29 19:01:06,2023-10-27 20:01:06,2023-10-27 19:37:30.202,Within SLA,2023-10-31 04:48:03.327,SLA Violated,,1,,Custom software development,Tier 1,United Kingdom,55.378052,-3.435973,0.6067227777777778,81.78259083333333,False,False,False,SLA Violated
Closed,3437,Medium,Chat,Product setup,2nd line support,Michele Whyatt,2023-10-27 10:31:50,2023-10-28 10:31:50,2023-10-27 10:33:50,2023-10-27 10:33:15.620,Within SLA,2023-10-28 07:54:35.232,Within SLA,2023-10-28 18:40:08.986,6,4.0,Other,Tier 2,Slovenia,46.1491664,14.9860106,0.023783333333333333,21.37923111111111,False,False,False,Within SLA
Resolved,3438,Low,Chat,Feature request,1st line support,Sheela Cutten,2023-10-27 00:25:35,2023-10-28 00:25:35,2023-10-27 00:27:35,2023-10-27 00:26:59.330,Within SLA,2023-10-31 23:09:30.503,SLA Violated,,8,,Other,Tier 1,Germany,51.165691,10.451526,0.023424999999999998,118.73208416666668,False,False,False,SLA Violated
Resolved,3439,Low,Email,Feature request,1st line support,Nicola Wane,2023-10-27 23:17:33,2023-10-29 23:17:33,2023-10-28 00:17:33,2023-10-27 23:58:52.823,Within SLA,2023-10-29 01:01:23.104,Within SLA,,1,,Ready to use Software,Tier 1,Spain,39.67337,-4.767726,0.6888397222222222,25.730584444444446,False,False,False,Within SLA
Closed,3440,High,Chat,Bug report,1st line support,Sheela Cutten,2023-10-27 19:19:17,2023-10-28 19:19:17,2023-10-27 19:21:17,2023-10-27 19:21:44.742,SLA Violated,2023-10-28 15:06:04.102,Within SLA,2023-11-02 01:40:30.552,5,4.0,Training and Consulting Services,Tier 1,Bulgaria,42.7249925,25.4833039,0.04103944444444444,19.779750555555555,False,False,False,Within SLA
Resolved,3441,Low,Email,Bug report,1st line support,Bernard Beckley,2023-10-27 06:45:31,2023-10-29 06:45:31,2023-10-27 07:45:31,2023-10-27 07:35:24.954,Within SLA,2023-10-27 22:35:09.261,Within SLA,,1,,Ready to use Software,Tier 1,Bulgaria,42.7249925,25.4833039,0.8316538888888889,15.827294722222222,False,False,False,Within SLA
Resolved,3442,Medium,Chat,Bug report,2nd line support,Michele Whyatt,2023-10-27 17:22:00,2023-10-28 17:22:00,2023-10-27 17:24:00,2023-10-27 17:23:31.977,Within SLA,2023-10-29 21:29:26.788,SLA Violated,,6,,Ready to use Software,Tier 2,Germany,51.165691,10.451526,0.025549166666666668,52.12410777777778,False,False,False,SLA Violated
Closed,3443,High,Phone,Feature request,1st line support,Bernard Beckley,2023-10-28 19:28:01,2023-10-30 19:28:01,2023-10-28 19:30:01,2023-10-28 19:28:42.498,Within SLA,2023-11-02 06:58:52.652,SLA Violated,2023-11-02 16:54:50.973,2,5.0,Ready to use Software,Tier 1,United Kingdom,55.378052,-3.435973,0.011527222222222222,107.51434777777777,False,False,False,SLA Violated
In progress,3444,Low,Chat,Bug report,2nd line support,Adolpho Messingham,2023-10-28 12:32:42,2023-10-29 12:32:42,2023-10-28 12:34:42,2023-10-28 12:33:41.423,Within SLA,,SLA Violated,,6,,Custom software development,Tier 2,United Kingdom,55.378052,-3.435973,0.01650638888888889,,False,False,True,
Closed,3445,Low,Phone,Product setup,1st line support,Bernard Beckley,2023-10-28 15:48:50,2023-10-30 15:48:50,2023-10-28 15:50:50,2023-10-28 15:49:38.518,Within SLA,2023-10-28 16:18:09.540,Within SLA,2023-10-31 16:15:52.879,6,3.0,Ready to use Software,Tier 1,Germany,51.165691,10.451526,0.013477222222222222,0.4887611111111111,False,False,False,Within SLA
In progress,3457,Low,Email,Pricing and licensing,2nd line support,Michele Whyatt,2023-10-29 00:45:51,2023-10-31 00:45:51,2023-10-29 01:45:51,2023-10-29 01:28:19.235,Within SLA,,SLA Violated,,9,,Ready to use Software,Tier 2,Germany,51.165691,10.451526,0.7078430555555556,,False,False,True,
Closed,3458,High,Email,Feature request,2nd line support,Adolpho Messingham,2023-10-29 15:26:21,2023-10-31 15:26:21,2023-10-29 16:26:21,2023-10-29 15:26:33.390,Within SLA,2023-10-31 07:09:39.148,Within SLA,2023-11-01 00:28:15.932,1,5.0,Ready to use Software,Tier 2,Slovenia,46.1491664,14.9860106,0.0034416666666666667,39.72170777777777,False,False,False,Within SLA
Closed,3459,Low,Email,Pricing and licensing,1st line support,Nicola Wane,2023-10-29 03:14:50,2023-10-31 03:14:50,2023-10-29 04:14:50,2023-10-29 04:01:53.965,Within SLA,2023-10-29 08:16:52.411,Within SLA,2023-11-04 01:41:16.578,1,4.0,Other,Tier 1,Germany,51.165691,10.451526,0.7844347222222222,5.034003055555556,False,False,False,Within SLA
Closed,3460,Low,Chat,Product setup,1st line support,Sheela Cutten,2023-10-30 16:10:14,2023-10-31 16:10:14,2023-10-30 16:12:14,2023-10-30 16:11:27.010,Within SLA,2023-10-31 06:09:26.997,Within SLA,2023-11-03 16:32:26.110,6,5.0,Custom software development,Tier 1,Austria,47.6964719,13.3457347,0.02028055555555556,13.986943611111112,False,False,False,Within SLA
Closed,3461,Low,Chat,Feature request,1st line support,Nicola Wane,2023-10-30 06:39:12,2023-10-31 06:39:12,2023-10-30 06:41:12,2023-10-30 06:40:01.496,Within SLA,2023-10-30 15:33:14.599,Within SLA,2023-10-31 23:53:38.623,2,3.0,Ready to use Software,Tier 1,Greece,39.368279,21.863141,0.01374888888888889,8.900721944444443,False,False,False,Within SLA
Closed,3462,Medium,Email,Pricing and licensing,1st line support,Bernard Beckley,2023-10-30 18:13:05,2023-11-01 18:13:05,2023-10-30 19:13:05,2023-10-30 18:46:01.455,Within SLA,2023-10-30 18:15:03.985,Within SLA,2023-11-02 23:57:53.814,6,4.0,Training and Consulting Services,Tier 1,Austria,47.6964719,13.3457347,0.5490152777777778,0.03305138888888889,False,False,False,Within SLA
Closed,3463,Low,Email,Purchasing and invoicing,1st line support,Bernard Beckley,2023-10-30 19:30:50,2023-11-01 19:30:50,2023-10-30 20:30:50,2023-10-30 20:07:02.266,Within SLA,2023-11-01 21:56:58.323,SLA Violated,2023-11-02 15:37:04.710,8,3.0,Training and Consulting Services,Tier 1,Greece,39.368279,21.863141,0.6034072222222222,50.43564527777778,False,False,False,SLA Violated
Resolved,3464,High,Email,Product setup,2nd line support,Heather Urry,2023-10-30 23:33:23,2023-11-01 23:33:23,2023-10-31 00:33:23,2023-10-30 23:52:16.850,Within SLA,2023-10-31 11:53:32.428,Within SLA,,9,,Training and Consulting Services,Tier 2,Greece,39.368279,21.863141,0.3149583333333333,12.335952222222222,False,False,False,Within SLA
In progress,3465,Low,Email,Product setup,1st line support,Bernard Beckley,2023-10-30 05:51:10,2023-11-01 05:51:10,2023-10-30 06:51:10,2023-10-30 06:04:03.988,Within SLA,,SLA Violated,,2,,Custom software development,Tier 1,Austria,47.6964719,13.3457347,0.21499666666666667,,False,False,True,
Closed,3466,Medium,Chat,Feature request,1st line support,Connor Danielovitch,2023-10-30 16:02:03,2023-10-31 16:02:03,2023-10-30 16:04:03,2023-10-30 16:03:30.224,Within SLA,2023-11-04 02:37:42.588,SLA Violated,2023-11-05 03:09:53.945,5,5.0,Ready to use Software,Tier 1,Poland,52.536273,19.050639,0.02422888888888889,106.59433,False,False,False,SLA Violated
Resolved,3467,Low,Chat,Feature request,2nd line support,Michele Whyatt,2023-10-31 15:07:33,2023-11-01 15:07:33,2023-10-31 15:09:33,2023-10-31 15:07:51.456,Within SLA,2023-10-31 15:26:10.147,Within SLA,,6,,Ready to use Software,Tier 2,Poland,52.536273,19.050639,0.0051266666666666665,0.3103186111111111,False,False,False,Within SLA
Closed,3468,Low,Phone,Feature request,2nd line support,Michele Whyatt,2023-10-31 10:07:30,2023-11-02 10:07:30,2023-10-31 10:09:30,2023-10-31 10:09:10.385,Within SLA,2023-11-02 16:18:08.389,SLA Violated,2023-11-03 15:52:36.096,7,4.0,Other,Tier 2,Slovenia,46.1491664,14.9860106,0.027884722222222224,54.17733027777778,False,False,False,SLA Violated
In progress,3469,Low,Email,Training request,1st line support,Nicola Wane,2023-10-31 20:58:47,2023-11-02 20:58:47,2023-10-31 21:58:47,2023-10-31 21:05:32.536,Within SLA,,SLA Violated,,7,,Training and Consulting Services,Tier 1,Italy,43.036776,12.678565,0.1126488888888889,,False,False,True,
Closed,3470,Medium,Phone,Pricing and licensing,2nd line support,Adolpho Messingham,2023-10-31 00:37:49,2023-11-02 00:37:49,2023-10-31 00:39:49,2023-10-31 00:38:45.056,Within SLA,2023-10-31 22:58:04.967,Within SLA,2023-11-04 13:51:20.785,4,1.0,Ready to use Software,Tier 2,Italy,43.036776,12.678565,0.01557111111111111,22.337768611111112,False,False,False,Within SLA
Closed,3471,Medium,Email,Pricing and licensing,1st line support,Bernard Beckley,2023-10-31 07:06:15,2023-11-02 07:06:15,2023-10-31 08:06:15,2023-10-31 07:38:49.680,Within SLA,2023-11-01 02:35:45.491,Within SLA,2023-11-05 10:09:58.759,5,4.0,Ready to use Software,Tier 1,Bulgaria,42.7249925,25.4833039,0.5429666666666667,19.491803055555554,False,False,False,Within SLA
In progress,3472,Low,Chat,Pricing and licensing,2nd line support,Adolpho Messingham,2023-10-31 16:06:51,2023-11-01 16:06:51,2023-10-31 16:08:51,2023-10-31 16:06:54.890,Within SLA,,SLA Violated,,5,,Ready to use Software,Tier 2,United Kingdom,55.378052,-3.435973,0.0010805555555555555,,False,False,True,
Closed,3473,High,Chat,Product setup,1st line support,Nicola Wane,2023-10-31 00:29:39,2023-11-01 00:29:39,2023-10-31 00:31:39,2023-10-31 00:31:17.391,Within SLA,2023-10-31 12:12:37.188,Within SLA,2023-11-07 05:24:56.385,6,5.0,Ready to use Software,Tier 1,France,48.864716,2.349014,0.027330833333333335,11.716163333333334,False,False,False,Within SLA
Closed,3474,Medium,Phone,Other,1st line support,Nicola Wane,2023-10-31 00:34:03,2023-11-02 00:34:03,2023-10-31 00:36:03,2023-10-31 00:35:11.750,Within SLA,2023-11-02 19:34:51.784,SLA Violated,2023-11-03 16:11:50.076,2,5.0,Custom software development,Tier 1,Republic of Ireland,53.094024,-8.019675,0.019097222222222224,67.01355111111111,False,False,False,SLA Violated
Closed,3475,Low,Email,Purchasing and invoicing,2nd line support,Heather Urry,2023-11-01 00:06:49,2023-11-03 00:06:49,2023-11-01 01:06:49,2023-11-01 00:40:10.045,Within SLA,2023-11-02 05:39:05.610,Within SLA,2023-11-03 11:05:24.358,1,4.0,Custom software development,Tier 2,Poland,52.536273,19.050639,0.5558458333333334,29.537947222222222,False,False,False,Within SLA
Closed,3476,Medium,Chat,Product setup,1st line support,Sheela Cutten,2023-11-01 23:01:47,2023-11-02 23:01:47,2023-11-01 23:03:47,2023-11-01 23:03:04.340,Within SLA,2023-11-02 17:50:40.430,Within SLA,2023-11-09 00:58:28.532,5,4.0,Other,Tier 1,Bulgaria,42.7249925,25.4833039,0.021483333333333333,18.814841666666666,False,False,False,Within SLA
Closed,3477,High,Chat,Bug report,1st line support,Bernard Beckley,2023-11-01 09:20:37,2023-11-02 09:20:37,2023-11-01 09:22:37,2023-11-01 09:25:13.131,SLA Violated,2023-11-02 01:35:37.773,Within SLA,2023-11-05 15:12:48.061,4,4.0,Ready to use Software,Tier 1,Spain,39.67337,-4.767726,0.07670305555555555,16.25021472222222,False,False,False,Within SLA
Resolved,3478,Low,Chat,Purchasing and invoicing,1st line support,Connor Danielovitch,2023-11-01 21:15:52,2023-11-02 21:15:52,2023-11-01 21:17:52,2023-11-01 21:17:50.062,Within SLA,2023-11-05 12:42:48.657,SLA Violated,,7,,Custom software development,Tier 1,Greece,39.368279,21.863141,0.032795,87.4490713888889,False,False,False,SLA Violated
Closed,3479,Low,Email,Product setup,1st line support,Kristos Westoll,2023-11-01 18:55:11,2023-11-03 18:55:11,2023-11-01 19:55:11,2023-11-01 19:35:41.544,Within SLA,2023-11-05 23:42:31.327,SLA Violated,2023-11-06 07:56:33.988,5,4.0,Ready to use Software,Tier 1,Slovenia,46.1491664,14.9860106,0.675151111111111,100.78897972222222,False,False,False,SLA Violated
Closed,3480,High,Chat,Bug report,1st line support,Connor Danielovitch,2023-11-01 13:07:28,2023-11-02 13:07:28,2023-11-01 13:09:28,2023-11-01 13:07:32.719,Within SLA,2023-11-01 22:57:27.027,Within SLA,2023-11-08 13:55:16.845,5,5.0,Ready to use Software,Tier 1,Slovenia,46.1491664,14.9860106,0.0013108333333333333,9.833063055555556,False,False,False,Within SLA
Resolved,3481,Medium,Email,Bug report,1st line support,Bernard Beckley,2023-11-01 23:54:55,2023-11-03 23:54:55,2023-11-02 00:54:55,2023-11-02 00:26:48.528,Within SLA,2023-11-03 06:21:11.284,Within SLA,,3,,Ready to use Software,Tier 1,Austria,47.6964719,13.3457347,0.5315355555555555,30.437856666666665,False,False,False,Within SLA
In progress,3482,High,Email,Pricing and licensing,2nd line support,Adolpho Messingham,2023-11-01 10:21:54,2023-11-03 10:21:54,2023-11-01 11:21:54,2023-11-01 10:52:35.485,Within SLA,,SLA Violated,,2,,Custom software development,Tier 2,Poland,52.536273,19.050639,0.5115236111111111,,False,False,True,
Closed,3483,Low,Chat,Product setup,1st line support,Kristos Westoll,2023-11-01 15:23:00,2023-11-02 15:23:00,2023-11-01 15:25:00,2023-11-01 15:28:04.035,SLA Violated,2023-11-02 08:19:20.235,Within SLA,2023-11-06 17:14:25.082,9,4.0,Ready to use Software,Tier 1,Slovenia,46.1491664,14.9860106,0.08445416666666668,16.938954166666665,False,False,False,Within SLA
In progress,3484,Low,Email,Pricing and licensing,1st line support,Connor Danielovitch,2023-11-01 08:18:40,2023-11-03 08:18:40,2023-11-01 09:18:40,2023-11-01 08:36:03.491,Within SLA,,SLA Violated,,1,,Ready to use Software,Tier 1,Italy,43.036776,12.678565,0.2898586111111111,,False,False,True,
Closed,3485,Medium,Phone,Product setup,1st line support,Kristos Westoll,2023-11-01 07:01:08,2023-11-03 07:01:08,2023-11-01 07:03:08,2023-11-01 07:03:02.869,Within SLA,2023-11-02 15:16:06.457,Within SLA,2023-11-07 08:05:16.986,7,2.0,Ready to use Software,Tier 1,United Kingdom,55.378052,-3.435973,0.03190805555555556,32.24957138888889,False,False,False,Within SLA
In progress,3486,Low,Email,Pricing and licensing,1st line support,Kristos Westoll,2023-11-02 19:25:27,2023-11-04 19:25:27,2023-11-02 20:25:27,2023-11-02 20:37:39.880,SLA Violated,,SLA Violated,,3,,Custom software development,Tier 1,United Kingdom,55.378052,-3.435973,1.2035777777777779,,False,False,True,
Resolved,3487,Medium,Email,Product setup,2nd line support,Adolpho Messingham,2023-11-02 06:12:26,2023-11-04 06:12:26,2023-11-02 07:12:26,2023-11-02 07:09:05.753,Within SLA,2023-11-02 10:10:59.528,Within SLA,,1,,Ready to use Software,Tier 2,Poland,52.536273,19.050639,0.9443758333333334,3.97598,False,False,False,Within SLA
Closed,3488,Medium,Chat,Other,1st line support,Connor Danielovitch,2023-11-02 01:48:46,2023-11-03 01:48:46,2023-11-02 01:50:46,2023-11-02 01:49:27.508,Within SLA,2023-11-04 10:10:47.480,SLA Violated,2023-11-04 19:48:22.067,5,5.0,Custom software development,Tier 1,Germany,51.165691,10.451526,0.01153,56.36707777777778,False,False,False,SLA Violated
Closed,3489,High,Chat,Product setup,2nd line support,Heather Urry,2023-11-02 11:02:27,2023-11-03 11:02:27,2023-11-02 11:04:27,2023-11-02 11:04:03.573,Within SLA,2023-11-02 17:00:40.918,Within SLA,2023-11-06 16:07:30.549,8,4.0,Other,Tier 2,Slovenia,46.1491664,14.9860106,0.02682583333333333,5.970532777777779,False,False,False,Within SLA
In progress,3490,Low,Email,Product setup,2nd line support,Adolpho Messingham,2023-11-02 02:48:53,2023-11-04 02:48:53,2023-11-02 03:48:53,2023-11-02 03:43:19.921,Within SLA,,SLA Violated,,1,,Custom software development,Tier 2,Greece,39.368279,21.863141,0.9074780555555555,,False,False,True,
Closed,3491,High,Chat,Feature request,1st line support,Sheela Cutten,2023-11-02 12:46:43,2023-11-03 12:46:43,2023-11-02 12:48:43,2023-11-02 12:48:07.641,Within SLA,2023-11-02 23:30:39.703,Within SLA,2023-11-08 09:13:15.951,9,4.0,Custom software development,Tier 1,Republic of Ireland,53.094024,-8.019675,0.02351138888888889,10.7324175,False,False,False,Within SLA
Closed,3492,High,Email,Product setup,1st line support,Nicola Wane,2023-11-02 15:45:40,2023-11-04 15:45:40,2023-11-02 16:45:40,2023-11-02 16:11:14.427,Within SLA,2023-11-07 02:46:44.174,SLA Violated,2023-11-08 12:27:16.352,6,1.0,Other,Tier 1,France,48.864716,2.349014,0.4262297222222222,107.0178261111111,False,False,False,SLA Violated
Resolved,3493,Low,Email,Other,1st line support,Connor Danielovitch,2023-11-02 08:00:12,2023-11-04 08:00:12,2023-11-02 09:00:12,2023-11-02 08:19:33.674,Within SLA,2023-11-02 14:22:37.331,Within SLA,,7,,Other,Tier 1,Czech Republic,49.8037633,15.4749126,0.32268722222222224,6.373703055555555,False,False,False,Within SLA
In progress,3494,High,Chat,Pricing and licensing,1st line support,Sheela Cutten,2023-11-02 15:27:33,2023-11-03 15:27:33,2023-11-02 15:29:33,2023-11-02 15:29:27.624,Within SLA,,SLA Violated,,6,,Custom software development,Tier 1,Italy,43.036776,12.678565,0.03184,,False,False,True,
Closed,3495,Low,Email,Bug report,2nd line support,Adolpho Messingham,2023-11-02 06:29:35,2023-11-04 06:29:35,2023-11-02 07:29:35,2023-11-02 07:16:19.757,Within SLA,2023-11-02 22:23:08.811,Within SLA,2023-11-03 01:54:12.009,1,5.0,Ready to use Software,Tier 2,Germany,51.165691,10.451526,0.7790991666666667,15.892725277777778,False,False,False,Within SLA
Closed,3496,High,Chat,Feature request,1st line support,Nicola Wane,2023-11-03 17:47:09,2023-11-04 17:47:09,2023-11-03 17:49:09,2023-11-03 17:47:30.385,Within SLA,2023-11-04 15:48:20.610,Within SLA,2023-11-05 19:25:19.395,6,5.0,Custom software development,Tier 1,Austria,47.6964719,13.3457347,0.005940277777777778,22.019891666666666,False,False,False,Within SLA
Closed,3497,Medium,Email,Bug report,1st line support,Nicola Wane,2023-11-03 18:35:52,2023-11-05 18:35:52,2023-11-03 19:35:52,2023-11-03 18:47:21.227,Within SLA,2023-11-03 22:03:37.668,Within SLA,2023-11-06 03:22:23.186,9,3.0,Ready to use Software,Tier 1,Czech Republic,49.8037633,15.4749126,0.19145194444444444,3.4626855555555554,False,False,False,Within SLA
Closed,3498,Low,Chat,Pricing and licensing,1st line support,Nicola Wane,2023-11-03 19:42:56,2023-11-04 19:42:56,2023-11-03 19:44:56,2023-11-03 19:43:40.718,Within SLA,2023-11-08 06:51:55.469,SLA Violated,2023-11-09 17:18:38.650,4,4.0,Training and Consulting Services,Tier 1,Slovenia,46.1491664,14.9860106,0.012421666666666668,107.1498525,False,False,False,SLA Violated
Closed,3499,Medium,Phone,Bug report,1st line support,Nicola Wane,2023-11-03 13:33:40,2023-11-05 13:33:40,2023-11-03 13:35:40,2023-11-03 13:34:22.712,Within SLA,2023-11-03 23:04:45.905,Within SLA,2023-11-06 23:46:24.861,2,3.0,Ready to use Software,Tier 1,Greece,39.368279,21.863141,0.011864444444444445,9.518306944444443,False,False,False,Within SLA
Closed,3500,High,Email,Product setup,2nd line support,Heather Urry,2023-11-03 15:51:20,2023-11-05 15:51:20,2023-11-03 16:51:20,2023-11-03 16:13:17.894,Within SLA,2023-11-04 08:45:13.325,Within SLA,2023-11-08 03:19:55.464,2,5.0,Other,Tier 2,Austria,47.6964719,13.3457347,0.3660816666666667,16.89814583333333,False,False,False,Within SLA
Closed,3501,High,Chat,Feature request,1st line support,Bernard Beckley,2023-11-03 05:18:59,2023-11-04 05:18:59,2023-11-03 05:20:59,2023-11-03 05:20:58.920,Within SLA,2023-11-04 10:38:26.609,SLA Violated,2023-11-04 11:31:33.746,5,1.0,Custom software development,Tier 1,Republic of Ireland,53.094024,-8.019675,0.03331111111111111,29.324335833333333,False,False,False,SLA Violated
Closed,3502,High,Email,Other,1st line support,Sheela Cutten,2023-11-03 16:58:19,2023-11-05 16:58:19,2023-11-03 17:58:19,2023-11-03 17:07:57.957,Within SLA,2023-11-07 03:48:15.508,SLA Violated,2023-11-07 22:28:48.815,6,4.0,Ready to use Software,Tier 1,Spain,39.67337,-4.767726,0.1608213888888889,82.83236333333332,False,False,False,SLA Violated
Closed,3503,High,Chat,Pricing and licensing,1st line support,Connor Danielovitch,2023-11-03 10:23:40,2023-11-04 10:23:40,2023-11-03 10:25:40,2023-11-03 10:23:41.405,Within SLA,2023-11-08 18:45:03.576,SLA Violated,2023-11-09 21:20:53.309,7,3.0,Other,Tier 1,Poland,52.536273,19.050639,0.0003902777777777778,128.35654888888888,False,False,False,SLA Violated
Closed,3504,Low,Chat,Other,1st line support,Sheela Cutten,2023-11-03 09:23:39,2023-11-04 09:23:39,2023-11-03 09:25:39,2023-11-03 09:27:45.695,SLA Violated,2023-11-03 14:51:08.633,Within SLA,2023-11-06 17:00:16.993,2,4.0,Ready to use Software,Tier 1,Slovenia,46.1491664,14.9860106,0.06852638888888889,5.45823138888889,False,False,False,Within SLA
Closed,3505,Low,Chat,Product setup,2nd line support,Adolpho Messingham,2023-11-03 06:23:01,2023-11-04 06:23:01,2023-11-03 06:25:01,2023-11-03 06:24:43.114,Within SLA,2023-11-03 16:53:33.161,Within SLA,2023-11-09 00:55:34.221,2,4.0,Other,Tier 2,Italy,43.036776,12.678565,0.028365,10.508933611111111,False,False,False,Within SLA
Closed,3506,Low,Chat,Feature request,2nd line support,Michele Whyatt,2023-11-04 15:02:09,2023-11-05 15:02:09,2023-11-04 15:04:09,2023-11-04 15:04:08.403,Within SLA,2023-11-05 09:40:22.972,Within SLA,2023-11-11 07:59:27.201,6,4.0,Ready to use Software,Tier 2,Germany,51.165691,10.451526,0.0331675,18.637214444444442,False,False,False,Within SLA
In progress,3507,High,Chat,Pricing and licensing,1st line support,Kristos Westoll,2023-11-04 18:21:44,2023-11-05 18:21:44,2023-11-04 18:23:44,2023-11-04 18:23:02.611,Within SLA,,SLA Violated,,5,,Ready to use Software,Tier 1,Poland,52.536273,19.050639,0.02183638888888889,,False,False,True,
Closed,3508,High,Chat,Pricing and licensing,1st line support,Sheela Cutten,2023-11-04 21:16:05,2023-11-05 21:16:05,2023-11-04 21:18:05,2023-11-04 21:16:09.057,Within SLA,2023-11-05 16:35:00.708,Within SLA,2023-11-10 23:59:15.368,6,4.0,Custom software development,Tier 1,Italy,43.036776,12.678565,0.0011269444444444445,19.315474444444444,False,False,False,Within SLA
Closed,3522,Medium,Chat,Pricing and licensing,1st line support,Sheela Cutten,2023-11-05 00:43:17,2023-11-06 00:43:17,2023-11-05 00:45:17,2023-11-05 00:43:53.260,Within SLA,2023-11-07 14:26:18.400,SLA Violated,2023-11-08 22:06:14.393,5,5.0,Training and Consulting Services,Tier 1,Italy,43.036776,12.678565,0.010072222222222222,61.717055555555554,False,False,False,SLA Violated
In progress,3523,Medium,Chat,Feature request,1st line support,Bernard Beckley,2023-11-05 16:52:21,2023-11-06 16:52:21,2023-11-05 16:54:21,2023-11-05 16:54:15.946,Within SLA,,SLA Violated,,6,,Ready to use Software,Tier 1,Czech Republic,49.8037633,15.4749126,0.03192944444444444,,False,False,True,
Closed,3524,Low,Chat,Pricing and licensing,1st line support,Nicola Wane,2023-11-05 12:30:09,2023-11-06 12:30:09,2023-11-05 12:32:09,2023-11-05 12:30:59.892,Within SLA,2023-11-05 16:38:58.643,Within SLA,2023-11-08 18:15:45.085,2,1.0,Ready to use Software,Tier 1,Czech Republic,49.8037633,15.4749126,0.014136666666666667,4.147123055555555,False,False,False,Within SLA
Closed,3525,Low,Chat,Other,1st line support,Nicola Wane,2023-11-06 09:52:57,2023-11-07 09:52:57,2023-11-06 09:54:57,2023-11-06 09:54:40.644,Within SLA,2023-11-06 22:56:31.249,Within SLA,2023-11-13 09:58:12.296,8,4.0,Training and Consulting Services,Tier 1,Republic of Ireland,53.094024,-8.019675,0.028790000000000003,13.059513611111113,False,False,False,Within SLA
In progress,3526,Low,Email,Product setup,1st line support,Kristos Westoll,2023-11-06 09:49:23,2023-11-08 09:49:23,2023-11-06 10:49:23,2023-11-06 10:28:05.355,Within SLA,,SLA Violated,,1,,Other,Tier 1,Czech Republic,49.8037633,15.4749126,0.6450986111111111,,False,False,True,
Closed,3527,Medium,Email,Pricing and licensing,1st line support,Sheela Cutten,2023-11-06 13:18:19,2023-11-08 13:18:19,2023-11-06 14:18:19,2023-11-06 13:55:58.836,Within SLA,2023-11-07 18:50:13.051,Within SLA,2023-11-08 10:06:01.073,3,3.0,Other,Tier 1,Bulgaria,42.7249925,25.4833039,0.6277322222222221,29.531680833333336,False,False,False,Within SLA
Closed,3528,Low,Chat,Pricing and licensing,1st line support,Sheela Cutten,2023-11-06 07:26:31,2023-11-07 07:26:31,2023-11-06 07:28:31,2023-11-06 07:27:10.470,Within SLA,2023-11-06 10:44:51.746,Within SLA,2023-11-09 13:11:40.426,2,4.0,Ready to use Software,Tier 1,Bulgaria,42.7249925,25.4833039,0.01096388888888889,3.3057627777777774,False,False,False,Within SLA
Closed,3529,Low,Email,Pricing and licensing,1st line support,Sheela Cutten,2023-11-06 23:48:23,2023-11-08 23:48:23,2023-11-07 00:48:23,2023-11-07 00:09:06.658,Within SLA,2023-11-07 09:17:12.605,Within SLA,2023-11-10 08:04:42.026,1,2.0,Ready to use Software,Tier 1,Republic of Ireland,53.094024,-8.019675,0.34546055555555555,9.480445833333334,False,False,False,Within SLA
Closed,3530,Low,Chat,Pricing and licensing,1st line support,Nicola Wane,2023-11-06 16:35:57,2023-11-07 16:35:57,2023-11-06 16:37:57,2023-11-06 16:39:09.815,SLA Violated,2023-11-10 17:41:52.311,SLA Violated,2023-11-11 04:38:36.558,6,4.0,Ready to use Software,Tier 1,United Kingdom,55.378052,-3.435973,0.053559722222222224,97.0986975,False,False,False,SLA Violated
Closed,3531,Low,Email,Product setup,1st line support,Connor Danielovitch,2023-11-06 19:21:09,2023-11-08 19:21:09,2023-11-06 20:21:09,2023-11-06 20:05:28.836,Within SLA,2023-11-07 01:34:14.756,Within SLA,2023-11-13 01:57:45.869,2,3.0,Ready to use Software,Tier 1,United Kingdom,55.378052,-3.435973,0.7388433333333333,6.218265555555556,False,False,False,Within SLA
In progress,3532,Medium,Email,Product setup,1st line support,Kristos Westoll,2023-11-06 00:36:36,2023-11-08 00:36:36,2023-11-06 01:36:36,2023-11-06 01:03:24.721,Within SLA,,SLA Violated,,8,,Training and Consulting Services,Tier 1,Spain,39.67337,-4.767726,0.44686694444444447,,False,False,True,
Closed,3533,Low,Email,Purchasing and invoicing,1st line support,Connor Danielovitch,2023-11-07 12:46:42,2023-11-09 12:46:42,2023-11-07 13:46:42,2023-11-07 13:14:50.895,Within SLA,2023-11-08 21:32:07.510,Within SLA,2023-11-13 18:49:22.351,1,5.0,Ready to use Software,Tier 1,Austria,47.6964719,13.3457347,0.4691375,32.75708611111111,False,False,False,Within SLA
Resolved,3534,Low,Email,Pricing and licensing,1st line support,Sheela Cutten,2023-11-07 00:28:30,2023-11-09 00:28:30,2023-11-07 01:28:30,2023-11-07 00:47:40.464,Within SLA,2023-11-12 20:42:53.730,SLA Violated,,5,,Other,Tier 1,Austria,47.6964719,13.3457347,0.3195733333333333,140.239925,False,False,False,SLA Violated
Closed,3535,Low,Chat,Feature request,1st line support,Nicola Wane,2023-11-07 01:41:16,2023-11-08 01:41:16,2023-11-07 01:43:16,2023-11-07 01:42:28.038,Within SLA,2023-11-07 16:52:24.234,Within SLA,2023-11-10 07:23:45.264,6,4.0,Custom software development,Tier 1,Poland,52.536273,19.050639,0.020010555555555556,15.185620555555555,False,False,False,Within SLA
Closed,3536,Medium,Email,Feature request,1st line support,Kristos Westoll,2023-11-07 01:05:48,2023-11-09 01:05:48,2023-11-07 02:05:48,2023-11-07 07:09:23.095,SLA Violated,2023-11-07 08:43:26.368,Within SLA,2023-11-07 17:22:29.242,9,1.0,Ready to use Software,Tier 1,Germany,51.165691,10.451526,6.059748611111112,7.627324444444444,False,False,False,Within SLA
Closed,3537,Low,Email,Pricing and licensing,1st line support,Kristos Westoll,2023-11-07 19:22:24,2023-11-09 19:22:24,2023-11-07 20:22:24,2023-11-07 19:28:40.324,Within SLA,2023-11-11 13:16:25.149,SLA Violated,2023-11-11 23:51:35.309,8,5.0,Other,Tier 1,Italy,43.036776,12.678565,0.10453444444444444,89.90031916666666,False,False,False,SLA Violated
Closed,3538,Low,Chat,Bug report,1st line support,Kristos Westoll,2023-11-07 05:07:18,2023-11-08 05:07:18,2023-11-07 05:09:18,2023-11-07 05:07:40.072,Within SLA,2023-11-07 06:33:10.456,Within SLA,2023-11-12 03:45:03.953,7,2.0,Custom software development,Tier 1,Republic of Ireland,53.094024,-8.019675,0.006131111111111111,1.4312377777777778,False,False,False,Within SLA
Closed,3539,High,Chat,Other,1st line support,Sheela Cutten,2023-11-07 00:47:28,2023-11-08 00:47:28,2023-11-07 00:49:28,2023-11-07 00:47:51.516,Within SLA,2023-11-07 08:30:36.137,Within SLA,2023-11-08 18:26:50.954,6,5.0,Ready to use Software,Tier 1,Poland,52.536273,19.050639,0.006532222222222221,7.718926944444444,False,False,False,Within SLA
Closed,3540,Medium,Email,Product setup,1st line support,Nicola Wane,2023-11-08 07:10:23,2023-11-10 07:10:23,2023-11-08 08:10:23,2023-11-08 07:53:52.584,Within SLA,2023-11-13 07:52:06.428,SLA Violated,2023-11-14 09:41:21.753,3,3.0,Ready to use Software,Tier 1,Spain,39.67337,-4.767726,0.7248844444444444,120.69539666666667,False,False,False,SLA Violated
Resolved,3542,Medium,Email,Feature request,1st line support,Bernard Beckley,2023-11-08 20:42:42,2023-11-10 20:42:42,2023-11-08 21:42:42,2023-11-08 21:29:41.409,Within SLA,2023-11-08 20:43:52.503,Within SLA,,2,,Ready to use Software,Tier 1,Poland,52.536273,19.050639,0.7831691666666667,0.019584166666666666,False,False,False,Within SLA
Resolved,3543,High,Email,Pricing and licensing,1st line support,Bernard Beckley,2023-11-08 22:46:35,2023-11-10 22:46:35,2023-11-08 23:46:35,2023-11-08 22:56:38.398,Within SLA,2023-11-09 00:42:28.268,Within SLA,,3,,Ready to use Software,Tier 1,United Kingdom,55.378052,-3.435973,0.16761055555555557,1.9314633333333333,False,False,False,Within SLA
Resolved,3544,Low,Email,Feature request,2nd line support,Michele Whyatt,2023-11-08 01:13:09,2023-11-10 01:13:09,2023-11-08 02:13:09,2023-11-08 02:00:19.498,Within SLA,2023-11-09 18:35:28.414,Within SLA,,2,,Ready to use Software,Tier 2,Germany,51.165691,10.451526,0.7862494444444444,41.37205944444444,False,False,False,Within SLA
Closed,3545,Low,Email,Feature request,1st line support,Bernard Beckley,2023-11-08 01:34:12,2023-11-10 01:34:12,2023-11-08 02:34:12,2023-11-08 02:26:43.829,Within SLA,2023-11-09 17:06:52.892,Within SLA,2023-11-13 21:19:07.751,4,4.0,Other,Tier 1,Poland,52.536273,19.050639,0.8755080555555556,39.54469222222222,False,False,False,Within SLA
Closed,3546,Low,Email,Pricing and licensing,2nd line support,Michele Whyatt,2023-11-08 07:43:08,2023-11-10 07:43:08,2023-11-08 08:43:08,2023-11-08 08:13:30.319,Within SLA,2023-11-08 17:05:36.650,Within SLA,2023-11-12 23:48:01.462,8,3.0,Training and Consulting Services,Tier 2,United Kingdom,55.378052,-3.435973,0.5061997222222222,9.374625,False,False,False,Within SLA
Resolved,3547,Medium,Chat,Other,1st line support,Kristos Westoll,2023-11-08 02:07:36,2023-11-09 02:07:36,2023-11-08 02:09:36,2023-11-08 02:13:27.299,SLA Violated,2023-11-08 18:25:53.531,Within SLA,,2,,Training and Consulting Services,Tier 1,Italy,43.036776,12.678565,0.09758305555555555,16.30486972222222,False,False,False,Within SLA
Resolved,3548,Low,Email,Other,1st line support,Nicola Wane,2023-11-08 11:37:14,2023-11-10 11:37:14,2023-11-08 12:37:14,2023-11-08 12:26:42.625,Within SLA,2023-11-11 13:57:47.721,SLA Violated,,6,,Custom software development,Tier 1,Germany,51.165691,10.451526,0.8246180555555556,74.34270027777778,False,False,False,SLA Violated
Resolved,3550,Medium,Chat,Product setup,2nd line support,Adolpho Messingham,2023-11-08 12:19:12,2023-11-09 12:19:12,2023-11-08 12:21:12,2023-11-08 12:20:03.170,Within SLA,2023-11-09 07:10:20.478,Within SLA,,5,,Ready to use Software,Tier 2,Slovenia,46.1491664,14.9860106,0.014213888888888889,18.852355,False,False,False,Within SLA
Closed,3551,High,Email,Feature request,1st line support,Bernard Beckley,2023-11-08 21:27:37,2023-11-10 21:27:37,2023-11-08 22:27:37,2023-11-08 21:38:20.075,Within SLA,2023-11-11 03:53:09.328,SLA Violated,2023-11-13 01:16:10.810,9,4.0,Ready to use Software,Tier 1,Poland,52.536273,19.050639,0.17863194444444447,54.42564666666667,False,False,False,SLA Violated
In progress,3552,Low,Chat,Other,1st line support,Kristos Westoll,2023-11-08 07:52:27,2023-11-09 07:52:27,2023-11-08 07:54:27,2023-11-08 07:53:25.383,Within SLA,,SLA Violated,,8,,Custom software development,Tier 1,France,48.864716,2.349014,0.0162175,,False,False,True,
Closed,3553,High,Email,Training request,1st line support,Connor Danielovitch,2023-11-09 04:47:36,2023-11-11 04:47:36,2023-11-09 05:47:36,2023-11-09 05:01:00.440,Within SLA,2023-11-09 07:06:32.593,Within SLA,2023-11-11 08:15:25.577,5,5.0,Training and Consulting Services,Tier 1,France,48.864716,2.349014,0.22345555555555557,2.315720277777778,False,False,False,Within SLA
In progress,3554,Low,Email,Pricing and licensing,1st line support,Bernard Beckley,2023-11-09 20:45:50,2023-11-11 20:45:50,2023-11-09 21:45:50,2023-11-09 21:44:19.824,Within SLA,,SLA Violated,,8,,Ready to use Software,Tier 1,Spain,39.67337,-4.767726,0.9749511111111111,,False,False,True,
Closed,3555,Low,Email,Product setup,1st line support,Kristos Westoll,2023-11-09 21:18:44,2023-11-11 21:18:44,2023-11-09 22:18:44,2023-11-09 21:24:25.457,Within SLA,2023-11-11 09:20:17.372,Within SLA,2023-11-12 11:59:49.006,9,4.0,Other,Tier 1,Germany,51.165691,10.451526,0.09484916666666666,36.02593666666667,False,False,False,Within SLA
Closed,3556,Low,Email,Pricing and licensing,1st line support,Connor Danielovitch,2023-11-09 23:18:57,2023-11-11 23:18:57,2023-11-10 00:18:57,2023-11-09 23:31:26.868,Within SLA,2023-11-10 01:44:02.416,Within SLA,2023-11-11 08:49:31.395,2,3.0,Custom software development,Tier 1,Austria,47.6964719,13.3457347,0.20829666666666669,2.418171111111111,False,False,False,Within SLA
Closed,3557,Medium,Chat,Purchasing and invoicing,1st line support,Connor Danielovitch,2023-11-09 08:15:53,2023-11-10 08:15:53,2023-11-09 08:17:53,2023-11-09 08:17:34.263,Within SLA,2023-11-09 23:09:37.026,Within SLA,2023-11-14 12:20:54.896,5,3.0,Ready to use Software,Tier 1,Bulgaria,42.7249925,25.4833039,0.02812861111111111,14.895562777777776,False,False,False,Within SLA
Closed,3559,High,Email,Bug report,1st line support,Connor Danielovitch,2023-11-09 03:02:00,2023-11-11 03:02:00,2023-11-09 04:02:00,2023-11-09 03:56:03.882,Within SLA,2023-11-11 23:07:32.200,SLA Violated,2023-11-13 05:56:39.370,1,3.0,Custom software development,Tier 1,Italy,43.036776,12.678565,0.9010783333333333,68.09227777777778,False,False,False,SLA Violated
Closed,3560,Medium,Chat,Feature request,1st line support,Sheela Cutten,2023-11-09 05:13:12,2023-11-10 05:13:12,2023-11-09 05:15:12,2023-11-09 05:13:17.393,Within SLA,2023-11-09 10:31:10.951,Within SLA,2023-11-11 04:05:30.016,4,2.0,Other,Tier 1,Greece,39.368279,21.863141,0.0014980555555555554,5.299708611111112,False,False,False,Within SLA
Resolved,3561,Medium,Email,Pricing and licensing,1st line support,Connor Danielovitch,2023-11-09 00:43:22,2023-11-11 00:43:22,2023-11-09 01:43:22,2023-11-09 01:01:01.925,Within SLA,2023-11-10 22:06:03.966,Within SLA,,1,,Custom software development,Tier 1,Spain,39.67337,-4.767726,0.2944236111111111,45.378323888888886,False,False,False,Within SLA
Closed,3562,High,Email,Pricing and licensing,1st line support,Sheela Cutten,2023-11-10 14:10:13,2023-11-12 14:10:13,2023-11-10 15:10:13,2023-11-10 14:27:26.875,Within SLA,2023-11-11 23:08:30.388,Within SLA,2023-11-13 22:30:20.368,1,4.0,Ready to use Software,Tier 1,Italy,43.036776,12.678565,0.2871875,32.97149666666667,False,False,False,Within SLA
Closed,3563,Medium,Chat,Product setup,1st line support,Sheela Cutten,2023-11-10 00:57:33,2023-11-11 00:57:33,2023-11-10 00:59:33,2023-11-10 00:57:54.056,Within SLA,2023-11-14 17:09:40.239,SLA Violated,2023-11-16 10:05:05.029,7,3.0,Ready to use Software,Tier 1,Italy,43.036776,12.678565,0.00584888888888889,112.20201083333333,False,False,False,SLA Violated
Closed,3565,Low,Email,Other,2nd line support,Adolpho Messingham,2023-11-10 12:56:25,2023-11-12 12:56:25,2023-11-10 13:56:25,2023-11-10 13:48:39.320,Within SLA,2023-11-11 22:40:13.326,Within SLA,2023-11-12 12:07:48.613,2,3.0,Ready to use Software,Tier 2,Italy,43.036776,12.678565,0.8706444444444444,33.730090555555556,False,False,False,Within SLA
Closed,3566,Low,Phone,Product setup,1st line support,Nicola Wane,2023-11-10 23:46:05,2023-11-12 23:46:05,2023-11-10 23:48:05,2023-11-10 23:47:16.641,Within SLA,2023-11-11 22:08:42.402,Within SLA,2023-11-12 05:51:43.135,2,3.0,Ready to use Software,Tier 1,Austria,47.6964719,13.3457347,0.01990027777777778,22.377056111111113,False,False,False,Within SLA
Closed,3567,High,Email,Product setup,1st line support,Bernard Beckley,2023-11-10 11:46:55,2023-11-12 11:46:55,2023-11-10 12:46:55,2023-11-10 11:57:57.097,Within SLA,2023-11-10 16:12:35.355,Within SLA,2023-11-10 17:43:18.718,4,4.0,Other,Tier 1,Czech Republic,49.8037633,15.4749126,0.18391583333333333,4.427876388888889,False,False,False,Within SLA
Resolved,3568,Low,Chat,Product setup,1st line support,Sheela Cutten,2023-11-10 06:58:51,2023-11-11 06:58:51,2023-11-10 07:00:51,2023-11-10 07:00:14.918,Within SLA,2023-11-11 01:54:47.528,Within SLA,,6,,Other,Tier 1,Germany,51.165691,10.451526,0.023310555555555557,18.93236888888889,False,False,False,Within SLA
Closed,3569,Medium,Email,Pricing and licensing,1st line support,Sheela Cutten,2023-11-11 00:40:59,2023-11-13 00:40:59,2023-11-11 01:40:59,2023-11-11 00:57:40.182,Within SLA,2023-11-13 04:51:55.727,SLA Violated,2023-11-15 04:41:38.375,1,4.0,Custom software development,Tier 1,Bulgaria,42.7249925,25.4833039,0.2781061111111111,52.18242416666667,False,False,False,SLA Violated
Closed,3570,Low,Email,Feature request,1st line support,Kristos Westoll,2023-11-11 08:50:21,2023-11-13 08:50:21,2023-11-11 09:50:21,2023-11-11 09:45:27.957,Within SLA,2023-11-12 08:41:11.733,Within SLA,2023-11-12 21:10:46.329,2,5.0,Other,Tier 1,Italy,43.036776,12.678565,0.9185991666666666,23.847425833333332,False,False,False,Within SLA
Resolved,3571,High,Phone,Feature request,1st line support,Nicola Wane,2023-11-11 00:34:31,2023-11-13 00:34:31,2023-11-11 00:36:31,2023-11-11 00:37:57.508,SLA Violated,2023-11-12 20:55:24.902,Within SLA,,4,,Ready to use Software,Tier 1,Poland,52.536273,19.050639,0.057363333333333336,44.348306111111114,False,False,False,Within SLA
Closed,3572,Low,Chat,Purchasing and invoicing,1st line support,Sheela Cutten,2023-11-11 20:11:44,2023-11-12 20:11:44,2023-11-11 20:13:44,2023-11-11 20:12:05.059,Within SLA,2023-11-12 18:22:55.714,Within SLA,2023-11-18 11:13:15.404,2,5.0,Ready to use Software,Tier 1,Bulgaria,42.7249925,25.4833039,0.005849722222222222,22.186587222222226,False,False,False,Within SLA
Closed,3573,High,Email,Purchasing and invoicing,1st line support,Nicola Wane,2023-11-11 00:18:43,2023-11-13 00:18:43,2023-11-11 01:18:43,2023-11-11 00:51:59.069,Within SLA,2023-11-12 04:58:07.820,Within SLA,2023-11-14 07:27:01.975,7,3.0,Ready to use Software,Tier 1,Austria,47.6964719,13.3457347,0.5544636111111111,28.656894444444447,False,False,False,Within SLA
Closed,3574,Medium,Email,Other,1st line support,Connor Danielovitch,2023-11-12 10:50:47,2023-11-14 10:50:47,2023-11-12 11:50:47,2023-11-12 11:19:54.649,Within SLA,2023-11-15 08:29:25.248,SLA Violated,2023-11-17 05:30:44.468,2,3.0,Ready to use Software,Tier 1,Czech Republic,49.8037633,15.4749126,0.48545805555555555,69.64395777777777,False,False,False,SLA Violated
Closed,3575,Medium,Email,Pricing and licensing,1st line support,Nicola Wane,2023-11-12 00:16:05,2023-11-14 00:16:05,2023-11-12 01:16:05,2023-11-12 00:27:51.870,Within SLA,2023-11-12 16:28:13.666,Within SLA,2023-11-14 03:51:38.102,2,5.0,Ready to use Software,Tier 1,Slovenia,46.1491664,14.9860106,0.1963527777777778,16.20240722222222,False,False,False,Within SLA
Closed,3576,Low,Email,Product setup,2nd line support,Adolpho Messingham,2023-11-12 16:48:39,2023-11-14 16:48:39,2023-11-12 17:48:39,2023-11-12 17:37:36.466,Within SLA,2023-11-13 14:20:55.526,Within SLA,2023-11-19 04:28:40.833,3,5.0,Training and Consulting Services,Tier 2,Republic of Ireland,53.094024,-8.019675,0.8159627777777777,21.537923888888887,False,False,False,Within SLA
Resolved,3584,Medium,Phone,Feature request,1st line support,Connor Danielovitch,2023-11-13 16:51:30,2023-11-15 16:51:30,2023-11-13 16:53:30,2023-11-13 16:53:00.837,Within SLA,2023-11-15 10:20:37.456,Within SLA,,2,,Other,Tier 1,France,48.864716,2.349014,0.0252325,41.48540444444445,False,False,False,Within SLA
In progress,3585,Low,Email,Product setup,1st line support,Sheela Cutten,2023-11-13 15:05:45,2023-11-15 15:05:45,2023-11-13 16:05:45,2023-11-13 15:55:46.365,Within SLA,,SLA Violated,,5,,Ready to use Software,Tier 1,Poland,52.536273,19.050639,0.8337125,,False,False,True,
In progress,3586,Low,Email,Purchasing and invoicing,1st line support,Nicola Wane,2023-11-13 08:27:15,2023-11-15 08:27:15,2023-11-13 09:27:15,2023-11-13 08:59:24.616,Within SLA,,SLA Violated,,5,,Custom software development,Tier 1,Republic of Ireland,53.094024,-8.019675,0.5360044444444444,,False,False,True,
Closed,3587,Low,Email,Pricing and licensing,2nd line support,Michele Whyatt,2023-11-13 09:31:45,2023-11-15 09:31:45,2023-11-13 10:31:45,2023-11-13 10:23:52.330,Within SLA,2023-11-14 22:05:55.908,Within SLA,2023-11-20 07:23:36.641,7,4.0,Training and Consulting Services,Tier 2,United Kingdom,55.378052,-3.435973,0.8687027777777777,36.569696666666665,False,False,False,Within SLA
Resolved,3588,High,Chat,Product setup,1st line support,Sheela Cutten,2023-11-13 23:03:20,2023-11-14 23:03:20,2023-11-13 23:05:20,2023-11-13 23:03:42.488,Within SLA,2023-11-14 11:15:15.766,Within SLA,,9,,Ready to use Software,Tier 1,United Kingdom,55.378052,-3.435973,0.006246666666666667,12.19882388888889,False,False,False,Within SLA
Closed,3589,Low,Email,Purchasing and invoicing,1st line support,Nicola Wane,2023-11-13 11:46:21,2023-11-15 11:46:21,2023-11-13 12:46:21,2023-11-13 11:58:27.259,Within SLA,2023-11-15 03:39:49.992,Within SLA,2023-11-17 14:09:24.856,4,4.0,Ready to use Software,Tier 1,Bulgaria,42.7249925,25.4833039,0.2017386111111111,39.89138666666667,False,False,False,Within SLA
In progress,3590,Low,Chat,Product setup,2nd line support,Adolpho Messingham,2023-11-13 04:21:58,2023-11-14 04:21:58,2023-11-13 04:23:58,2023-11-13 04:25:48.641,SLA Violated,,SLA Violated,,6,,Custom software development,Tier 2,Germany,51.165691,10.451526,0.06406694444444444,,False,False,True,
Closed,3591,Medium,Email,Feature request,1st line support,Bernard Beckley,2023-11-14 09:45:25,2023-11-16 09:45:25,2023-11-14 10:45:25,2023-11-14 10:36:07.163,Within SLA,2023-11-19 00:10:52.013,SLA Violated,2023-11-19 16:11:33.535,9,5.0,Ready to use Software,Tier 1,Germany,51.165691,10.451526,0.8450452777777778,110.42417027777778,False,False,False,SLA Violated
Closed,3592,High,Phone,Product setup,1st line support,Bernard Beckley,2023-11-14 12:05:31,2023-11-16 12:05:31,2023-11-14 12:07:31,2023-11-14 12:05:32.877,Within SLA,2023-11-17 03:30:30.635,SLA Violated,2023-11-17 11:57:55.801,4,5.0,Ready to use Software,Tier 1,Poland,52.536273,19.050639,0.0005213888888888889,63.41656527777778,False,False,False,SLA Violated
In progress,3593,Low,Chat,Pricing and licensing,1st line support,Bernard Beckley,2023-11-14 05:07:29,2023-11-15 05:07:29,2023-11-14 05:09:29,2023-11-14 05:09:03.542,Within SLA,,SLA Violated,,6,,Custom software development,Tier 1,Italy,43.036776,12.678565,0.026261666666666666,,False,False,True,
Closed,3594,Low,Email,Feature request,1st line support,Bernard Beckley,2023-11-14 16:11:11,2023-11-16 16:11:11,2023-11-14 17:11:11,2023-11-14 17:08:20.863,Within SLA,2023-11-15 16:52:02.059,Within SLA,2023-11-16 21:05:21.314,7,3.0,Ready to use Software,Tier 1,Italy,43.036776,12.678565,0.9527397222222221,24.68084972222222,False,False,False,Within SLA
In progress,3595,Low,Email,Training request,1st line support,Bernard Beckley,2023-11-14 09:01:58,2023-11-16 09:01:58,2023-11-14 10:01:58,2023-11-14 09:53:19.416,Within SLA,,SLA Violated,,2,,Training and Consulting Services,Tier 1,Slovenia,46.1491664,14.9860106,0.855948888888889,,False,False,True,
Closed,3596,High,Email,Product setup,1st line support,Nicola Wane,2023-11-14 21:15:29,2023-11-16 21:15:29,2023-11-14 22:15:29,2023-11-14 22:00:14.640,Within SLA,2023-11-16 16:54:00.506,Within SLA,2023-11-18 04:30:29.339,1,4.0,Ready to use Software,Tier 1,Spain,39.67337,-4.767726,0.7460111111111111,43.642085,False,False,False,Within SLA
Resolved,3597,Medium,Phone,Pricing and licensing,2nd line support,Adolpho Messingham,2023-11-14 05:20:32,2023-11-16 05:20:32,2023-11-14 05:22:32,2023-11-14 05:22:17.089,Within SLA,2023-11-15 19:11:06.015,Within SLA,,1,,Ready to use Software,Tier 2,United Kingdom,55.378052,-3.435973,0.029191388888888888,37.84278194444445,False,False,False,Within SLA
In progress,3598,High,Email,Product setup,1st line support,Bernard Beckley,2023-11-14 02:14:10,2023-11-16 02:14:10,2023-11-14 03:14:10,2023-11-14 03:06:58.412,Within SLA,,SLA Violated,,7,,Ready to use Software,Tier 1,Bulgaria,42.7249925,25.4833039,0.8801144444444444,,False,False,True,
Resolved,3599,High,Chat,Pricing and licensing,1st line support,Nicola Wane,2023-11-14 05:51:57,2023-11-15 05:51:57,2023-11-14 05:53:57,2023-11-14 05:52:10.523,Within SLA,2023-11-18 05:17:43.590,SLA Violated,,5,,Ready to use Software,Tier 1,Czech Republic,49.8037633,15.4749126,0.003756388888888889,95.42960833333333,False,False,False,SLA Violated
Resolved,3600,Low,Email,Product setup,1st line support,Kristos Westoll,2023-11-15 13:43:51,2023-11-17 13:43:51,2023-11-15 14:43:51,2023-11-15 14:40:46.321,Within SLA,2023-11-16 08:14:46.783,Within SLA,,8,,Other,Tier 1,Republic of Ireland,53.094024,-8.019675,0.9487002777777778,18.515495277777777,False,False,False,Within SLA
Closed,3601,Low,Phone,Pricing and licensing,1st line support,Connor Danielovitch,2023-11-15 19:04:12,2023-11-17 19:04:12,2023-11-15 19:06:12,2023-11-15 19:06:39.019,SLA Violated,2023-11-16 12:15:04.355,Within SLA,2023-11-20 18:06:36.958,3,5.0,Custom software development,Tier 1,Slovenia,46.1491664,14.9860106,0.04083861111111111,17.181209722222224,False,False,False,Within SLA
In progress,3602,Medium,Chat,Product setup,1st line support,Connor Danielovitch,2023-11-15 16:13:20,2023-11-16 16:13:20,2023-11-15 16:15:20,2023-11-15 16:14:50.573,Within SLA,,SLA Violated,,6,,Training and Consulting Services,Tier 1,United Kingdom,55.378052,-3.435973,0.025159166666666666,,False,False,True,
In progress,3603,Low,Chat,Pricing and licensing,2nd line support,Heather Urry,2023-11-15 15:32:02,2023-11-16 15:32:02,2023-11-15 15:34:02,2023-11-15 15:36:41.088,SLA Violated,,SLA Violated,,2,,Ready to use Software,Tier 2,United Kingdom,55.378052,-3.435973,0.07752444444444445,,False,False,True,
Closed,3604,Low,Email,Bug report,1st line support,Bernard Beckley,2023-11-15 22:41:22,2023-11-17 22:41:22,2023-11-15 23:41:22,2023-11-15 23:16:34.267,Within SLA,2023-11-16 16:59:59.567,Within SLA,2023-11-18 23:49:52.404,2,4.0,Ready to use Software,Tier 1,United Kingdom,55.378052,-3.435973,0.5867408333333333,18.310435277777778,False,False,False,Within SLA
In progress,3605,Medium,Email,Pricing and licensing,1st line support,Kristos Westoll,2023-11-15 08:13:13,2023-11-17 08:13:13,2023-11-15 09:13:13,2023-11-15 09:57:35.126,SLA Violated,,SLA Violated,,1,,Other,Tier 1,Poland,52.536273,19.050639,1.7394794444444446,,False,False,True,
Resolved,3606,Low,Email,Feature request,1st line support,Nicola Wane,2023-11-15 19:48:19,2023-11-17 19:48:19,2023-11-15 20:48:19,2023-11-15 19:56:51.394,Within SLA,2023-11-17 22:03:11.859,SLA Violated,,8,,Ready to use Software,Tier 1,Greece,39.368279,21.863141,0.14233166666666666,50.248016388888885,False,False,False,SLA Violated
Closed,3607,Medium,Chat,Other,1st line support,Bernard Beckley,2023-11-15 17:46:50,2023-11-16 17:46:50,2023-11-15 17:48:50,2023-11-15 17:47:24.066,Within SLA,2023-11-16 12:53:29.064,Within SLA,2023-11-20 16:54:34.844,5,5.0,Training and Consulting Services,Tier 1,United Kingdom,55.378052,-3.435973,0.009462777777777778,19.11085111111111,False,False,False,Within SLA
Closed,3608,Low,Chat,Product setup,1st line support,Connor Danielovitch,2023-11-16 14:57:42,2023-11-17 14:57:42,2023-11-16 14:59:42,2023-11-16 14:59:13.701,Within SLA,2023-11-19 05:59:55.242,SLA Violated,2023-11-20 04:12:35.098,5,3.0,Ready to use Software,Tier 1,United Kingdom,55.378052,-3.435973,0.0254725,63.037011666666665,False,False,False,SLA Violated
Closed,3609,Low,Email,Product setup,1st line support,Sheela Cutten,2023-11-16 02:43:21,2023-11-18 02:43:21,2023-11-16 03:43:21,2023-11-16 03:31:44.485,Within SLA,2023-11-17 18:07:25.793,Within SLA,2023-11-18 15:21:53.571,1,4.0,Ready to use Software,Tier 1,Greece,39.368279,21.863141,0.8065236111111111,39.40133138888889,False,False,False,Within SLA
In progress,3610,Medium,Chat,Purchasing and invoicing,2nd line support,Adolpho Messingham,2023-11-16 12:28:46,2023-11-17 12:28:46,2023-11-16 12:30:46,2023-11-16 12:30:14.454,Within SLA,,SLA Violated,,8,,Ready to use Software,Tier 2,Germany,51.165691,10.451526,0.024570555555555554,,False,False,True,
Closed,3611,High,Email,Pricing and licensing,1st line support,Nicola Wane,2023-11-16 05:59:23,2023-11-18 05:59:23,2023-11-16 06:59:23,2023-11-16 06:01:10.095,Within SLA,2023-11-17 05:49:30.595,Within SLA,2023-11-18 20:54:24.237,1,4.0,Custom software development,Tier 1,Germany,51.165691,10.451526,0.02974861111111111,23.835443055555555,False,False,False,Within SLA
Closed,3612,Low,Chat,Pricing and licensing,1st line support,Nicola Wane,2023-11-16 16:11:44,2023-11-17 16:11:44,2023-11-16 16:13:44,2023-11-16 16:12:44.638,Within SLA,2023-11-16 19:28:26.230,Within SLA,2023-11-23 06:43:33.174,4,4.0,Training and Consulting Services,Tier 1,Poland,52.536273,19.050639,0.016843888888888887,3.278397222222222,False,False,False,Within SLA
Resolved,3613,Low,Chat,Pricing and licensing,2nd line support,Michele Whyatt,2023-11-16 03:18:36,2023-11-17 03:18:36,2023-11-16 03:20:36,2023-11-16 03:19:03.716,Within SLA,2023-11-20 07:19:08.090,SLA Violated,,2,,Custom software development,Tier 2,Republic of Ireland,53.094024,-8.019675,0.007698888888888889,100.0089138888889,False,False,False,SLA Violated
Closed,3614,Low,Email,Product setup,2nd line support,Heather Urry,2023-11-16 00:09:43,2023-11-18 00:09:43,2023-11-16 01:09:43,2023-11-16 00:56:30.312,Within SLA,2023-11-20 17:00:24.866,SLA Violated,2023-11-21 04:11:24.627,10,2.0,Training and Consulting Services,Tier 2,Poland,52.536273,19.050639,0.7798088888888889,112.84496277777777,False,False,False,SLA Violated
In progress,3615,Low,Chat,Training request,1st line support,Connor Danielovitch,2023-11-17 21:49:34,2023-11-18 21:49:34,2023-11-17 21:51:34,2023-11-17 21:50:52.222,Within SLA,,SLA Violated,,6,,Training and Consulting Services,Tier 1,Bulgaria,42.7249925,25.4833039,0.021728333333333332,,False,False,True,
In progress,3616,Low,Email,Feature request,1st line support,Nicola Wane,2023-11-17 05:21:24,2023-11-19 05:21:24,2023-11-17 06:21:24,2023-11-17 05:33:49.280,Within SLA,,SLA Violated,,2,,Ready to use Software,Tier 1,United Kingdom,55.378052,-3.435973,0.20702222222222222,,False,False,True,
Resolved,3617,Medium,Email,Product setup,2nd line support,Adolpho Messingham,2023-11-17 07:52:27,2023-11-19 07:52:27,2023-11-17 08:52:27,2023-11-17 08:23:56.403,Within SLA,2023-11-18 06:09:15.771,Within SLA,,3,,Other,Tier 2,Slovenia,46.1491664,14.9860106,0.5248341666666667,22.280214166666664,False,False,False,Within SLA
Closed,3618,Medium,Email,Feature request,1st line support,Kristos Westoll,2023-11-17 19:40:21,2023-11-19 19:40:21,2023-11-17 20:40:21,2023-11-17 19:55:00.160,Within SLA,2023-11-19 18:21:27.637,Within SLA,2023-11-22 14:00:31.698,3,5.0,Ready to use Software,Tier 1,France,48.864716,2.349014,0.2442111111111111,46.68517694444444,False,False,False,Within SLA
Closed,3619,Medium,Email,Feature request,1st line support,Connor Danielovitch,2023-11-17 10:04:40,2023-11-19 10:04:40,2023-11-17 11:04:40,2023-11-17 10:22:14.087,Within SLA,2023-11-20 05:46:44.623,SLA Violated,2023-11-21 18:23:31.103,4,5.0,Custom software development,Tier 1,Czech Republic,49.8037633,15.4749126,0.29280194444444446,67.70128416666667,False,False,False,SLA Violated
Resolved,3620,Low,Email,Pricing and licensing,1st line support,Sheela Cutten,2023-11-17 20:00:23,2023-11-19 20:00:23,2023-11-17 21:00:23,2023-11-17 20:39:52.127,Within SLA,2023-11-18 07:32:22.822,Within SLA,,6,,Custom software development,Tier 1,Czech Republic,49.8037633,15.4749126,0.6580908333333333,11.533283888888889,False,False,False,Within SLA
Closed,3621,Low,Chat,Pricing and licensing,1st line support,Nicola Wane,2023-11-17 15:36:27,2023-11-18 15:36:27,2023-11-17 15:38:27,2023-11-17 15:36:48.551,Within SLA,2023-11-18 12:34:34.535,Within SLA,2023-11-22 11:59:44.363,5,3.0,Custom software development,Tier 1,Italy,43.036776,12.678565,0.005986388888888888,20.968759722222224,False,False,False,Within SLA
Closed,3622,Low,Chat,Pricing and licensing,1st line support,Sheela Cutten,2023-11-17 10:27:31,2023-11-18 10:27:31,2023-11-17 10:29:31,2023-11-17 10:29:27.666,Within SLA,2023-11-18 01:21:36.910,Within SLA,2023-11-20 22:31:09.747,2,5.0,Other,Tier 1,Germany,51.165691,10.451526,0.03240722222222222,14.901641666666668,False,False,False,Within SLA
Closed,3628,Low,Chat,Bug report,2nd line support,Michele Whyatt,2023-11-18 02:08:40,2023-11-19 02:08:40,2023-11-18 02:10:40,2023-11-18 02:09:49.723,Within SLA,2023-11-18 03:13:35.358,Within SLA,2023-11-20 22:53:33.279,60,1.0,Other,Tier 2,Spain,39.67337,-4.767726,0.0193675,1.082043888888889,False,True,False,Within SLA
Closed,3629,Low,Chat,Purchasing and invoicing,1st line support,Bernard Beckley,2023-11-18 11:16:30,2023-11-19 11:16:30,2023-11-18 11:18:30,2023-11-18 11:16:31.101,Within SLA,2023-11-18 13:07:02.578,Within SLA,2023-11-19 20:08:12.616,5,2.0,Other,Tier 1,United Kingdom,55.378052,-3.435973,0.0003058333333333333,1.842382777777778,False,False,False,Within SLA
Resolved,3630,Medium,Email,Purchasing and invoicing,1st line support,Kristos Westoll,2023-11-18 20:23:28,2023-11-20 20:23:28,2023-11-18 21:23:28,2023-11-18 20:41:39.069,Within SLA,2023-11-19 16:14:02.608,Within SLA,,6,,Ready to use Software,Tier 1,Slovenia,46.1491664,14.9860106,0.3030747222222222,19.842946666666666,False,False,False,Within SLA
Resolved,3631,Low,Phone,Product setup,1st line support,Connor Danielovitch,2023-11-19 20:03:12,2023-11-21 20:03:12,2023-11-19 20:05:12,2023-11-19 20:04:18.957,Within SLA,2023-11-20 01:58:38.968,Within SLA,,4,,Ready to use Software,Tier 1,Spain,39.67337,-4.767726,0.018599166666666667,5.924157777777778,False,False,False,Within SLA
Closed,3632,Low,Phone,Feature request,1st line support,Nicola Wane,2023-11-19 01:53:46,2023-11-21 01:53:46,2023-11-19 01:55:46,2023-11-19 01:54:36.379,Within SLA,2023-11-20 21:23:51.468,Within SLA,2023-11-23 13:50:58.897,1,4.0,Ready to use Software,Tier 1,Slovenia,46.1491664,14.9860106,0.013994166666666667,43.50151888888889,False,False,False,Within SLA
Resolved,3633,Low,Email,Pricing and licensing,1st line support,Connor Danielovitch,2023-11-19 01:06:29,2023-11-21 01:06:29,2023-11-19 02:06:29,2023-11-19 01:26:21.733,Within SLA,2023-11-21 02:14:28.585,SLA Violated,,2,,Training and Consulting Services,Tier 1,Spain,39.67337,-4.767726,0.3313147222222222,49.13321805555555,False,False,False,SLA Violated
Resolved,3634,Low,Email,Feature request,1st line support,Sheela Cutten,2023-11-19 07:13:50,2023-11-21 07:13:50,2023-11-19 08:13:50,2023-11-19 08:02:03.985,Within SLA,2023-11-24 22:46:55.987,SLA Violated,,9,,Custom software development,Tier 1,Germany,51.165691,10.451526,0.8038847222222223,135.55166305555557,False,False,False,SLA Violated
Closed,3641,Low,Phone,Pricing and licensing,1st line support,Bernard Beckley,2023-11-19 08:01:12,2023-11-21 08:01:12,2023-11-19 08:03:12,2023-11-19 08:01:17.822,Within SLA,2023-11-22 22:07:20.670,SLA Violated,2023-11-23 18:41:37.754,7,2.0,Other,Tier 1,Italy,43.036776,12.678565,0.0016172222222222222,86.10240833333333,False,False,False,SLA Violated
Closed,3642,Medium,Email,Purchasing and invoicing,1st line support,Nicola Wane,2023-11-20 21:50:19,2023-11-22 21:50:19,2023-11-20 22:50:19,2023-11-20 22:24:14.530,Within SLA,2023-11-22 01:22:29.671,Within SLA,2023-11-22 07:30:38.703,10,4.0,Other,Tier 1,Germany,51.165691,10.451526,0.565425,27.5362975,False,False,False,Within SLA
Closed,3643,Low,Chat,Pricing and licensing,1st line support,Bernard Beckley,2023-11-20 15:38:44,2023-11-21 15:38:44,2023-11-20 15:40:44,2023-11-20 15:38:53.008,Within SLA,2023-11-21 13:26:18.726,Within SLA,2023-11-23 01:12:42.895,2,3.0,Other,Tier 1,Slovenia,46.1491664,14.9860106,0.002502222222222222,21.792979444444445,False,False,False,Within SLA
In progress,3644,High,Phone,Product setup,1st line support,Bernard Beckley,2023-11-20 04:03:51,2023-11-22 04:03:51,2023-11-20 04:05:51,2023-11-20 04:04:23.728,Within SLA,,SLA Violated,,3,,Ready to use Software,Tier 1,Italy,43.036776,12.678565,0.009091111111111112,,False,False,True,
Closed,3646,High,Email,Feature request,1st line support,Bernard Beckley,2023-11-20 08:48:59,2023-11-22 08:48:59,2023-11-20 09:48:59,2023-11-20 09:00:30.369,Within SLA,2023-11-21 23:28:40.692,Within SLA,2023-11-22 12:20:25.919,2,5.0,Custom software development,Tier 1,Slovenia,46.1491664,14.9860106,0.19204694444444445,38.66158111111111,False,False,False,Within SLA
Closed,3647,Low,Email,Product setup,2nd line support,Michele Whyatt,2023-11-20 16:00:41,2023-11-22 16:00:41,2023-11-20 17:00:41,2023-11-20 16:16:13.779,Within SLA,2023-11-22 01:08:54.269,Within SLA,2023-11-24 21:10:11.409,3,4.0,Ready to use Software,Tier 2,Italy,43.036776,12.678565,0.25910527777777775,33.13701916666667,False,False,False,Within SLA
Resolved,3648,High,Chat,Product setup,1st line support,Sheela Cutten,2023-11-20 06:00:11,2023-11-21 06:00:11,2023-11-20 06:02:11,2023-11-20 06:00:46.311,Within SLA,2023-11-20 10:33:00.525,Within SLA,,8,,Training and Consulting Services,Tier 1,Germany,51.165691,10.451526,0.009808611111111112,4.5470902777777775,False,False,False,Within SLA
In progress,3649,Medium,Email,Bug report,1st line support,Connor Danielovitch,2023-11-20 19:02:57,2023-11-22 19:02:57,2023-11-20 20:02:57,2023-11-20 19:07:07.745,Within SLA,,SLA Violated,,1,,Ready to use Software,Tier 1,France,48.864716,2.349014,0.06965138888888889,,False,False,True,
Closed,3650,Medium,Email,Feature request,1st line support,Connor Danielovitch,2023-11-21 07:35:59,2023-11-23 07:35:59,2023-11-21 08:35:59,2023-11-21 07:43:19.158,Within SLA,2023-11-23 02:01:21.600,Within SLA,2023-11-25 13:08:16.433,3,5.0,Other,Tier 1,Germany,51.165691,10.451526,0.12226611111111112,42.42294444444445,False,False,False,Within SLA
Closed,3651,Low,Email,Bug report,2nd line support,Heather Urry,2023-11-21 00:03:06,2023-11-23 00:03:06,2023-11-21 01:03:06,2023-11-21 00:54:29.164,Within SLA,2023-11-21 13:40:18.820,Within SLA,2023-11-23 13:13:17.468,10,4.0,Other,Tier 2,Republic of Ireland,53.094024,-8.019675,0.8564344444444445,13.620227777777778,False,False,False,Within SLA
Closed,3652,Low,Chat,Feature request,1st line support,Kristos Westoll,2023-11-21 22:55:54,2023-11-22 22:55:54,2023-11-21 22:57:54,2023-11-21 22:57:09.409,Within SLA,2023-11-26 12:28:43.929,SLA Violated,2023-11-28 09:45:24.561,5,4.0,Custom software development,Tier 1,United Kingdom,55.378052,-3.435973,0.020946944444444445,109.5472025,False,False,False,SLA Violated
Closed,3653,Medium,Email,Pricing and licensing,1st line support,Sheela Cutten,2023-11-21 06:59:06,2023-11-23 06:59:06,2023-11-21 07:59:06,2023-11-21 06:59:38.652,Within SLA,2023-11-21 19:03:06.719,Within SLA,2023-11-28 16:21:40.214,2,5.0,Custom software development,Tier 1,Poland,52.536273,19.050639,0.00907,12.066866388888888,False,False,False,Within SLA
Closed,3654,Medium,Chat,Feature request,2nd line support,Adolpho Messingham,2023-11-21 19:03:23,2023-11-22 19:03:23,2023-11-21 19:05:23,2023-11-21 19:08:33.873,SLA Violated,2023-11-22 02:22:58.622,Within SLA,2023-11-25 03:22:09.186,2,3.0,Ready to use Software,Tier 2,Bulgaria,42.7249925,25.4833039,0.0863536111111111,7.326561666666667,False,False,False,Within SLA
Closed,3655,High,Email,Product setup,1st line support,Kristos Westoll,2023-11-21 23:09:47,2023-11-23 23:09:47,2023-11-22 00:09:47,2023-11-21 23:25:50.960,Within SLA,2023-11-23 20:08:59.237,Within SLA,2023-11-26 16:01:47.907,1,3.0,Ready to use Software,Tier 1,Italy,43.036776,12.678565,0.26776666666666665,44.986732499999995,False,False,False,Within SLA
Closed,3656,Medium,Chat,Other,1st line support,Connor Danielovitch,2023-11-21 06:29:06,2023-11-22 06:29:06,2023-11-21 06:31:06,2023-11-21 06:30:53.273,Within SLA,2023-11-23 20:16:12.527,SLA Violated,2023-11-24 21:09:00.820,2,3.0,Other,Tier 1,Spain,39.67337,-4.767726,0.029798055555555553,61.78514638888889,False,False,False,SLA Violated
Closed,3657,High,Chat,Pricing and licensing,1st line support,Kristos Westoll,2023-11-21 15:47:44,2023-11-22 15:47:44,2023-11-21 15:49:44,2023-11-21 15:47:54.648,Within SLA,2023-11-27 00:27:45.301,SLA Violated,2023-11-28 10:29:28.038,6,4.0,Ready to use Software,Tier 1,Italy,43.036776,12.678565,0.0029577777777777775,128.66702805555556,False,False,False,SLA Violated
Resolved,3658,Medium,Chat,Purchasing and invoicing,1st line support,Kristos Westoll,2023-11-22 09:08:52,2023-11-23 09:08:52,2023-11-22 09:10:52,2023-11-22 09:10:05.667,Within SLA,2023-11-23 09:27:42.533,SLA Violated,,5,,Custom software development,Tier 1,Austria,47.6964719,13.3457347,0.020463055555555557,24.314036944444442,False,False,False,SLA Violated
Resolved,3659,High,Chat,Pricing and licensing,2nd line support,Michele Whyatt,2023-11-22 04:35:34,2023-11-23 04:35:34,2023-11-22 04:37:34,2023-11-22 04:36:03.309,Within SLA,2023-11-22 19:39:26.310,Within SLA,,2,,Ready to use Software,Tier 2,Czech Republic,49.8037633,15.4749126,0.008141388888888889,15.064530555555555,False,False,False,Within SLA
In progress,3660,Low,Email,Product setup,1st line support,Nicola Wane,2023-11-22 15:51:37,2023-11-24 15:51:37,2023-11-22 16:51:37,2023-11-22 16:32:07.436,Within SLA,,SLA Violated,,10,,Ready to use Software,Tier 1,Italy,43.036776,12.678565,0.6751211111111112,,False,False,True,
Closed,3661,High,Chat,Feature request,2nd line support,Adolpho Messingham,2023-11-22 09:38:49,2023-11-23 09:38:49,2023-11-22 09:40:49,2023-11-22 09:42:57.632,SLA Violated,2023-11-23 03:16:37.056,Within SLA,2023-11-24 06:35:48.615,2,3.0,Custom software development,Tier 2,United Kingdom,55.378052,-3.435973,0.06906444444444444,17.630015555555556,False,False,False,Within SLA
Closed,3662,High,Chat,Pricing and licensing,1st line support,Bernard Beckley,2023-11-22 11:28:44,2023-11-23 11:28:44,2023-11-22 11:30:44,2023-11-22 11:29:15.102,Within SLA,2023-11-22 14:09:16.170,Within SLA,2023-11-24 20:15:00.984,6,3.0,Custom software development,Tier 1,Poland,52.536273,19.050639,0.008639444444444444,2.6756027777777778,False,False,False,Within SLA
Closed,3663,Low,Email,Pricing and licensing,1st line support,Nicola Wane,2023-11-22 06:02:56,2023-11-24 06:02:56,2023-11-22 07:02:56,2023-11-22 10:44:09.060,SLA Violated,2023-11-22 23:17:22.286,Within SLA,2023-11-25 10:26:27.423,10,4.0,Custom software development,Tier 1,Poland,52.536273,19.050639,4.686961111111112,17.240635,False,False,False,Within SLA
Closed,3664,Medium,Chat,Product setup,2nd line support,Adolpho Messingham,2023-11-22 23:44:36,2023-11-23 23:44:36,2023-11-22 23:46:36,2023-11-22 23:45:24.646,Within SLA,2023-11-23 13:28:31.636,Within SLA,2023-11-25 04:40:35.829,6,4.0,Ready to use Software,Tier 2,Poland,52.536273,19.050639,0.013512777777777778,13.73212111111111,False,False,False,Within SLA
Resolved,3665,Low,Chat,Product setup,2nd line support,Heather Urry,2023-11-22 14:26:53,2023-11-23 14:26:53,2023-11-22 14:28:53,2023-11-22 14:28:04.879,Within SLA,2023-11-25 19:50:04.662,SLA Violated,,6,,Custom software development,Tier 2,Poland,52.536273,19.050639,0.01996638888888889,77.38657277777779,False,False,False,SLA Violated
In progress,3669,Low,Chat,Pricing and licensing,1st line support,Connor Danielovitch,2023-11-23 06:42:07,2023-11-24 06:42:07,2023-11-23 06:44:07,2023-11-23 06:43:28.670,Within SLA,,SLA Violated,,2,,Ready to use Software,Tier 1,Germany,51.165691,10.451526,0.022686111111111112,,False,False,True,
Resolved,3670,Medium,Chat,Bug report,1st line support,Bernard Beckley,2023-11-23 19:35:42,2023-11-24 19:35:42,2023-11-23 19:37:42,2023-11-23 19:36:30.400,Within SLA,2023-11-27 08:54:06.770,SLA Violated,,5,,Custom software development,Tier 1,Italy,43.036776,12.678565,0.013444444444444445,85.30688055555557,False,False,False,SLA Violated
Resolved,3671,High,Chat,Pricing and licensing,1st line support,Bernard Beckley,2023-11-23 05:58:08,2023-11-24 05:58:08,2023-11-23 06:00:08,2023-11-23 05:58:24.132,Within SLA,2023-11-23 13:18:36.752,Within SLA,,5,,Ready to use Software,Tier 1,Poland,52.536273,19.050639,0.004481111111111112,7.3413200000000005,False,False,False,Within SLA
Resolved,3672,Low,Chat,Purchasing and invoicing,2nd line support,Michele Whyatt,2023-11-23 10:29:17,2023-11-24 10:29:17,2023-11-23 10:31:17,2023-11-23 10:30:21.122,Within SLA,2023-11-23 16:37:45.853,Within SLA,,8,,Training and Consulting Services,Tier 2,Czech Republic,49.8037633,15.4749126,0.017811666666666667,6.1413480555555555,False,False,False,Within SLA
Closed,3673,Medium,Email,Purchasing and invoicing,1st line support,Nicola Wane,2023-11-23 10:29:18,2023-11-25 10:29:18,2023-11-23 11:29:18,2023-11-23 11:27:40.011,Within SLA,2023-11-26 16:12:58.336,SLA Violated,2023-11-27 00:15:06.461,1,5.0,Ready to use Software,Tier 1,Greece,39.368279,21.863141,0.9727808333333333,77.72787111111111,False,False,False,SLA Violated
Resolved,3674,Low,Chat,Feature request,1st line support,Nicola Wane,2023-11-24 00:20:37,2023-11-25 00:20:37,2023-11-24 00:22:37,2023-11-24 00:21:07.236,Within SLA,2023-11-25 12:24:19.333,SLA Violated,,6,,Ready to use Software,Tier 1,France,48.864716,2.349014,0.00839888888888889,36.06175916666667,False,False,False,SLA Violated
Closed,3675,Low,Email,Other,1st line support,Bernard Beckley,2023-11-24 10:39:39,2023-11-26 10:39:39,2023-11-24 11:39:39,2023-11-24 10:43:57.801,Within SLA,2023-11-26 00:25:24.011,Within SLA,2023-11-30 20:17:19.707,9,2.0,Training and Consulting Services,Tier 1,Poland,52.536273,19.050639,0.07188916666666666,37.762503055555555,False,False,False,Within SLA
Resolved,3677,High,Email,Product setup,2nd line support,Michele Whyatt,2023-11-24 01:46:54,2023-11-26 01:46:54,2023-11-24 02:46:54,2023-11-24 02:16:10.113,Within SLA,2023-11-24 09:10:03.766,Within SLA,,2,,Ready to use Software,Tier 2,Austria,47.6964719,13.3457347,0.4878091666666667,7.386046111111111,False,False,False,Within SLA
Closed,3678,Medium,Email,Bug report,1st line support,Nicola Wane,2023-11-24 14:47:52,2023-11-26 14:47:52,2023-11-24 15:47:52,2023-11-24 15:34:43.139,Within SLA,2023-11-24 21:03:38.867,Within SLA,2023-11-29 08:36:39.053,2,3.0,Ready to use Software,Tier 1,Germany,51.165691,10.451526,0.7808719444444445,6.263018611111111,False,False,False,Within SLA
Resolved,3679,Medium,Email,Training request,2nd line support,Heather Urry,2023-11-24 02:11:22,2023-11-26 02:11:22,2023-11-24 03:11:22,2023-11-24 02:12:07.774,Within SLA,2023-11-29 21:57:51.502,SLA Violated,,7,,Training and Consulting Services,Tier 2,Poland,52.536273,19.050639,0.012715,139.77486166666665,False,False,False,SLA Violated
Closed,3680,High,Email,Other,1st line support,Sheela Cutten,2023-11-24 23:36:32,2023-11-26 23:36:32,2023-11-25 00:36:32,2023-11-25 00:33:14.308,Within SLA,2023-11-25 05:02:36.476,Within SLA,2023-11-28 05:24:03.358,2,5.0,Training and Consulting Services,Tier 1,Italy,43.036776,12.678565,0.9450855555555555,5.434576666666667,False,False,False,Within SLA
Closed,3681,Low,Email,Pricing and licensing,1st line support,Nicola Wane,2023-11-24 10:27:27,2023-11-26 10:27:27,2023-11-24 11:27:27,2023-11-24 11:07:17.003,Within SLA,2023-11-29 12:33:08.057,SLA Violated,2023-12-01 00:57:06.012,2,2.0,Custom software development,Tier 1,Germany,51.165691,10.451526,0.6638897222222223,122.09473805555555,False,False,False,SLA Violated
Closed,3682,Low,Phone,Feature request,1st line support,Bernard Beckley,2023-11-24 11:18:52,2023-11-26 11:18:52,2023-11-24 11:20:52,2023-11-24 11:22:47.454,SLA Violated,2023-11-25 02:11:56.616,Within SLA,2023-11-27 03:54:51.261,2,4.0,Custom software development,Tier 1,United Kingdom,55.378052,-3.435973,0.06540388888888889,14.884615555555555,False,False,False,Within SLA
Resolved,3683,Low,Email,Pricing and licensing,1st line support,Kristos Westoll,2023-11-24 04:11:59,2023-11-26 04:11:59,2023-11-24 05:11:59,2023-11-24 04:33:06.392,Within SLA,2023-11-25 04:58:04.203,Within SLA,,1,,Ready to use Software,Tier 1,Republic of Ireland,53.094024,-8.019675,0.35205333333333333,24.768111944444442,False,False,False,Within SLA
Closed,3684,Low,Chat,Product setup,2nd line support,Adolpho Messingham,2023-11-24 07:46:27,2023-11-25 07:46:27,2023-11-24 07:48:27,2023-11-24 07:46:47.500,Within SLA,2023-11-24 08:54:20.524,Within SLA,2023-11-27 02:32:50.356,6,4.0,Ready to use Software,Tier 2,Germany,51.165691,10.451526,0.005694444444444445,1.1315344444444444,False,False,False,Within SLA
Resolved,3685,Low,Chat,Product setup,1st line support,Kristos Westoll,2023-11-24 15:45:32,2023-11-25 15:45:32,2023-11-24 15:47:32,2023-11-24 15:47:39.905,SLA Violated,2023-11-27 02:18:28.841,SLA Violated,,5,,Ready to use Software,Tier 1,Italy,43.036776,12.678565,0.03552916666666667,58.549122499999996,False,False,False,SLA Violated
Closed,3686,Low,Chat,Bug report,1st line support,Kristos Westoll,2023-11-25 19:03:37,2023-11-26 19:03:37,2023-11-25 19:05:37,2023-11-25 19:03:42.366,Within SLA,2023-11-25 21:58:54.686,Within SLA,2023-12-01 08:17:48.509,2,4.0,Ready to use Software,Tier 1,Germany,51.165691,10.451526,0.0014905555555555555,2.9215794444444443,False,False,False,Within SLA
Resolved,3693,High,Chat,Bug report,1st line support,Kristos Westoll,2023-11-25 11:16:49,2023-11-26 11:16:49,2023-11-25 11:18:49,2023-11-25 11:17:41.984,Within SLA,2023-11-25 23:40:02.567,Within SLA,,60,,Ready to use Software,Tier 1,Czech Republic,49.8037633,15.4749126,0.014717777777777778,12.387101944444446,False,True,False,Within SLA
In progress,3695,Low,Chat,Feature request,1st line support,Nicola Wane,2023-11-26 16:49:41,2023-11-27 16:49:41,2023-11-26 16:51:41,2023-11-26 16:51:04.423,Within SLA,,SLA Violated,,6,,Ready to use Software,Tier 1,Poland,52.536273,19.050639,0.023173055555555554,,False,False,True,
Closed,3696,Low,Chat,Product setup,2nd line support,Adolpho Messingham,2023-11-26 02:11:43,2023-11-27 02:11:43,2023-11-26 02:13:43,2023-11-26 02:13:26.469,Within SLA,2023-11-26 18:12:16.929,Within SLA,2023-11-28 14:04:56.562,2,5.0,Custom software development,Tier 2,Austria,47.6964719,13.3457347,0.028741388888888886,16.00942472222222,False,False,False,Within SLA
Closed,3697,Medium,Email,Product setup,2nd line support,Michele Whyatt,2023-11-27 14:51:28,2023-11-29 14:51:28,2023-11-27 15:51:28,2023-11-27 14:56:33.931,Within SLA,2023-11-28 05:17:53.969,Within SLA,2023-11-29 15:18:54.852,1,1.0,Ready to use Software,Tier 2,France,48.864716,2.349014,0.08498083333333332,14.440546944444444,False,False,False,Within SLA
Closed,3698,High,Email,Product setup,1st line support,Sheela Cutten,2023-11-27 09:25:50,2023-11-29 09:25:50,2023-11-27 10:25:50,2023-11-27 10:21:38.933,Within SLA,2023-11-29 15:47:20.091,SLA Violated,2023-12-01 14:43:25.517,4,4.0,Ready to use Software,Tier 1,Italy,43.036776,12.678565,0.9302591666666666,54.35835861111111,False,False,False,SLA Violated
Resolved,3699,Medium,Email,Bug report,2nd line support,Adolpho Messingham,2023-11-27 03:24:46,2023-11-29 03:24:46,2023-11-27 04:24:46,2023-11-27 04:22:32.706,Within SLA,2023-11-30 18:53:18.962,SLA Violated,,5,,Custom software development,Tier 2,United Kingdom,55.378052,-3.435973,0.9629738888888889,87.47582277777778,False,False,False,SLA Violated
In progress,3700,High,Chat,Feature request,1st line support,Bernard Beckley,2023-11-27 07:00:19,2023-11-28 07:00:19,2023-11-27 07:02:19,2023-11-27 07:05:56.785,SLA Violated,,SLA Violated,,6,,Custom software development,Tier 1,Italy,43.036776,12.678565,0.09382916666666667,,False,False,True,
Closed,3701,High,Email,Purchasing and invoicing,1st line support,Nicola Wane,2023-11-27 14:41:58,2023-11-29 14:41:58,2023-11-27 15:41:58,2023-11-27 15:39:50.911,Within SLA,2023-11-29 11:08:47.690,Within SLA,2023-12-02 20:09:57.817,5,4.0,Custom software development,Tier 1,United Kingdom,55.378052,-3.435973,0.9646975,44.447136111111114,False,False,False,Within SLA
Closed,3703,Low,Email,Pricing and licensing,1st line support,Nicola Wane,2023-11-27 20:44:12,2023-11-29 20:44:12,2023-11-27 21:44:12,2023-11-27 21:14:15.901,Within SLA,2023-11-28 13:17:30.166,Within SLA,2023-12-04 00:07:55.689,1,4.0,Custom software development,Tier 1,United Kingdom,55.378052,-3.435973,0.5010836111111111,16.55504611111111,False,False,False,Within SLA
Resolved,3704,High,Chat,Product setup,2nd line support,Michele Whyatt,2023-11-27 06:31:14,2023-11-28 06:31:14,2023-11-27 06:33:14,2023-11-27 06:31:53.337,Within SLA,2023-12-02 05:33:10.356,SLA Violated,,2,,Ready to use Software,Tier 2,Italy,43.036776,12.678565,0.010926944444444446,119.03232111111112,False,False,False,SLA Violated
Closed,3705,Low,Chat,Purchasing and invoicing,1st line support,Sheela Cutten,2023-11-27 04:05:38,2023-11-28 04:05:38,2023-11-27 04:07:38,2023-11-27 04:06:21.057,Within SLA,2023-11-28 01:48:31.751,Within SLA,2023-11-29 11:11:56.076,6,2.0,Other,Tier 1,Poland,52.536273,19.050639,0.011960277777777778,21.714930833333334,False,False,False,Within SLA
Closed,3706,Low,Email,Bug report,1st line support,Bernard Beckley,2023-11-27 01:35:50,2023-11-29 01:35:50,2023-11-27 02:35:50,2023-11-27 02:23:11.655,Within SLA,2023-11-27 04:07:47.377,Within SLA,2023-12-01 11:33:59.547,5,2.0,Training and Consulting Services,Tier 1,Germany,51.165691,10.451526,0.7893486111111112,2.5326047222222225,False,False,False,Within SLA
Resolved,3707,Low,Email,Product setup,1st line support,Sheela Cutten,2023-11-28 01:50:18,2023-11-30 01:50:18,2023-11-28 02:50:18,2023-11-28 02:26:28.618,Within SLA,2023-12-03 14:32:57.587,SLA Violated,,4,,Ready to use Software,Tier 1,Italy,43.036776,12.678565,0.6029494444444444,132.7109963888889,False,False,False,SLA Violated
Resolved,3708,Medium,Email,Purchasing and invoicing,2nd line support,Adolpho Messingham,2023-11-28 02:08:15,2023-11-30 02:08:15,2023-11-28 03:08:15,2023-11-28 02:43:20.405,Within SLA,2023-11-28 04:33:22.480,Within SLA,,1,,Custom software development,Tier 2,France,48.864716,2.349014,0.5848347222222223,2.418744444444444,False,False,False,Within SLA
Closed,3709,Low,Email,Feature request,1st line support,Sheela Cutten,2023-11-28 10:37:48,2023-11-30 10:37:48,2023-11-28 11:37:48,2023-11-28 13:17:35.413,SLA Violated,2023-12-03 09:03:44.393,SLA Violated,2023-12-03 23:49:46.167,8,3.0,Other,Tier 1,Italy,43.036776,12.678565,2.6631702777777777,118.43233138888888,False,False,False,SLA Violated
In progress,3710,Low,Email,Product setup,1st line support,Sheela Cutten,2023-11-28 07:52:47,2023-11-30 07:52:47,2023-11-28 08:52:47,2023-11-28 08:30:35.702,Within SLA,,SLA Violated,,8,,Ready to use Software,Tier 1,Italy,43.036776,12.678565,0.6301950000000001,,False,False,True,
Resolved,3711,Low,Email,Product setup,1st line support,Nicola Wane,2023-11-28 18:20:48,2023-11-30 18:20:48,2023-11-28 19:20:48,2023-11-28 18:59:12.063,Within SLA,2023-11-29 23:37:00.438,Within SLA,,8,,Ready to use Software,Tier 1,Slovenia,46.1491664,14.9860106,0.6400175,29.270121666666665,False,False,False,Within SLA
Closed,3712,High,Email,Feature request,2nd line support,Adolpho Messingham,2023-11-29 02:28:15,2023-12-01 02:28:15,2023-11-29 03:28:15,2023-11-29 02:34:00.864,Within SLA,2023-11-29 22:23:25.388,Within SLA,2023-12-02 13:11:35.646,2,1.0,Custom software development,Tier 2,Poland,52.536273,19.050639,0.09607333333333333,19.919552222222222,False,False,False,Within SLA
In progress,3713,Low,Email,Bug report,1st line support,Connor Danielovitch,2023-11-29 15:15:55,2023-12-01 15:15:55,2023-11-29 16:15:55,2023-11-29 15:33:56.595,Within SLA,,SLA Violated,,10,,Ready to use Software,Tier 1,Greece,39.368279,21.863141,0.30044305555555556,,False,False,True,
Closed,3715,Medium,Chat,Purchasing and invoicing,1st line support,Sheela Cutten,2023-11-29 04:46:58,2023-11-30 04:46:58,2023-11-29 04:48:58,2023-11-29 04:48:12.504,Within SLA,2023-11-29 20:39:33.175,Within SLA,2023-12-01 19:30:09.755,8,2.0,Other,Tier 1,Poland,52.536273,19.050639,0.020695555555555557,15.876437500000002,False,False,False,Within SLA
In progress,3716,Low,Chat,Product setup,1st line support,Nicola Wane,2023-11-29 03:34:33,2023-11-30 03:34:33,2023-11-29 03:36:33,2023-11-29 03:34:38.479,Within SLA,,SLA Violated,,5,,Training and Consulting Services,Tier 1,France,48.864716,2.349014,0.0015219444444444445,,False,False,True,
Resolved,3717,Medium,Phone,Pricing and licensing,1st line support,Sheela Cutten,2023-11-29 13:23:18,2023-12-01 13:23:18,2023-11-29 13:25:18,2023-11-29 13:24:58.373,Within SLA,2023-11-30 15:16:03.000,Within SLA,,1,,Custom software development,Tier 1,Germany,51.165691,10.451526,0.02788138888888889,25.879166666666666,False,False,False,Within SLA
In progress,3718,Medium,Chat,Feature request,1st line support,Bernard Beckley,2023-11-29 11:04:30,2023-11-30 11:04:30,2023-11-29 11:06:30,2023-11-29 11:04:42.768,Within SLA,,SLA Violated,,60,,Custom software development,Tier 1,Italy,43.036776,12.678565,0.0035466666666666667,,False,True,True,
Closed,3719,Medium,Chat,Pricing and licensing,1st line support,Bernard Beckley,2023-11-29 02:12:23,2023-11-30 02:12:23,2023-11-29 02:14:23,2023-11-29 02:13:01.343,Within SLA,2023-11-30 19:10:46.511,SLA Violated,2023-12-01 14:41:03.937,8,4.0,Training and Consulting Services,Tier 1,Germany,51.165691,10.451526,0.010650833333333335,40.9731975,False,False,False,SLA Violated
Closed,3720,Medium,Phone,Feature request,1st line support,Connor Danielovitch,2023-11-29 03:46:33,2023-12-01 03:46:33,2023-11-29 03:48:33,2023-11-29 03:47:39.823,Within SLA,2023-11-30 00:57:54.009,Within SLA,2023-11-30 02:23:36.007,6,5.0,Ready to use Software,Tier 1,Poland,52.536273,19.050639,0.018561944444444443,21.18916916666667,False,False,False,Within SLA
Closed,3721,High,Email,Pricing and licensing,1st line support,Connor Danielovitch,2023-11-29 00:31:07,2023-12-01 00:31:07,2023-11-29 01:31:07,2023-11-29 00:59:46.276,Within SLA,2023-11-30 06:00:46.278,Within SLA,2023-12-02 13:42:56.063,1,5.0,Ready to use Software,Tier 1,Bulgaria,42.7249925,25.4833039,0.4775766666666667,29.49424388888889,False,False,False,Within SLA
Closed,3722,Low,Phone,Pricing and licensing,1st line support,Sheela Cutten,2023-11-29 12:46:20,2023-12-01 12:46:20,2023-11-29 12:48:20,2023-11-29 12:46:48.712,Within SLA,2023-12-01 09:30:32.247,Within SLA,2023-12-04 08:32:26.265,2,3.0,Other,Tier 1,Czech Republic,49.8037633,15.4749126,0.007975555555555555,44.736735277777775,False,False,False,Within SLA
Closed,3723,Low,Email,Feature request,1st line support,Bernard Beckley,2023-11-29 20:07:50,2023-12-01 20:07:50,2023-11-29 21:07:50,2023-11-29 20:21:09.667,Within SLA,2023-11-29 21:45:04.986,Within SLA,2023-12-03 10:03:22.863,9,3.0,Custom software development,Tier 1,United Kingdom,55.378052,-3.435973,0.22212972222222224,1.6208294444444444,False,False,False,Within SLA
Resolved,3724,High,Email,Purchasing and invoicing,1st line support,Kristos Westoll,2023-11-30 07:39:04,2023-12-02 07:39:04,2023-11-30 08:39:04,2023-11-30 08:08:17.262,Within SLA,2023-12-02 09:19:51.991,SLA Violated,,2,,Custom software development,Tier 1,Greece,39.368279,21.863141,0.4870172222222222,49.679997500000006,False,False,False,SLA Violated
Closed,3725,Low,Phone,Pricing and licensing,1st line support,Bernard Beckley,2023-11-30 12:40:21,2023-12-02 12:40:21,2023-11-30 12:42:21,2023-11-30 12:41:21.593,Within SLA,2023-12-04 18:26:20.899,SLA Violated,2023-12-05 05:59:18.649,4,5.0,Ready to use Software,Tier 1,Germany,51.165691,10.451526,0.01683138888888889,101.7666386111111,False,False,False,SLA Violated
Closed,3726,Low,Email,Pricing and licensing,2nd line support,Adolpho Messingham,2023-11-30 08:39:54,2023-12-02 08:39:54,2023-11-30 09:39:54,2023-11-30 09:15:17.758,Within SLA,2023-12-01 11:13:29.566,Within SLA,2023-12-02 10:41:13.881,1,3.0,Ready to use Software,Tier 2,Poland,52.536273,19.050639,0.5899327777777778,26.559879444444448,False,False,False,Within SLA
Resolved,3727,High,Chat,Feature request,1st line support,Sheela Cutten,2023-11-30 15:07:53,2023-12-01 15:07:53,2023-11-30 15:09:53,2023-11-30 15:08:20.329,Within SLA,2023-12-01 07:12:03.957,Within SLA,,5,,Ready to use Software,Tier 1,Greece,39.368279,21.863141,0.007591388888888889,16.06971027777778,False,False,False,Within SLA
Resolved,3728,High,Email,Product setup,2nd line support,Heather Urry,2023-11-30 15:06:50,2023-12-02 15:06:50,2023-11-30 16:06:50,2023-11-30 16:01:08.585,Within SLA,2023-12-02 03:32:57.285,Within SLA,,7,,Custom software development,Tier 2,Austria,47.6964719,13.3457347,0.9051625,36.43535694444444,False,False,False,Within SLA
Closed,3729,Medium,Email,Bug report,1st line support,Sheela Cutten,2023-11-30 22:24:05,2023-12-02 22:24:05,2023-11-30 23:24:05,2023-11-30 23:03:37.064,Within SLA,2023-12-01 15:54:39.524,Within SLA,2023-12-04 02:37:45.890,1,2.0,Custom software development,Tier 1,Republic of Ireland,53.094024,-8.019675,0.6589066666666666,17.50959,False,False,False,Within SLA
Closed,3730,Low,Chat,Product setup,2nd line support,Adolpho Messingham,2023-11-30 01:16:32,2023-12-01 01:16:32,2023-11-30 01:18:32,2023-11-30 01:20:32.496,SLA Violated,2023-12-02 19:57:31.229,SLA Violated,2023-12-03 06:06:34.581,6,4.0,Custom software development,Tier 2,Italy,43.036776,12.678565,0.06680444444444444,66.68311916666667,False,False,False,SLA Violated
Closed,3731,Low,Phone,Feature request,1st line support,Connor Danielovitch,2023-11-30 13:33:41,2023-12-02 13:33:41,2023-11-30 13:35:41,2023-11-30 13:35:34.744,Within SLA,2023-12-01 17:06:20.717,Within SLA,2023-12-04 01:57:47.948,2,5.0,Ready to use Software,Tier 1,Czech Republic,49.8037633,15.4749126,0.03159555555555556,27.544365833333334,False,False,False,Within SLA
Resolved,3732,Low,Email,Pricing and licensing,1st line support,Connor Danielovitch,2023-11-30 01:43:27,2023-12-02 01:43:27,2023-11-30 02:43:27,2023-11-30 02:01:13.454,Within SLA,2023-12-01 18:12:03.345,Within SLA,,2,,Ready to use Software,Tier 1,Germany,51.165691,10.451526,0.2962372222222222,40.4767625,False,False,False,Within SLA
Closed,3733,High,Email,Pricing and licensing,1st line support,Bernard Beckley,2023-11-30 10:52:26,2023-12-02 10:52:26,2023-11-30 11:52:26,2023-11-30 11:08:19.754,Within SLA,2023-12-01 18:29:07.996,Within SLA,2023-12-03 15:48:35.141,7,4.0,Ready to use Software,Tier 1,Spain,39.67337,-4.767726,0.2649316666666667,31.611665555555554,False,False,False,Within SLA
Closed,3734,Low,Email,Purchasing and invoicing,1st line support,Bernard Beckley,2023-11-30 11:14:08,2023-12-02 11:14:08,2023-11-30 12:14:08,2023-11-30 11:27:48.267,Within SLA,2023-12-02 10:47:26.612,Within SLA,2023-12-06 22:40:45.899,7,4.0,Training and Consulting Services,Tier 1,Poland,52.536273,19.050639,0.22785194444444445,47.55517,False,False,False,Within SLA
Closed,3735,Low,Chat,Bug report,1st line support,Nicola Wane,2023-11-30 15:41:41,2023-12-01 15:41:41,2023-11-30 15:43:41,2023-11-30 15:43:19.398,Within SLA,2023-12-01 09:22:16.193,Within SLA,2023-12-04 14:20:14.709,2,4.0,Custom software development,Tier 1,Italy,43.036776,12.678565,0.027332777777777775,17.6764425,False,False,False,Within SLA
Closed,3736,Low,Chat,Product setup,1st line support,Nicola Wane,2023-11-30 12:36:28,2023-12-01 12:36:28,2023-11-30 12:38:28,2023-11-30 12:37:52.060,Within SLA,2023-12-02 08:29:03.081,SLA Violated,2023-12-03 11:50:48.097,2,1.0,Other,Tier 1,Italy,43.036776,12.678565,0.02335,43.87641138888889,False,False,False,SLA Violated
In progress,3737,Low,Email,Pricing and licensing,1st line support,Bernard Beckley,2023-12-01 04:12:24,2023-12-03 04:12:24,2023-12-01 05:12:24,2023-12-01 05:11:25.657,Within SLA,,SLA Violated,,10,,Custom software development,Tier 1,United Kingdom,55.378052,-3.435973,0.9837936111111112,,False,False,True,
In progress,3738,Low,Email,Other,1st line support,Nicola Wane,2023-12-01 10:27:24,2023-12-03 10:27:24,2023-12-01 11:27:24,2023-12-01 11:06:51.421,Within SLA,,SLA Violated,,5,,Custom software development,Tier 1,Greece,39.368279,21.863141,0.6576169444444444,,False,False,True,
Closed,3739,Medium,Email,Purchasing and invoicing,2nd line support,Heather Urry,2023-12-01 06:10:41,2023-12-03 06:10:41,2023-12-01 07:10:41,2023-12-01 06:50:05.824,Within SLA,2023-12-02 11:33:18.965,Within SLA,2023-12-02 15:24:12.487,5,4.0,Ready to use Software,Tier 2,Bulgaria,42.7249925,25.4833039,0.6568955555555556,29.3772125,False,False,False,Within SLA
Closed,3742,Medium,Email,Product setup,1st line support,Kristos Westoll,2023-12-01 08:23:02,2023-12-03 08:23:02,2023-12-01 09:23:02,2023-12-01 09:09:50.930,Within SLA,2023-12-02 20:56:45.432,Within SLA,2023-12-03 12:45:18.724,1,3.0,Ready to use Software,Tier 1,Austria,47.6964719,13.3457347,0.7802583333333333,36.562064444444445,False,False,False,Within SLA
In progress,3743,Medium,Chat,Product setup,2nd line support,Michele Whyatt,2023-12-01 22:43:53,2023-12-02 22:43:53,2023-12-01 22:45:53,2023-12-01 22:48:41.494,SLA Violated,,SLA Violated,,6,,Ready to use Software,Tier 2,Poland,52.536273,19.050639,0.08013722222222223,,False,False,True,
Closed,3744,High,Chat,Feature request,2nd line support,Adolpho Messingham,2023-12-02 03:13:09,2023-12-03 03:13:09,2023-12-02 03:15:09,2023-12-02 03:14:10.235,Within SLA,2023-12-02 21:38:15.621,Within SLA,2023-12-03 13:34:01.259,7,5.0,Ready to use Software,Tier 2,Austria,47.6964719,13.3457347,0.01700972222222222,18.418505833333334,False,False,False,Within SLA
Closed,3745,Low,Email,Feature request,1st line support,Nicola Wane,2023-12-02 03:47:24,2023-12-04 03:47:24,2023-12-02 04:47:24,2023-12-02 03:56:47.390,Within SLA,2023-12-08 01:00:06.059,SLA Violated,2023-12-08 03:15:28.282,3,4.0,Ready to use Software,Tier 1,Spain,39.67337,-4.767726,0.15649722222222223,141.21168305555557,False,False,False,SLA Violated
Closed,3746,High,Email,Bug report,1st line support,Nicola Wane,2023-12-02 17:40:06,2023-12-04 17:40:06,2023-12-02 18:40:06,2023-12-02 18:34:08.522,Within SLA,2023-12-03 17:42:02.201,Within SLA,2023-12-04 17:56:55.322,1,2.0,Custom software development,Tier 1,Republic of Ireland,53.094024,-8.019675,0.9007005555555555,24.032278055555555,False,False,False,Within SLA
Closed,3752,Low,Email,Purchasing and invoicing,1st line support,Nicola Wane,2023-12-02 15:47:24,2023-12-04 15:47:24,2023-12-02 16:47:24,2023-12-02 18:53:52.647,SLA Violated,2023-12-02 20:31:13.411,Within SLA,2023-12-05 02:36:21.463,5,4.0,Ready to use Software,Tier 1,Greece,39.368279,21.863141,3.1079575000000004,4.730391944444444,False,False,False,Within SLA
Resolved,3753,Low,Chat,Pricing and licensing,2nd line support,Michele Whyatt,2023-12-02 01:33:34,2023-12-03 01:33:34,2023-12-02 01:35:34,2023-12-02 01:34:00.309,Within SLA,2023-12-03 08:36:02.762,SLA Violated,,2,,Ready to use Software,Tier 2,Bulgaria,42.7249925,25.4833039,0.0073080555555555555,31.04132277777778,False,False,False,SLA Violated
In progress,3755,Medium,Chat,Product setup,1st line support,Sheela Cutten,2023-12-03 07:41:59,2023-12-04 07:41:59,2023-12-03 07:43:59,2023-12-03 07:43:03.640,Within SLA,,SLA Violated,,2,,Custom software development,Tier 1,Italy,43.036776,12.678565,0.017955555555555554,,False,False,True,
Closed,3756,Low,Email,Pricing and licensing,1st line support,Sheela Cutten,2023-12-03 23:02:15,2023-12-05 23:02:15,2023-12-04 00:02:15,2023-12-03 23:42:01.151,Within SLA,2023-12-04 13:52:26.029,Within SLA,2023-12-05 10:43:26.233,1,4.0,Training and Consulting Services,Tier 1,Germany,51.165691,10.451526,0.6628197222222222,14.836396944444445,False,False,False,Within SLA
Closed,3757,High,Chat,Pricing and licensing,1st line support,Sheela Cutten,2023-12-03 09:36:37,2023-12-04 09:36:37,2023-12-03 09:38:37,2023-12-03 09:37:44.987,Within SLA,2023-12-04 08:43:14.488,Within SLA,2023-12-04 03:06:42.475,6,4.0,Ready to use Software,Tier 1,France,48.864716,2.349014,0.018885277777777775,23.110413333333334,False,False,False,Within SLA
Closed,3758,Low,Chat,Training request,1st line support,Nicola Wane,2023-12-03 12:13:20,2023-12-04 12:13:20,2023-12-03 12:15:20,2023-12-03 12:13:24.976,Within SLA,2023-12-04 11:00:37.314,Within SLA,2023-12-04 03:25:54.323,7,1.0,Training and Consulting Services,Tier 1,Czech Republic,49.8037633,15.4749126,0.0013822222222222222,22.78814277777778,False,False,False,Within SLA
Resolved,3759,Low,Chat,Feature request,1st line support,Nicola Wane,2023-12-03 16:40:24,2023-12-04 16:40:24,2023-12-03 16:42:24,2023-12-03 16:41:16.539,Within SLA,2023-12-05 19:04:43.890,SLA Violated,,6,,Ready to use Software,Tier 1,Italy,43.036776,12.678565,0.014594166666666667,50.405525000000004,False,False,False,SLA Violated
Closed,3760,Medium,Email,Pricing and licensing,1st line support,Nicola Wane,2023-12-03 08:41:50,2023-12-05 08:41:50,2023-12-03 09:41:50,2023-12-03 08:51:53.682,Within SLA,2023-12-05 22:34:02.470,SLA Violated,2023-12-07 16:10:38.006,6,4.0,Custom software development,Tier 1,Italy,43.036776,12.678565,0.16768944444444445,61.870130555555555,False,False,False,SLA Violated
Closed,3762,Low,Chat,Product setup,1st line support,Connor Danielovitch,2023-12-04 03:02:19,2023-12-05 03:02:19,2023-12-04 03:04:19,2023-12-04 03:03:24.139,Within SLA,2023-12-04 23:07:50.021,Within SLA,2023-12-04 07:42:26.615,8,5.0,Custom software development,Tier 1,Poland,52.536273,19.050639,0.018094166666666665,20.091950277777777,False,False,False,Within SLA
Resolved,3763,High,Email,Product setup,1st line support,Nicola Wane,2023-12-04 14:53:51,2023-12-06 14:53:51,2023-12-04 15:53:51,2023-12-04 15:11:04.774,Within SLA,2023-12-06 06:14:21.879,Within SLA,,8,,Ready to use Software,Tier 1,Germany,51.165691,10.451526,0.2871594444444444,39.34191083333333,False,False,False,Within SLA
Closed,3765,Low,Email,Feature request,1st line support,Connor Danielovitch,2023-12-04 04:44:02,2023-12-06 04:44:02,2023-12-04 05:44:02,2023-12-04 04:58:41.644,Within SLA,2023-12-05 06:40:56.591,Within SLA,2023-12-05 19:56:51.557,1,3.0,Ready to use Software,Tier 1,Poland,52.536273,19.050639,0.24434555555555557,25.9484975,False,False,False,Within SLA
Closed,3766,Low,Email,Pricing and licensing,1st line support,Bernard Beckley,2023-12-04 17:21:19,2023-12-06 17:21:19,2023-12-04 18:21:19,2023-12-04 18:05:55.223,Within SLA,2023-12-06 01:58:37.751,Within SLA,2023-12-07 17:57:35.043,2,5.0,Custom software development,Tier 1,Republic of Ireland,53.094024,-8.019675,0.7433952777777778,32.62187527777778,False,False,False,Within SLA
Closed,3767,High,Chat,Pricing and licensing,1st line support,Nicola Wane,2023-12-04 20:25:55,2023-12-05 20:25:55,2023-12-04 20:27:55,2023-12-04 20:30:27.956,SLA Violated,2023-12-04 20:47:38.811,Within SLA,2023-12-05 08:44:34.955,5,1.0,Training and Consulting Services,Tier 1,Austria,47.6964719,13.3457347,0.07582111111111112,0.3621697222222222,False,False,False,Within SLA
Closed,3770,Medium,Email,Purchasing and invoicing,1st line support,Kristos Westoll,2023-12-04 18:47:16,2023-12-06 18:47:16,2023-12-04 19:47:16,2023-12-04 19:45:57.481,Within SLA,2023-12-07 21:46:44.568,SLA Violated,2023-12-08 01:51:55.046,3,4.0,Other,Tier 1,France,48.864716,2.349014,0.9781891666666668,74.9912688888889,False,False,False,SLA Violated
In progress,3771,Low,Chat,Other,1st line support,Kristos Westoll,2023-12-04 04:19:29,2023-12-05 04:19:29,2023-12-04 04:21:29,2023-12-04 04:19:40.678,Within SLA,,SLA Violated,,5,,Ready to use Software,Tier 1,France,48.864716,2.349014,0.003243888888888889,,False,False,True,
Closed,3772,Low,Email,Pricing and licensing,1st line support,Connor Danielovitch,2023-12-04 07:48:05,2023-12-06 07:48:05,2023-12-04 08:48:05,2023-12-04 08:14:18.134,Within SLA,2023-12-04 21:30:05.684,Within SLA,2023-12-06 19:47:49.502,1,5.0,Custom software development,Tier 1,United Kingdom,55.378052,-3.435973,0.43698166666666666,13.700190000000001,False,False,False,Within SLA
Closed,3773,Low,Email,Bug report,1st line support,Nicola Wane,2023-12-05 09:29:27,2023-12-07 09:29:27,2023-12-05 10:29:27,2023-12-05 09:35:07.702,Within SLA,2023-12-06 06:39:56.697,Within SLA,2023-12-08 03:37:04.994,4,1.0,Ready to use Software,Tier 1,Greece,39.368279,21.863141,0.09463944444444444,21.174915833333333,False,False,False,Within SLA
Closed,3774,High,Chat,Product setup,1st line support,Connor Danielovitch,2023-12-05 20:35:11,2023-12-06 20:35:11,2023-12-05 20:37:11,2023-12-05 20:40:18.563,SLA Violated,2023-12-06 14:08:18.693,Within SLA,2023-12-10 12:52:35.100,8,5.0,Custom software development,Tier 1,Bulgaria,42.7249925,25.4833039,0.08543416666666666,17.552136944444445,False,False,False,Within SLA
Closed,3775,Medium,Chat,Product setup,2nd line support,Adolpho Messingham,2023-12-05 17:34:01,2023-12-06 17:34:01,2023-12-05 17:36:01,2023-12-05 17:34:58.101,Within SLA,2023-12-06 15:53:35.586,Within SLA,2023-12-06 23:33:35.908,6,5.0,Ready to use Software,Tier 2,Italy,43.036776,12.678565,0.01586138888888889,22.32627388888889,False,False,False,Within SLA
Resolved,3776,Low,Chat,Product setup,1st line support,Nicola Wane,2023-12-05 02:07:14,2023-12-06 02:07:14,2023-12-05 02:09:14,2023-12-05 02:08:41.422,Within SLA,2023-12-10 05:19:39.229,SLA Violated,,7,,Custom software development,Tier 1,United Kingdom,55.378052,-3.435973,0.02428388888888889,123.20700805555555,False,False,False,SLA Violated
Closed,3777,Medium,Email,Bug report,1st line support,Connor Danielovitch,2023-12-05 16:10:33,2023-12-07 16:10:33,2023-12-05 17:10:33,2023-12-05 16:28:48.999,Within SLA,2023-12-05 23:40:59.258,Within SLA,2023-12-09 03:38:51.968,1,5.0,Ready to use Software,Tier 1,Poland,52.536273,19.050639,0.3044441666666667,7.507293888888889,False,False,False,Within SLA
Closed,3778,Low,Chat,Bug report,1st line support,Nicola Wane,2023-12-05 17:19:35,2023-12-06 17:19:35,2023-12-05 17:21:35,2023-12-05 17:19:47.548,Within SLA,2023-12-06 07:59:58.332,Within SLA,2023-12-09 22:49:01.307,2,5.0,Training and Consulting Services,Tier 1,Slovenia,46.1491664,14.9860106,0.0034855555555555555,14.673147777777778,False,False,False,Within SLA
Closed,3779,Medium,Email,Product setup,1st line support,Connor Danielovitch,2023-12-05 03:25:18,2023-12-07 03:25:18,2023-12-05 04:25:18,2023-12-05 03:38:24.150,Within SLA,2023-12-05 18:25:30.434,Within SLA,2023-12-06 22:42:39.242,6,5.0,Other,Tier 1,Italy,43.036776,12.678565,0.21837499999999999,15.00345388888889,False,False,False,Within SLA
Closed,3780,Low,Chat,Feature request,1st line support,Bernard Beckley,2023-12-05 16:52:36,2023-12-06 16:52:36,2023-12-05 16:54:36,2023-12-05 16:56:10.731,SLA Violated,2023-12-09 01:05:15.667,SLA Violated,2023-12-10 12:33:55.627,6,4.0,Ready to use Software,Tier 1,Germany,51.165691,10.451526,0.0596475,80.21101861111111,False,False,False,SLA Violated
In progress,3781,Low,Email,Product setup,1st line support,Kristos Westoll,2023-12-05 09:49:17,2023-12-07 09:49:17,2023-12-05 10:49:17,2023-12-05 10:21:40.058,Within SLA,,SLA Violated,,1,,Other,Tier 1,Italy,43.036776,12.678565,0.5397383333333333,,False,False,True,
Closed,3782,Medium,Email,Pricing and licensing,2nd line support,Michele Whyatt,2023-12-06 07:16:35,2023-12-08 07:16:35,2023-12-06 08:16:35,2023-12-06 08:13:10.885,Within SLA,2023-12-06 09:29:43.590,Within SLA,2023-12-08 12:38:42.779,2,2.0,Custom software development,Tier 2,Czech Republic,49.8037633,15.4749126,0.9433013888888889,2.2190527777777778,False,False,False,Within SLA
Closed,3783,Low,Chat,Purchasing and invoicing,1st line support,Kristos Westoll,2023-12-06 00:28:18,2023-12-07 00:28:18,2023-12-06 00:30:18,2023-12-06 00:29:15.252,Within SLA,2023-12-06 13:55:04.154,Within SLA,2023-12-11 16:25:40.114,6,5.0,Custom software development,Tier 1,Italy,43.036776,12.678565,0.015903333333333335,13.44615388888889,False,False,False,Within SLA
Closed,3784,Low,Chat,Pricing and licensing,1st line support,Sheela Cutten,2023-12-06 21:29:10,2023-12-07 21:29:10,2023-12-06 21:31:10,2023-12-06 21:29:34.151,Within SLA,2023-12-12 19:04:44.655,SLA Violated,2023-12-14 06:10:35.682,6,4.0,Training and Consulting Services,Tier 1,Germany,51.165691,10.451526,0.006708611111111111,141.59295972222222,False,False,False,SLA Violated
Closed,3785,Low,Email,Product setup,1st line support,Sheela Cutten,2023-12-06 13:58:09,2023-12-08 13:58:09,2023-12-06 14:58:09,2023-12-06 14:24:00.201,Within SLA,2023-12-12 00:26:38.911,SLA Violated,2023-12-12 05:41:20.381,1,3.0,Ready to use Software,Tier 1,Germany,51.165691,10.451526,0.43088916666666666,130.4749752777778,False,False,False,SLA Violated
Resolved,3786,Medium,Email,Bug report,1st line support,Sheela Cutten,2023-12-06 09:54:13,2023-12-08 09:54:13,2023-12-06 10:54:13,2023-12-06 10:51:23.070,Within SLA,2023-12-07 22:10:11.235,Within SLA,,8,,Ready to use Software,Tier 1,Poland,52.536273,19.050639,0.9527972222222223,36.26617638888889,False,False,False,Within SLA
Closed,3788,Medium,Email,Product setup,1st line support,Sheela Cutten,2023-12-06 17:56:14,2023-12-08 17:56:14,2023-12-06 18:56:14,2023-12-06 18:32:59.245,Within SLA,2023-12-07 22:24:48.016,Within SLA,2023-12-10 18:35:49.204,1,4.0,Custom software development,Tier 1,Poland,52.536273,19.050639,0.6125680555555555,28.476115555555555,False,False,False,Within SLA
Resolved,3789,Low,Chat,Feature request,1st line support,Connor Danielovitch,2023-12-07 18:49:15,2023-12-08 18:49:15,2023-12-07 18:51:15,2023-12-07 18:50:56.413,Within SLA,2023-12-08 04:22:44.696,Within SLA,,2,,Ready to use Software,Tier 1,United Kingdom,55.378052,-3.435973,0.028170277777777777,9.55824888888889,False,False,False,Within SLA
Closed,3790,Medium,Chat,Feature request,1st line support,Connor Danielovitch,2023-12-07 22:00:48,2023-12-08 22:00:48,2023-12-07 22:02:48,2023-12-07 22:02:03.021,Within SLA,2023-12-09 15:19:39.678,SLA Violated,2023-12-10 23:17:24.502,6,3.0,Other,Tier 1,Bulgaria,42.7249925,25.4833039,0.020839166666666666,41.314355000000006,False,False,False,SLA Violated
In progress,3791,High,Email,Pricing and licensing,1st line support,Sheela Cutten,2023-12-07 02:56:44,2023-12-09 02:56:44,2023-12-07 03:56:44,2023-12-07 03:43:39.645,Within SLA,,SLA Violated,,1,,Ready to use Software,Tier 1,Austria,47.6964719,13.3457347,0.7821236111111111,,False,False,True,
Closed,3792,Medium,Email,Bug report,1st line support,Bernard Beckley,2023-12-07 03:27:04,2023-12-09 03:27:04,2023-12-07 04:27:04,2023-12-07 04:11:17.430,Within SLA,2023-12-07 06:57:33.099,Within SLA,2023-12-09 17:28:07.642,2,4.0,Training and Consulting Services,Tier 1,United Kingdom,55.378052,-3.435973,0.7370638888888889,3.5080830555555558,False,False,False,Within SLA
Resolved,3794,Low,Email,Pricing and licensing,1st line support,Nicola Wane,2023-12-07 01:47:33,2023-12-09 01:47:33,2023-12-07 02:47:33,2023-12-07 03:53:33.936,SLA Violated,2023-12-10 12:04:48.024,SLA Violated,,2,,Training and Consulting Services,Tier 1,Greece,39.368279,21.863141,2.10026,82.28750666666666,False,False,False,SLA Violated
Closed,3795,Medium,Chat,Pricing and licensing,1st line support,Bernard Beckley,2023-12-07 22:35:46,2023-12-08 22:35:46,2023-12-07 22:37:46,2023-12-07 22:36:38.742,Within SLA,2023-12-08 20:04:53.684,Within SLA,2023-12-13 01:34:20.291,2,2.0,Other,Tier 1,France,48.864716,2.349014,0.014650555555555556,21.485467777777775,False,False,False,Within SLA
Closed,3797,Low,Email,Pricing and licensing,1st line support,Connor Danielovitch,2023-12-07 01:02:40,2023-12-09 01:02:40,2023-12-07 02:02:40,2023-12-07 01:38:44.560,Within SLA,2023-12-07 18:03:03.680,Within SLA,2023-12-09 00:41:37.367,6,5.0,Other,Tier 1,Poland,52.536273,19.050639,0.6012666666666666,17.00657777777778,False,False,False,Within SLA
Closed,3798,Low,Email,Purchasing and invoicing,1st line support,Nicola Wane,2023-12-08 19:29:32,2023-12-10 19:29:32,2023-12-08 20:29:32,2023-12-08 20:24:21.138,Within SLA,2023-12-08 20:58:51.203,Within SLA,2023-12-11 11:43:58.545,3,4.0,Other,Tier 1,Italy,43.036776,12.678565,0.9136494444444444,1.4886675,False,False,False,Within SLA
Resolved,3799,Medium,Chat,Purchasing and invoicing,1st line support,Bernard Beckley,2023-12-08 22:29:50,2023-12-09 22:29:50,2023-12-08 22:31:50,2023-12-08 22:29:56.931,Within SLA,2023-12-13 18:47:34.399,SLA Violated,,5,,Ready to use Software,Tier 1,Italy,43.036776,12.678565,0.0019252777777777777,116.29566638888888,False,False,False,SLA Violated
Closed,3801,Medium,Email,Pricing and licensing,2nd line support,Adolpho Messingham,2023-12-08 21:05:54,2023-12-10 21:05:54,2023-12-08 22:05:54,2023-12-08 21:51:50.339,Within SLA,2023-12-09 16:13:06.623,Within SLA,2023-12-10 12:38:57.580,1,5.0,Ready to use Software,Tier 2,Spain,39.67337,-4.767726,0.7656497222222222,19.120173055555558,False,False,False,Within SLA
Closed,3802,Low,Chat,Product setup,1st line support,Kristos Westoll,2023-12-08 15:21:56,2023-12-09 15:21:56,2023-12-08 15:23:56,2023-12-08 15:23:01.133,Within SLA,2023-12-09 04:56:30.500,Within SLA,2023-12-14 00:13:08.598,2,1.0,Custom software development,Tier 1,United Kingdom,55.378052,-3.435973,0.018092499999999997,13.57625,False,False,False,Within SLA
Closed,3803,Low,Email,Pricing and licensing,2nd line support,Michele Whyatt,2023-12-08 11:28:58,2023-12-10 11:28:58,2023-12-08 12:28:58,2023-12-08 12:19:11.165,Within SLA,2023-12-09 07:19:21.969,Within SLA,2023-12-11 07:23:29.124,3,4.0,Ready to use Software,Tier 2,Czech Republic,49.8037633,15.4749126,0.8369902777777778,19.839991388888887,False,False,False,Within SLA
Closed,3804,Low,Email,Pricing and licensing,1st line support,Bernard Beckley,2023-12-08 16:08:01,2023-12-10 16:08:01,2023-12-08 17:08:01,2023-12-08 16:16:25.450,Within SLA,2023-12-10 15:17:11.027,Within SLA,2023-12-11 10:59:44.964,1,2.0,Custom software development,Tier 1,Republic of Ireland,53.094024,-8.019675,0.140125,47.15278527777778,False,False,False,Within SLA
Closed,3805,Low,Email,Product setup,2nd line support,Michele Whyatt,2023-12-08 10:42:36,2023-12-10 10:42:36,2023-12-08 11:42:36,2023-12-08 10:57:16.961,Within SLA,2023-12-08 13:25:30.102,Within SLA,2023-12-16 04:29:50.965,2,4.0,Ready to use Software,Tier 2,Poland,52.536273,19.050639,0.24471138888888888,2.7150283333333336,False,False,False,Within SLA
Closed,3806,Low,Phone,Product setup,2nd line support,Adolpho Messingham,2023-12-08 13:42:26,2023-12-10 13:42:26,2023-12-08 13:44:26,2023-12-08 13:43:25.069,Within SLA,2023-12-09 05:45:38.833,Within SLA,2023-12-13 15:43:06.424,4,4.0,Ready to use Software,Tier 2,United Kingdom,55.378052,-3.435973,0.016408055555555558,16.053564722222223,False,False,False,Within SLA
Closed,3812,Medium,Chat,Pricing and licensing,1st line support,Bernard Beckley,2023-12-09 18:12:30,2023-12-10 18:12:30,2023-12-09 18:14:30,2023-12-09 18:13:32.265,Within SLA,2023-12-10 13:56:24.482,Within SLA,2023-12-13 08:49:25.059,8,4.0,Ready to use Software,Tier 1,Greece,39.368279,21.863141,0.017295833333333333,19.731800555555555,False,False,False,Within SLA
Closed,3813,Medium,Email,Purchasing and invoicing,1st line support,Bernard Beckley,2023-12-09 02:41:17,2023-12-11 02:41:17,2023-12-09 03:41:17,2023-12-09 03:11:00.454,Within SLA,2023-12-12 17:44:36.561,SLA Violated,2023-12-14 01:17:24.194,1,3.0,Training and Consulting Services,Tier 1,Germany,51.165691,10.451526,0.49540388888888887,87.05543361111111,False,False,False,SLA Violated
Closed,3814,Medium,Email,Training request,1st line support,Nicola Wane,2023-12-09 09:47:02,2023-12-11 09:47:02,2023-12-09 10:47:02,2023-12-09 10:08:51.265,Within SLA,2023-12-10 15:18:43.428,Within SLA,2023-12-11 15:50:56.721,3,3.0,Training and Consulting Services,Tier 1,Germany,51.165691,10.451526,0.36368472222222226,29.528174444444446,False,False,False,Within SLA
Closed,3815,Low,Chat,Other,2nd line support,Adolpho Messingham,2023-12-09 09:30:21,2023-12-10 09:30:21,2023-12-09 09:32:21,2023-12-09 09:30:25.483,Within SLA,2023-12-10 09:02:06.488,Within SLA,2023-12-14 17:41:41.684,2,5.0,Training and Consulting Services,Tier 2,Poland,52.536273,19.050639,0.0012452777777777777,23.52930222222222,False,False,False,Within SLA
Resolved,3816,High,Phone,Other,1st line support,Connor Danielovitch,2023-12-09 20:53:54,2023-12-11 20:53:54,2023-12-09 20:55:54,2023-12-09 20:54:15.359,Within SLA,2023-12-11 13:25:50.972,Within SLA,,1,,Ready to use Software,Tier 1,Slovenia,46.1491664,14.9860106,0.005933055555555556,40.532492222222224,False,False,False,Within SLA
Closed,3817,Low,Chat,Feature request,1st line support,Sheela Cutten,2023-12-10 00:08:27,2023-12-11 00:08:27,2023-12-10 00:10:27,2023-12-10 00:08:33.541,Within SLA,2023-12-10 04:41:20.495,Within SLA,2023-12-16 21:39:52.700,2,4.0,Custom software development,Tier 1,United Kingdom,55.378052,-3.435973,0.0018169444444444446,4.548193055555556,False,False,False,Within SLA
Closed,3819,Low,Email,Training request,2nd line support,Heather Urry,2023-12-10 17:29:44,2023-12-12 17:29:44,2023-12-10 18:29:44,2023-12-10 17:40:01.594,Within SLA,2023-12-13 07:23:42.726,SLA Violated,2023-12-14 13:06:02.770,6,5.0,Training and Consulting Services,Tier 2,Italy,43.036776,12.678565,0.1715538888888889,61.89964611111111,False,False,False,SLA Violated
Closed,3820,Medium,Email,Other,2nd line support,Adolpho Messingham,2023-12-10 20:12:57,2023-12-12 20:12:57,2023-12-10 21:12:57,2023-12-11 00:25:40.025,SLA Violated,2023-12-15 01:23:51.631,SLA Violated,2023-12-16 13:00:43.791,3,5.0,Training and Consulting Services,Tier 2,Czech Republic,49.8037633,15.4749126,4.211951388888889,101.18184194444444,False,False,False,SLA Violated
Closed,3821,Low,Chat,Feature request,2nd line support,Heather Urry,2023-12-10 19:12:58,2023-12-11 19:12:58,2023-12-10 19:14:58,2023-12-10 19:13:32.738,Within SLA,2023-12-12 09:36:37.602,SLA Violated,2023-12-12 23:50:03.306,6,2.0,Custom software development,Tier 2,Greece,39.368279,21.863141,0.009649444444444445,38.394333888888895,False,False,False,SLA Violated
In progress,3822,Low,Email,Product setup,1st line support,Bernard Beckley,2023-12-10 15:47:58,2023-12-12 15:47:58,2023-12-10 16:47:58,2023-12-10 16:27:45.736,Within SLA,,SLA Violated,,3,,Ready to use Software,Tier 1,Poland,52.536273,19.050639,0.66326,,False,False,True,
Closed,3828,Low,Email,Product setup,2nd line support,Adolpho Messingham,2023-12-11 06:10:27,2023-12-13 06:10:27,2023-12-11 07:10:27,2023-12-11 07:10:26.538,Within SLA,2023-12-15 19:12:16.231,SLA Violated,2023-12-16 16:42:19.394,2,5.0,Ready to use Software,Tier 2,Czech Republic,49.8037633,15.4749126,0.9998716666666667,109.03034194444446,False,False,False,SLA Violated
In progress,3829,Low,Email,Product setup,1st line support,Connor Danielovitch,2023-12-11 22:06:52,2023-12-13 22:06:52,2023-12-11 23:06:52,2023-12-11 22:08:25.871,Within SLA,,SLA Violated,,8,,Other,Tier 1,United Kingdom,55.378052,-3.435973,0.026075277777777777,,False,False,True,
Resolved,3831,Low,Chat,Purchasing and invoicing,1st line support,Connor Danielovitch,2023-12-11 07:52:40,2023-12-12 07:52:40,2023-12-11 07:54:40,2023-12-11 07:53:53.290,Within SLA,2023-12-11 16:46:32.679,Within SLA,,6,,Custom software development,Tier 1,Spain,39.67337,-4.767726,0.020358333333333336,8.89796638888889,False,False,False,Within SLA
Closed,3832,Medium,Phone,Product setup,1st line support,Sheela Cutten,2023-12-11 01:16:44,2023-12-13 01:16:44,2023-12-11 01:18:44,2023-12-11 01:17:13.501,Within SLA,2023-12-11 20:26:14.154,Within SLA,2023-12-14 13:50:50.028,4,2.0,Custom software development,Tier 1,Germany,51.165691,10.451526,0.008194722222222223,19.15837611111111,False,False,False,Within SLA
Closed,3833,High,Email,Feature request,2nd line support,Adolpho Messingham,2023-12-11 19:50:54,2023-12-13 19:50:54,2023-12-11 20:50:54,2023-12-11 20:43:50.729,Within SLA,2023-12-12 17:39:03.389,Within SLA,2023-12-15 08:36:40.643,5,4.0,Custom software development,Tier 2,Slovenia,46.1491664,14.9860106,0.8824247222222221,21.802608055555556,False,False,False,Within SLA
Closed,3834,Medium,Email,Feature request,1st line support,Bernard Beckley,2023-12-11 04:32:49,2023-12-13 04:32:49,2023-12-11 05:32:49,2023-12-11 05:25:08.907,Within SLA,2023-12-11 14:24:37.686,Within SLA,2023-12-18 04:09:36.937,5,2.0,Ready to use Software,Tier 1,United Kingdom,55.378052,-3.435973,0.872196388888889,9.863523888888889,False,False,False,Within SLA
In progress,3835,Low,Chat,Other,1st line support,Connor Danielovitch,2023-12-11 14:58:22,2023-12-12 14:58:22,2023-12-11 15:00:22,2023-12-11 14:58:52.609,Within SLA,,SLA Violated,,4,,Other,Tier 1,Germany,51.165691,10.451526,0.0085025,,False,False,True,
Closed,3837,Low,Email,Pricing and licensing,1st line support,Bernard Beckley,2023-12-12 06:24:10,2023-12-14 06:24:10,2023-12-12 07:24:10,2023-12-12 07:09:43.954,Within SLA,2023-12-13 21:39:15.602,Within SLA,2023-12-14 02:37:14.997,3,3.0,Training and Consulting Services,Tier 1,France,48.864716,2.349014,0.7594316666666667,39.251556111111114,False,False,False,Within SLA
Resolved,3838,Medium,Chat,Feature request,2nd line support,Michele Whyatt,2023-12-12 15:38:11,2023-12-13 15:38:11,2023-12-12 15:40:11,2023-12-12 15:39:25.167,Within SLA,2023-12-14 22:10:48.167,SLA Violated,,7,,Ready to use Software,Tier 2,Greece,39.368279,21.863141,0.020601944444444444,54.543657499999995,False,False,False,SLA Violated
Resolved,3839,Low,Email,Bug report,1st line support,Sheela Cutten,2023-12-12 08:40:16,2023-12-14 08:40:16,2023-12-12 09:40:16,2023-12-12 08:42:47.896,Within SLA,2023-12-13 05:40:15.230,Within SLA,,10,,Ready to use Software,Tier 1,Slovenia,46.1491664,14.9860106,0.04219333333333333,20.99978611111111,False,False,False,Within SLA
Closed,3840,Medium,Chat,Product setup,1st line support,Bernard Beckley,2023-12-12 18:31:41,2023-12-13 18:31:41,2023-12-12 18:33:41,2023-12-12 18:32:39.852,Within SLA,2023-12-13 07:55:43.441,Within SLA,2023-12-19 02:18:05.426,4,5.0,Ready to use Software,Tier 1,France,48.864716,2.349014,0.016347777777777777,13.400678055555556,False,False,False,Within SLA
Closed,3841,Low,Email,Product setup,1st line support,Kristos Westoll,2023-12-12 06:13:31,2023-12-14 06:13:31,2023-12-12 07:13:31,2023-12-12 06:27:55.370,Within SLA,2023-12-14 04:53:33.137,Within SLA,2023-12-13 08:00:06.345,8,4.0,Ready to use Software,Tier 1,Austria,47.6964719,13.3457347,0.24010277777777778,46.66726027777777,False,False,False,Within SLA
Resolved,3842,Low,Chat,Product setup,1st line support,Bernard Beckley,2023-12-12 00:10:31,2023-12-13 00:10:31,2023-12-12 00:12:31,2023-12-12 00:10:36.247,Within SLA,2023-12-12 10:23:25.902,Within SLA,,9,,Custom software development,Tier 1,Republic of Ireland,53.094024,-8.019675,0.0014575,10.215250555555556,False,False,False,Within SLA
Closed,3843,Medium,Email,Purchasing and invoicing,2nd line support,Adolpho Messingham,2023-12-13 08:49:29,2023-12-15 08:49:29,2023-12-13 09:49:29,2023-12-13 09:04:25.117,Within SLA,2023-12-16 10:56:24.711,SLA Violated,2023-12-17 23:28:04.477,2,4.0,Custom software development,Tier 2,Germany,51.165691,10.451526,0.24892138888888887,74.11547527777778,False,False,False,SLA Violated
Closed,3844,High,Email,Product setup,1st line support,Kristos Westoll,2023-12-13 19:06:23,2023-12-15 19:06:23,2023-12-13 20:06:23,2023-12-13 19:53:41.438,Within SLA,2023-12-15 02:17:54.695,Within SLA,2023-12-16 19:01:35.143,6,2.0,Ready to use Software,Tier 1,Germany,51.165691,10.451526,0.788455,31.1921375,False,False,False,Within SLA
Closed,3845,Medium,Email,Feature request,1st line support,Sheela Cutten,2023-12-13 18:00:56,2023-12-15 18:00:56,2023-12-13 19:00:56,2023-12-13 18:23:57.361,Within SLA,2023-12-14 09:10:25.544,Within SLA,2023-12-15 00:52:04.974,1,5.0,Ready to use Software,Tier 1,Italy,43.036776,12.678565,0.3837113888888889,15.158206666666667,False,False,False,Within SLA
In progress,3846,High,Email,Purchasing and invoicing,1st line support,Connor Danielovitch,2023-12-13 05:24:35,2023-12-15 05:24:35,2023-12-13 06:24:35,2023-12-13 05:38:46.951,Within SLA,,SLA Violated,,1,,Custom software development,Tier 1,Italy,43.036776,12.678565,0.23665305555555557,,False,False,True,
Resolved,3847,Medium,Email,Pricing and licensing,2nd line support,Michele Whyatt,2023-12-13 10:53:21,2023-12-15 10:53:21,2023-12-13 11:53:21,2023-12-13 11:18:27.747,Within SLA,2023-12-14 02:20:26.522,Within SLA,,1,,Training and Consulting Services,Tier 2,Slovenia,46.1491664,14.9860106,0.41854083333333336,15.451533888888887,False,False,False,Within SLA
Closed,3849,Medium,Email,Feature request,2nd line support,Michele Whyatt,2023-12-13 21:04:05,2023-12-15 21:04:05,2023-12-13 22:04:05,2023-12-13 21:58:41.767,Within SLA,2023-12-14 02:43:15.688,Within SLA,2023-12-17 02:02:15.722,3,3.0,Custom software development,Tier 2,Germany,51.165691,10.451526,0.9102130555555555,5.652968888888888,False,False,False,Within SLA
Closed,3850,Low,Chat,Pricing and licensing,1st line support,Sheela Cutten,2023-12-13 05:54:19,2023-12-14 05:54:19,2023-12-13 05:56:19,2023-12-13 05:54:31.868,Within SLA,2023-12-13 09:05:22.333,Within SLA,2023-12-18 13:25:58.452,60,4.0,Ready to use Software,Tier 1,Poland,52.536273,19.050639,0.0035744444444444443,3.1842591666666666,False,True,False,Within SLA
Resolved,3851,Medium,Email,Other,1st line support,Sheela Cutten,2023-12-13 09:15:55,2023-12-15 09:15:55,2023-12-13 10:15:55,2023-12-13 09:39:50.838,Within SLA,2023-12-13 22:38:26.827,Within SLA,,5,,Custom software development,Tier 1,Czech Republic,49.8037633,15.4749126,0.3988438888888889,13.3755075,False,False,False,Within SLA
Resolved,3852,Medium,Email,Product setup,1st line support,Bernard Beckley,2023-12-14 17:49:40,2023-12-16 17:49:40,2023-12-14 18:49:40,2023-12-14 18:26:45.340,Within SLA,2023-12-15 01:58:23.307,Within SLA,,8,,Training and Consulting Services,Tier 1,United Kingdom,55.378052,-3.435973,0.6181500000000001,8.145363055555556,False,False,False,Within SLA
Closed,3854,Low,Email,Product setup,1st line support,Nicola Wane,2023-12-14 04:06:46,2023-12-16 04:06:46,2023-12-14 05:06:46,2023-12-14 05:00:34.456,Within SLA,2023-12-16 14:44:29.282,SLA Violated,2023-12-18 10:39:29.477,3,1.0,Other,Tier 1,Spain,39.67337,-4.767726,0.8967933333333333,58.62868944444445,False,False,False,SLA Violated
Closed,3855,Low,Chat,Feature request,1st line support,Connor Danielovitch,2023-12-14 17:09:24,2023-12-15 17:09:24,2023-12-14 17:11:24,2023-12-14 17:09:45.615,Within SLA,2023-12-16 11:23:28.652,SLA Violated,2023-12-16 17:57:30.064,8,3.0,Ready to use Software,Tier 1,Spain,39.67337,-4.767726,0.006004166666666666,42.23462555555555,False,False,False,SLA Violated
Closed,3856,Medium,Email,Product setup,2nd line support,Heather Urry,2023-12-14 15:45:25,2023-12-16 15:45:25,2023-12-14 16:45:25,2023-12-14 15:55:24.987,Within SLA,2023-12-15 10:49:45.288,Within SLA,2023-12-16 11:32:48.407,2,4.0,Ready to use Software,Tier 2,France,48.864716,2.349014,0.16666305555555555,19.072302222222223,False,False,False,Within SLA
Resolved,3857,Medium,Chat,Bug report,2nd line support,Adolpho Messingham,2023-12-14 15:07:48,2023-12-15 15:07:48,2023-12-14 15:09:48,2023-12-14 15:08:40.879,Within SLA,2023-12-15 00:03:40.920,Within SLA,,6,,Other,Tier 2,Slovenia,46.1491664,14.9860106,0.01468861111111111,8.931366666666666,False,False,False,Within SLA
Closed,3858,Medium,Chat,Other,1st line support,Connor Danielovitch,2023-12-14 17:23:53,2023-12-15 17:23:53,2023-12-14 17:25:53,2023-12-14 17:26:55.189,SLA Violated,2023-12-18 03:49:46.647,SLA Violated,2023-12-18 05:25:06.337,8,5.0,Ready to use Software,Tier 1,Austria,47.6964719,13.3457347,0.05060805555555555,82.4315686111111,False,False,False,SLA Violated
Closed,3860,Low,Email,Pricing and licensing,1st line support,Bernard Beckley,2023-12-15 20:30:21,2023-12-17 20:30:21,2023-12-15 21:30:21,2023-12-15 21:07:09.465,Within SLA,2023-12-15 22:37:55.536,Within SLA,2023-12-18 02:44:56.417,3,5.0,Other,Tier 1,France,48.864716,2.349014,0.6134625,2.12626,False,False,False,Within SLA
In progress,3863,Low,Email,Product setup,1st line support,Bernard Beckley,2023-12-15 13:19:40,2023-12-17 13:19:40,2023-12-15 14:19:40,2023-12-15 13:46:29.774,Within SLA,,SLA Violated,,4,,Ready to use Software,Tier 1,Republic of Ireland,53.094024,-8.019675,0.4471594444444444,,False,False,True,
Closed,3871,Low,Chat,Product setup,1st line support,Kristos Westoll,2023-12-16 20:08:02,2023-12-17 20:08:02,2023-12-16 20:10:02,2023-12-16 20:12:07.068,SLA Violated,2023-12-16 23:36:10.736,Within SLA,2023-12-22 09:44:27.287,60,3.0,Custom software development,Tier 1,Germany,51.165691,10.451526,0.06807444444444445,3.4690933333333334,False,True,False,Within SLA
Closed,3872,High,Chat,Other,1st line support,Bernard Beckley,2023-12-17 21:01:13,2023-12-18 21:01:13,2023-12-17 21:03:13,2023-12-17 21:02:49.292,Within SLA,2023-12-18 09:28:34.061,Within SLA,2023-12-24 10:32:11.996,6,1.0,Custom software development,Tier 1,United Kingdom,55.378052,-3.435973,0.026747777777777777,12.455850277777778,False,False,False,Within SLA
Closed,3873,Low,Email,Purchasing and invoicing,2nd line support,Michele Whyatt,2023-12-17 08:24:18,2023-12-19 08:24:18,2023-12-17 09:24:18,2023-12-17 08:58:14.543,Within SLA,2023-12-18 11:16:44.832,Within SLA,2023-12-19 22:17:45.472,6,4.0,Training and Consulting Services,Tier 2,Slovenia,46.1491664,14.9860106,0.5657063888888889,26.874119999999998,False,False,False,Within SLA
In progress,3874,Low,Chat,Pricing and licensing,1st line support,Kristos Westoll,2023-12-17 03:40:04,2023-12-18 03:40:04,2023-12-17 03:42:04,2023-12-17 03:41:02.845,Within SLA,,SLA Violated,,5,,Other,Tier 1,Czech Republic,49.8037633,15.4749126,0.016345833333333334,,False,False,True,
Closed,3880,Low,Chat,Other,1st line support,Connor Danielovitch,2023-12-17 10:12:25,2023-12-18 10:12:25,2023-12-17 10:14:25,2023-12-17 10:12:38.923,Within SLA,2023-12-22 01:45:36.386,SLA Violated,2023-12-23 11:49:37.206,8,3.0,Ready to use Software,Tier 1,Republic of Ireland,53.094024,-8.019675,0.0038675,111.55316277777777,False,False,False,SLA Violated
Closed,3881,High,Chat,Feature request,1st line support,Bernard Beckley,2023-12-17 03:01:30,2023-12-18 03:01:30,2023-12-17 03:03:30,2023-12-17 03:03:17.230,Within SLA,2023-12-17 07:59:42.746,Within SLA,2023-12-19 05:11:51.961,60,5.0,Custom software development,Tier 1,Germany,51.165691,10.451526,0.029786111111111114,4.970207222222222,False,True,False,Within SLA
In progress,3882,Low,Phone,Feature request,1st line support,Connor Danielovitch,2023-12-17 01:45:34,2023-12-19 01:45:34,2023-12-17 01:47:34,2023-12-17 01:48:00.176,SLA Violated,,SLA Violated,,4,,Custom software development,Tier 1,Austria,47.6964719,13.3457347,0.04060444444444444,,False,False,True,
Resolved,3883,Medium,Email,Product setup,1st line support,Kristos Westoll,2023-12-17 22:44:09,2023-12-19 22:44:09,2023-12-17 23:44:09,2023-12-17 23:03:10.610,Within SLA,2023-12-22 19:57:10.823,SLA Violated,,3,,Ready to use Software,Tier 1,France,48.864716,2.349014,0.31711388888888886,117.21717305555555,False,False,False,SLA Violated
Closed,3884,Low,Phone,Purchasing and invoicing,1st line support,Nicola Wane,2023-12-18 23:41:27,2023-12-20 23:41:27,2023-12-18 23:43:27,2023-12-18 23:42:35.826,Within SLA,2023-12-19 05:37:51.874,Within SLA,2023-12-22 04:50:07.150,1,4.0,Ready to use Software,Tier 1,Czech Republic,49.8037633,15.4749126,0.01911833333333333,5.940242777777778,False,False,False,Within SLA
In progress,3885,Medium,Email,Product setup,1st line support,Sheela Cutten,2023-12-18 08:45:38,2023-12-20 08:45:38,2023-12-18 09:45:38,2023-12-18 09:02:39.692,Within SLA,,SLA Violated,,2,,Training and Consulting Services,Tier 1,Germany,51.165691,10.451526,0.28380333333333335,,False,False,True,
In progress,3886,Low,Phone,Pricing and licensing,1st line support,Connor Danielovitch,2023-12-18 06:00:25,2023-12-20 06:00:25,2023-12-18 06:02:25,2023-12-18 06:01:39.016,Within SLA,,SLA Violated,,6,,Custom software development,Tier 1,Republic of Ireland,53.094024,-8.019675,0.020560000000000002,,False,False,True,
Closed,3887,Medium,Email,Bug report,1st line support,Kristos Westoll,2023-12-18 23:25:00,2023-12-20 23:25:00,2023-12-19 00:25:00,2023-12-19 00:20:42.047,Within SLA,2023-12-19 03:42:14.074,Within SLA,2023-12-22 12:33:03.147,1,4.0,Custom software development,Tier 1,Germany,51.165691,10.451526,0.9283463888888889,4.287242777777778,False,False,False,Within SLA
Resolved,3888,Medium,Phone,Pricing and licensing,1st line support,Kristos Westoll,2023-12-18 17:02:21,2023-12-20 17:02:21,2023-12-18 17:04:21,2023-12-18 17:03:07.626,Within SLA,2023-12-20 07:06:03.257,Within SLA,,4,,Training and Consulting Services,Tier 1,Poland,52.536273,19.050639,0.012951666666666667,38.06173805555556,False,False,False,Within SLA
Closed,3889,Medium,Chat,Product setup,1st line support,Sheela Cutten,2023-12-18 17:25:51,2023-12-19 17:25:51,2023-12-18 17:27:51,2023-12-18 17:27:43.959,Within SLA,2023-12-19 17:04:41.307,Within SLA,2023-12-20 09:08:28.906,5,4.0,Training and Consulting Services,Tier 1,United Kingdom,55.378052,-3.435973,0.0313775,23.6473075,False,False,False,Within SLA
Closed,3890,Low,Chat,Product setup,2nd line support,Michele Whyatt,2023-12-18 08:25:11,2023-12-19 08:25:11,2023-12-18 08:27:11,2023-12-18 08:26:17.899,Within SLA,2023-12-18 14:19:28.000,Within SLA,2023-12-19 17:19:15.565,6,3.0,Training and Consulting Services,Tier 2,Slovenia,46.1491664,14.9860106,0.018583055555555558,5.904722222222222,False,False,False,Within SLA
Resolved,3891,Low,Email,Bug report,1st line support,Kristos Westoll,2023-12-18 10:20:16,2023-12-20 10:20:16,2023-12-18 11:20:16,2023-12-18 10:22:07.268,Within SLA,2023-12-22 22:32:31.213,SLA Violated,,2,,Custom software development,Tier 1,Italy,43.036776,12.678565,0.030907777777777777,108.20422583333333,False,False,False,SLA Violated
In progress,3892,Medium,Email,Product setup,2nd line support,Adolpho Messingham,2023-12-18 13:29:29,2023-12-20 13:29:29,2023-12-18 14:29:29,2023-12-18 13:52:40.034,Within SLA,,SLA Violated,,3,,Ready to use Software,Tier 2,Poland,52.536273,19.050639,0.38639833333333334,,False,False,True,
Closed,3893,Medium,Chat,Product setup,1st line support,Kristos Westoll,2023-12-19 11:34:41,2023-12-20 11:34:41,2023-12-19 11:36:41,2023-12-19 11:35:12.806,Within SLA,2023-12-22 07:48:25.706,SLA Violated,2023-12-24 04:39:30.349,5,4.0,Ready to use Software,Tier 1,Slovenia,46.1491664,14.9860106,0.008835,68.229085,False,False,False,SLA Violated
Resolved,3895,Medium,Chat,Product setup,2nd line support,Heather Urry,2023-12-19 05:55:21,2023-12-20 05:55:21,2023-12-19 05:57:21,2023-12-19 05:55:25.777,Within SLA,2023-12-19 12:29:42.757,Within SLA,,6,,Custom software development,Tier 2,France,48.864716,2.349014,0.0013269444444444444,6.572710277777778,False,False,False,Within SLA
Resolved,3898,Low,Chat,Pricing and licensing,2nd line support,Adolpho Messingham,2023-12-19 05:13:51,2023-12-20 05:13:51,2023-12-19 05:15:51,2023-12-19 05:14:15.636,Within SLA,2023-12-22 17:41:42.231,SLA Violated,,5,,Training and Consulting Services,Tier 2,Italy,43.036776,12.678565,0.006843333333333333,84.46423083333335,False,False,False,SLA Violated
Closed,3900,Low,Chat,Product setup,1st line support,Connor Danielovitch,2023-12-19 00:47:28,2023-12-20 00:47:28,2023-12-19 00:49:28,2023-12-19 00:48:51.047,Within SLA,2023-12-19 11:02:36.898,Within SLA,2023-12-23 21:14:46.561,5,3.0,Custom software development,Tier 1,France,48.864716,2.349014,0.02306861111111111,10.252471666666667,False,False,False,Within SLA
Resolved,3901,Low,Email,Purchasing and invoicing,1st line support,Kristos Westoll,2023-12-19 19:57:37,2023-12-21 19:57:37,2023-12-19 20:57:37,2023-12-19 20:34:36.622,Within SLA,2023-12-20 10:22:33.918,Within SLA,,2,,Ready to use Software,Tier 1,Republic of Ireland,53.094024,-8.019675,0.6165616666666667,14.415810555555556,False,False,False,Within SLA
Closed,3902,Medium,Email,Product setup,2nd line support,Michele Whyatt,2023-12-19 23:05:20,2023-12-21 23:05:20,2023-12-20 00:05:20,2023-12-19 23:35:07.865,Within SLA,2023-12-21 20:42:00.126,Within SLA,2023-12-24 10:51:40.594,9,4.0,Custom software development,Tier 2,Italy,43.036776,12.678565,0.4966291666666667,45.61114611111111,False,False,False,Within SLA
Resolved,3904,Low,Email,Product setup,1st line support,Bernard Beckley,2023-12-19 05:32:23,2023-12-21 05:32:23,2023-12-19 06:32:23,2023-12-19 05:44:21.895,Within SLA,2023-12-20 06:46:46.034,Within SLA,,6,,Other,Tier 1,Poland,52.536273,19.050639,0.19969305555555555,25.239731666666668,False,False,False,Within SLA
Resolved,3905,Low,Email,Training request,2nd line support,Heather Urry,2023-12-20 03:14:23,2023-12-22 03:14:23,2023-12-20 04:14:23,2023-12-20 10:03:37.209,SLA Violated,2023-12-21 01:19:12.057,Within SLA,,7,,Training and Consulting Services,Tier 2,Poland,52.536273,19.050639,6.820613611111111,22.080293611111113,False,False,False,Within SLA
Closed,3906,Low,Chat,Pricing and licensing,2nd line support,Heather Urry,2023-12-20 06:19:31,2023-12-21 06:19:31,2023-12-20 06:21:31,2023-12-20 06:22:35.356,SLA Violated,2023-12-20 10:17:18.502,Within SLA,2023-12-21 10:31:47.846,2,5.0,Ready to use Software,Tier 2,Italy,43.036776,12.678565,0.05121,3.9631950000000002,False,False,False,Within SLA
Resolved,3908,High,Email,Pricing and licensing,1st line support,Kristos Westoll,2023-12-20 18:03:42,2023-12-22 18:03:42,2023-12-20 19:03:42,2023-12-20 18:44:06.976,Within SLA,2023-12-22 12:43:57.182,Within SLA,,10,,Training and Consulting Services,Tier 1,Poland,52.536273,19.050639,0.6736044444444445,42.67088388888889,False,False,False,Within SLA
Resolved,3909,Low,Chat,Pricing and licensing,1st line support,Kristos Westoll,2023-12-20 02:51:25,2023-12-21 02:51:25,2023-12-20 02:53:25,2023-12-20 02:52:57.232,Within SLA,2023-12-24 18:54:03.164,SLA Violated,,5,,Ready to use Software,Tier 1,Republic of Ireland,53.094024,-8.019675,0.02562,112.04393444444445,False,False,False,SLA Violated
Closed,3910,Low,Chat,Pricing and licensing,1st line support,Bernard Beckley,2023-12-20 23:24:36,2023-12-21 23:24:36,2023-12-20 23:26:36,2023-12-20 23:29:54.351,SLA Violated,2023-12-25 09:22:06.796,SLA Violated,2023-12-25 12:13:16.886,6,1.0,Other,Tier 1,Slovenia,46.1491664,14.9860106,0.08843083333333333,105.95855444444443,False,False,False,SLA Violated
In progress,3911,Low,Chat,Feature request,1st line support,Nicola Wane,2023-12-20 12:04:35,2023-12-21 12:04:35,2023-12-20 12:06:35,2023-12-20 12:04:41.637,Within SLA,,SLA Violated,,2,,Ready to use Software,Tier 1,Greece,39.368279,21.863141,0.001843611111111111,,False,False,True,
Resolved,3912,Low,Phone,Pricing and licensing,1st line support,Kristos Westoll,2023-12-20 19:52:48,2023-12-22 19:52:48,2023-12-20 19:54:48,2023-12-20 19:52:56.200,Within SLA,2023-12-21 02:53:07.984,Within SLA,,5,,Training and Consulting Services,Tier 1,Poland,52.536273,19.050639,0.0022777777777777774,7.005551111111111,False,False,False,Within SLA
Closed,3913,High,Chat,Product setup,2nd line support,Heather Urry,2023-12-21 15:58:23,2023-12-22 15:58:23,2023-12-21 16:00:23,2023-12-21 15:59:37.157,Within SLA,2023-12-22 08:41:46.026,Within SLA,2023-12-28 07:18:38.866,6,3.0,Custom software development,Tier 2,Germany,51.165691,10.451526,0.020599166666666665,16.723062777777777,False,False,False,Within SLA
Closed,3915,High,Email,Bug report,1st line support,Sheela Cutten,2023-12-21 20:46:12,2023-12-23 20:46:12,2023-12-21 21:46:12,2023-12-21 21:34:50.981,Within SLA,2023-12-22 00:38:40.716,Within SLA,2023-12-23 21:44:18.168,2,4.0,Ready to use Software,Tier 1,Italy,43.036776,12.678565,0.8108280555555556,3.874643333333333,False,False,False,Within SLA
Closed,3916,Medium,Email,Other,1st line support,Sheela Cutten,2023-12-21 09:23:15,2023-12-23 09:23:15,2023-12-21 10:23:15,2023-12-21 09:52:33.703,Within SLA,2023-12-26 18:00:50.656,SLA Violated,2023-12-27 22:14:35.000,1,3.0,Training and Consulting Services,Tier 1,Germany,51.165691,10.451526,0.4885286111111111,128.6265711111111,False,False,False,SLA Violated
Resolved,3917,Medium,Chat,Purchasing and invoicing,1st line support,Bernard Beckley,2023-12-21 18:53:16,2023-12-22 18:53:16,2023-12-21 18:55:16,2023-12-21 18:53:53.474,Within SLA,2023-12-22 08:13:13.220,Within SLA,,2,,Other,Tier 1,United Kingdom,55.378052,-3.435973,0.010409444444444443,13.332561111111112,False,False,False,Within SLA
Closed,3918,Low,Chat,Product setup,2nd line support,Adolpho Messingham,2023-12-22 08:37:49,2023-12-23 08:37:49,2023-12-22 08:39:49,2023-12-22 08:38:31.022,Within SLA,2023-12-22 14:11:58.378,Within SLA,2023-12-23 11:17:04.205,2,3.0,Ready to use Software,Tier 2,Slovenia,46.1491664,14.9860106,0.011672777777777777,5.569271666666666,False,False,False,Within SLA
Closed,3919,Low,Chat,Feature request,1st line support,Bernard Beckley,2023-12-22 04:43:16,2023-12-23 04:43:16,2023-12-22 04:45:16,2023-12-22 04:43:27.295,Within SLA,2023-12-25 21:26:47.772,SLA Violated,2023-12-26 09:22:05.271,5,5.0,Custom software development,Tier 1,Slovenia,46.1491664,14.9860106,0.0031375,88.72549222222221,False,False,False,SLA Violated
Resolved,3920,Medium,Phone,Product setup,1st line support,Kristos Westoll,2023-12-22 15:36:22,2023-12-24 15:36:22,2023-12-22 15:38:22,2023-12-22 15:37:12.055,Within SLA,2023-12-23 02:31:56.111,Within SLA,,7,,Ready to use Software,Tier 1,Bulgaria,42.7249925,25.4833039,0.013904166666666667,10.926141944444444,False,False,False,Within SLA
Resolved,3921,High,Email,Bug report,2nd line support,Heather Urry,2023-12-22 02:52:27,2023-12-24 02:52:27,2023-12-22 03:52:27,2023-12-22 03:02:50.822,Within SLA,2023-12-22 17:27:10.720,Within SLA,,2,,Ready to use Software,Tier 2,Italy,43.036776,12.678565,0.17328388888888888,14.578811111111111,False,False,False,Within SLA
Closed,3922,Low,Chat,Feature request,1st line support,Bernard Beckley,2023-12-22 13:17:01,2023-12-23 13:17:01,2023-12-22 13:19:01,2023-12-22 13:17:38.906,Within SLA,2023-12-28 12:58:08.130,SLA Violated,2023-12-29 19:25:45.472,5,3.0,Ready to use Software,Tier 1,Germany,51.165691,10.451526,0.010529444444444444,143.68531388888889,False,False,False,SLA Violated
Resolved,3923,Low,Chat,Product setup,1st line support,Sheela Cutten,2023-12-22 13:30:59,2023-12-23 13:30:59,2023-12-22 13:32:59,2023-12-22 13:31:20.133,Within SLA,2023-12-24 23:42:52.189,SLA Violated,,8,,Ready to use Software,Tier 1,Czech Republic,49.8037633,15.4749126,0.005870277777777777,58.19810805555556,False,False,False,SLA Violated
Closed,3924,Medium,Email,Feature request,1st line support,Connor Danielovitch,2023-12-22 17:12:34,2023-12-24 17:12:34,2023-12-22 18:12:34,2023-12-22 17:51:35.154,Within SLA,2023-12-23 15:17:19.241,Within SLA,2023-12-26 06:18:55.826,3,5.0,Ready to use Software,Tier 1,France,48.864716,2.349014,0.6503205555555556,22.07923361111111,False,False,False,Within SLA
Closed,3925,Low,Email,Product setup,1st line support,Sheela Cutten,2023-12-22 22:04:33,2023-12-24 22:04:33,2023-12-22 23:04:33,2023-12-22 22:40:04.464,Within SLA,2023-12-22 22:40:28.907,Within SLA,2023-12-24 19:21:46.318,3,4.0,Ready to use Software,Tier 1,Germany,51.165691,10.451526,0.5920733333333333,0.5988630555555556,False,False,False,Within SLA
Closed,3926,Low,Email,Product setup,1st line support,Bernard Beckley,2023-12-22 07:38:22,2023-12-24 07:38:22,2023-12-22 08:38:22,2023-12-22 08:27:20.847,Within SLA,2023-12-23 09:42:15.155,Within SLA,2023-12-26 02:25:59.347,1,5.0,Other,Tier 1,Bulgaria,42.7249925,25.4833039,0.816346388888889,26.064765277777777,False,False,False,Within SLA
Closed,3927,Low,Email,Purchasing and invoicing,1st line support,Bernard Beckley,2023-12-22 11:16:19,2023-12-24 11:16:19,2023-12-22 12:16:19,2023-12-22 11:50:50.817,Within SLA,2023-12-23 02:27:36.179,Within SLA,2023-12-29 00:45:39.678,6,4.0,Ready to use Software,Tier 1,Germany,51.165691,10.451526,0.5755047222222223,15.188105277777776,False,False,False,Within SLA
Resolved,3928,Medium,Email,Feature request,1st line support,Connor Danielovitch,2023-12-23 09:16:43,2023-12-25 09:16:43,2023-12-23 10:16:43,2023-12-23 09:20:59.571,Within SLA,2023-12-24 13:55:13.649,Within SLA,,3,,Other,Tier 1,Czech Republic,49.8037633,15.4749126,0.07126972222222223,28.641846944444445,False,False,False,Within SLA
Closed,3929,Medium,Chat,Purchasing and invoicing,1st line support,Kristos Westoll,2023-12-23 00:25:38,2023-12-24 00:25:38,2023-12-23 00:27:38,2023-12-23 00:25:45.514,Within SLA,2023-12-23 15:42:40.146,Within SLA,2023-12-23 14:10:52.684,6,4.0,Ready to use Software,Tier 1,United Kingdom,55.378052,-3.435973,0.002087222222222222,15.283929444444444,False,False,False,Within SLA
Closed,3930,High,Chat,Feature request,2nd line support,Michele Whyatt,2023-12-23 04:29:19,2023-12-24 04:29:19,2023-12-23 04:31:19,2023-12-23 04:30:52.987,Within SLA,2023-12-25 09:21:42.230,SLA Violated,2023-12-26 14:55:26.133,4,2.0,Other,Tier 2,Republic of Ireland,53.094024,-8.019675,0.0261075,52.87311944444445,False,False,False,SLA Violated
Resolved,3965,Medium,Chat,Pricing and licensing,1st line support,Connor Danielovitch,2023-12-27 15:48:43,2023-12-28 15:48:43,2023-12-27 15:50:43,2023-12-27 15:49:37.027,Within SLA,2023-12-28 09:27:59.783,Within SLA,,8,,Ready to use Software,Tier 1,Republic of Ireland,53.094024,-8.019675,0.0150075,17.654661944444445,False,False,False,Within SLA
Resolved,3966,High,Email,Bug report,1st line support,Nicola Wane,2023-12-27 11:10:03,2023-12-29 11:10:03,2023-12-27 12:10:03,2023-12-27 12:08:54.565,Within SLA,2024-01-01 12:19:05.866,SLA Violated,,7,,Custom software development,Tier 1,Germany,51.165691,10.451526,0.9809902777777778,121.1507961111111,False,False,False,SLA Violated
Resolved,3967,Low,Email,Product setup,2nd line support,Adolpho Messingham,2023-12-27 20:16:47,2023-12-29 20:16:47,2023-12-27 21:16:47,2023-12-27 21:02:43.926,Within SLA,2023-12-29 06:38:03.940,Within SLA,,6,,Custom software development,Tier 2,United Kingdom,55.378052,-3.435973,0.7658127777777778,34.354705555555554,False,False,False,Within SLA
Closed,3968,Low,Email,Product setup,1st line support,Kristos Westoll,2023-12-27 04:33:46,2023-12-29 04:33:46,2023-12-27 05:33:46,2023-12-27 04:43:33.264,Within SLA,2023-12-29 04:04:43.761,Within SLA,2023-12-28 14:27:50.013,9,3.0,Ready to use Software,Tier 1,Austria,47.6964719,13.3457347,0.16312888888888888,47.51604472222222,False,False,False,Within SLA
Resolved,3971,High,Chat,Product setup,1st line support,Sheela Cutten,2023-12-27 19:22:36,2023-12-28 19:22:36,2023-12-27 19:24:36,2023-12-27 19:24:55.332,SLA Violated,2023-12-31 03:55:48.905,SLA Violated,,2,,Custom software development,Tier 1,Italy,43.036776,12.678565,0.03870333333333333,80.55358472222223,False,False,False,SLA Violated
Resolved,3972,High,Chat,Product setup,2nd line support,Adolpho Messingham,2023-12-27 18:55:02,2023-12-28 18:55:02,2023-12-27 18:57:02,2023-12-27 18:56:28.678,Within SLA,2023-12-27 19:43:53.051,Within SLA,,2,,Ready to use Software,Tier 2,Austria,47.6964719,13.3457347,0.024077222222222222,0.8141808333333334,False,False,False,Within SLA
Closed,3973,High,Email,Pricing and licensing,1st line support,Nicola Wane,2023-12-27 15:22:32,2023-12-29 15:22:32,2023-12-27 16:22:32,2023-12-27 15:42:15.538,Within SLA,2023-12-28 03:26:42.664,Within SLA,2023-12-29 23:38:36.857,5,2.0,Other,Tier 1,Italy,43.036776,12.678565,0.32876055555555556,12.069628888888888,False,False,False,Within SLA
Closed,3975,High,Email,Product setup,2nd line support,Michele Whyatt,2023-12-28 19:21:47,2023-12-30 19:21:47,2023-12-28 20:21:47,2023-12-28 20:01:13.146,Within SLA,2023-12-30 12:00:19.058,Within SLA,2023-12-30 04:11:11.071,10,5.0,Ready to use Software,Tier 2,United Kingdom,55.378052,-3.435973,0.6572627777777779,40.64223833333333,False,False,False,Within SLA
Resolved,3976,Medium,Chat,Feature request,1st line support,Bernard Beckley,2023-12-28 12:19:41,2023-12-29 12:19:41,2023-12-28 12:21:41,2023-12-28 12:21:15.394,Within SLA,2023-12-29 20:10:29.997,SLA Violated,,6,,Custom software development,Tier 1,Germany,51.165691,10.451526,0.026220555555555556,31.84694361111111,False,False,False,SLA Violated
Closed,3978,Low,Email,Feature request,1st line support,Bernard Beckley,2023-12-29 21:30:01,2023-12-31 21:30:01,2023-12-29 22:30:01,2023-12-29 22:28:35.040,Within SLA,2023-12-30 03:38:04.871,Within SLA,2024-01-01 22:24:55.622,1,2.0,Custom software development,Tier 1,Poland,52.536273,19.050639,0.9761222222222222,6.134408611111111,False,False,False,Within SLA
Closed,3979,Low,Email,Pricing and licensing,2nd line support,Michele Whyatt,2023-12-29 14:27:25,2023-12-31 14:27:25,2023-12-29 15:27:25,2023-12-29 14:40:41.413,Within SLA,2023-12-29 22:06:24.311,Within SLA,2023-12-31 23:55:57.414,1,3.0,Ready to use Software,Tier 2,United Kingdom,55.378052,-3.435973,0.22122583333333334,7.649808611111111,False,False,False,Within SLA
Resolved,3981,Low,Chat,Bug report,1st line support,Sheela Cutten,2023-12-29 14:59:36,2023-12-30 14:59:36,2023-12-29 15:01:36,2023-12-29 15:00:30.285,Within SLA,2023-12-31 15:48:35.260,SLA Violated,,6,,Ready to use Software,Tier 1,United Kingdom,55.378052,-3.435973,0.015079166666666666,48.81646111111112,False,False,False,SLA Violated
Closed,3982,High,Email,Feature request,1st line support,Bernard Beckley,2023-12-29 16:43:21,2023-12-31 16:43:21,2023-12-29 17:43:21,2023-12-29 17:11:24.429,Within SLA,2024-01-01 16:20:50.792,SLA Violated,2024-01-02 15:41:48.588,1,4.0,Ready to use Software,Tier 1,Germany,51.165691,10.451526,0.4676191666666667,71.62494222222222,False,False,False,SLA Violated
Resolved,3983,High,Email,Product setup,1st line support,Bernard Beckley,2023-12-29 12:16:43,2023-12-31 12:16:43,2023-12-29 13:16:43,2023-12-29 12:59:58.721,Within SLA,2023-12-30 14:40:52.586,Within SLA,,7,,Ready to use Software,Tier 1,Greece,39.368279,21.863141,0.7210336111111111,26.402662777777778,False,False,False,Within SLA
Resolved,3984,Medium,Chat,Bug report,1st line support,Bernard Beckley,2023-12-29 14:00:44,2023-12-30 14:00:44,2023-12-29 14:02:44,2023-12-29 14:02:10.732,Within SLA,2023-12-30 13:29:16.566,Within SLA,,5,,Ready to use Software,Tier 1,Spain,39.67337,-4.767726,0.024092222222222223,23.47571277777778,False,False,False,Within SLA
Closed,3985,Low,Chat,Feature request,2nd line support,Adolpho Messingham,2023-12-29 16:29:15,2023-12-30 16:29:15,2023-12-29 16:31:15,2023-12-29 16:31:38.378,SLA Violated,2023-12-30 12:10:38.222,Within SLA,2024-01-02 07:37:59.534,6,4.0,Custom software development,Tier 2,Slovenia,46.1491664,14.9860106,0.039827222222222215,19.689783888888886,False,False,False,Within SLA
In progress,3986,High,Email,Purchasing and invoicing,1st line support,Sheela Cutten,2023-12-29 21:52:38,2023-12-31 21:52:38,2023-12-29 22:52:38,2023-12-29 22:46:57.815,Within SLA,,Within SLA,,1,,Training and Consulting Services,Tier 1,Slovenia,46.1491664,14.9860106,0.9055041666666667,,False,False,True,
Resolved,3987,Low,Chat,Product setup,2nd line support,Heather Urry,2023-12-29 15:20:30,2023-12-30 15:20:30,2023-12-29 15:22:30,2023-12-29 15:22:17.036,Within SLA,2023-12-30 09:05:38.413,Within SLA,,6,,Custom software development,Tier 2,France,48.864716,2.349014,0.029732222222222222,17.752336944444444,False,False,False,Within SLA
Resolved,3988,Low,Email,Product setup,1st line support,Connor Danielovitch,2023-12-29 03:33:04,2023-12-31 03:33:04,2023-12-29 04:33:04,2023-12-29 04:29:37.420,Within SLA,2023-12-30 18:38:54.682,Within SLA,,1,,Ready to use Software,Tier 1,Spain,39.67337,-4.767726,0.9426166666666667,39.097411666666666,False,False,False,Within SLA
Resolved,3996,Medium,Email,Pricing and licensing,1st line support,Connor Danielovitch,2023-12-30 03:11:44,2024-01-01 03:11:44,2023-12-30 04:11:44,2023-12-30 04:09:58.671,Within SLA,2023-12-30 20:49:05.132,Within SLA,,1,,Custom software development,Tier 1,Slovenia,46.1491664,14.9860106,0.9707419444444444,17.622536666666665,False,False,False,Within SLA
Resolved,3997,High,Email,Feature request,2nd line support,Michele Whyatt,2023-12-30 04:51:54,2024-01-01 04:51:54,2023-12-30 05:51:54,2023-12-30 04:54:26.957,Within SLA,2024-01-04 05:39:41.133,SLA Violated,,1,,Other,Tier 2,Republic of Ireland,53.094024,-8.019675,0.04248805555555556,120.79642583333333,False,False,False,SLA Violated
Resolved,3998,Low,Email,Product setup,1st line support,Kristos Westoll,2023-12-30 13:16:56,2024-01-01 13:16:56,2023-12-30 14:16:56,2023-12-30 13:53:21.103,Within SLA,2023-12-31 23:25:16.816,Within SLA,,10,,Custom software development,Tier 1,Republic of Ireland,53.094024,-8.019675,0.6069730555555556,34.139115555555556,False,False,False,Within SLA
Resolved,3999,High,Email,Feature request,1st line support,Sheela Cutten,2023-12-30 19:49:51,2024-01-01 19:49:51,2023-12-30 20:49:51,2023-12-30 20:18:08.199,Within SLA,2024-01-01 10:17:15.196,Within SLA,,2,,Custom software development,Tier 1,Germany,51.165691,10.451526,0.47144416666666666,38.45672111111111,False,False,False,Within SLA
